{
  "name" : "amhs_gasoline_pulverizer",
  "type": "Gun",
  "maxAmmoCapacity" : 128,
  "maxAmmoPerReloadIteration" : 150,
  "compatibleAmmo" : ["ammocreative", "energy_capsule"],
  "pelletCount" : 8,
  "pelletSpread" : 0.06969,
  "damage" : 12.696,
  "rpm" : 360,
  "reloadCooldownDuration" : 7500,
  "fireModes" : ["SINGLE", "BURST", "AUTOMATIC"],
  "fireSound" : "amhs_gasoline_pulverizer",
  "drawCooldownDuration" : 1500,
  "aimingZoom" : 0.025,
  "gunRecoilInitialAmplitude" : 1.12,
  "shakeRecoilAmplitude" : 1.34,
  "shakeRecoilSpeed" : 6.55,
  "viewRecoilAmplitude" : 7.8,
  "inspectCooldownDuration": 5600,
  "muzzleFlashScale" : 2,
  "phasedReloads": [
    {
      "phase": "RELOADING",
      "condition": "reloadIterationIndex == 0",
      "duration": 8700,
      "animation": "animation.model.reloadempty",
      "shakeEffects": [
        {
          "start": 0,
          "duration": 1500,
          "initialAmplitude": 0.2,
          "rateOfAmplitudeDecay": 0.8
        },
        {
          "start": 250,
          "duration": 1000,
          "initialAmplitude": 0.2,
          "rateOfAmplitudeDecay": 0.5
        },
        {
          "start": 800,
          "duration": 1000,
          "initialAmplitude": 0.15,
          "rateOfAmplitudeDecay": 0.5
        },
        {
          "start": 1100,
          "duration": 600,
          "initialAmplitude": 0.2,
          "rateOfAmplitudeDecay": 0.3
        },
        {
          "start": 1600,
          "duration": 400,
          "initialAmplitude": 0.35,
          "rateOfAmplitudeDecay": 0.3
        }
      ]
    },
    {
      "phase": "RELOADING",
      "condition": "reloadIterationIndex > 0",
      "duration": 8330,
      "animation": "animation.model.reload",						
      "shakeEffects": [
        {
          "start": 0,
          "duration": 1500,
          "initialAmplitude": 0.2,
          "rateOfAmplitudeDecay": 0.8
        },
        {
          "start": 600,
          "duration": 1000,
          "initialAmplitude": 0.15,
          "rateOfAmplitudeDecay": 0.5
        },
        {
          "start": 900,
          "duration": 800,
          "initialAmplitude": 0.17,
          "rateOfAmplitudeDecay": 0.5
        },
        {
          "start": 1000,
          "duration": 400,
          "initialAmplitude": 0.22,
          "rateOfAmplitudeDecay": 0.6
        }
      ]
    }
  ]
}