{
  "name" : "m3k-4",
  "type": "Gun",
  "maxAmmoCapacity" : 256,
  "compatibleAmmo" : ["ammocreative", "energy_capsule"],
  "damage" : 7.0,
  "rpm" : 1000,
  "fireModes" : ["AUTOMATIC", "SINGLE", "BURST"],
  "fireSound" : "m3k-4",
  "drawCooldownDuration" : 650,
  "aimingZoom" : 0.25,
  "gunRecoilInitialAmplitude" : 0.8,
  "shakeRecoilAmplitude" : 0.969,
  "shakeRecoilSpeed" : 1.25,
  "viewRecoilAmplitude" : 1,
  "inspectCooldownDuration": 4235,
  "reticleOverlay": "textures/item/reticle_circle.png",
  "phasedReloads": [
    {
      "phase": "RELOADING",
      "condition": "reloadIterationIndex == 0",
      "duration": 3000,
      "animation": "animation.model.reloadempty",
      "shakeEffects": [
        {
          "start": 0,
          "duration": 1500,
          "initialAmplitude": 0.4,
          "rateOfAmplitudeDecay": 0.8
        },
        {
          "start": 330,
          "duration": 1000,
          "initialAmplitude": 0.4,
          "rateOfAmplitudeDecay": 0.5
        },
        {
          "start": 1290,
          "duration": 1000,
          "initialAmplitude": 0.25,
          "rateOfAmplitudeDecay": 0.5
        },
        {
          "start": 2000,
          "duration": 600,
          "initialAmplitude": 0.4,
          "rateOfAmplitudeDecay": 0.3
        },
        {
          "start": 2330,
          "duration": 400,
          "initialAmplitude": 0.3,
          "rateOfAmplitudeDecay": 0.45
        },
        {
          "start": 2670,
          "duration": 300,
          "initialAmplitude": 0.2,
          "rateOfAmplitudeDecay": 0.3
        },
        {
          "start": 2830,
          "duration": 300,
          "initialAmplitude": 0.1,
          "rateOfAmplitudeDecay": 0.1
        },
        {
          "start": 3000,
          "duration": 400,
          "initialAmplitude": 0.2,
          "rateOfAmplitudeDecay": 0.3
        }
      ]
    },
    {
      "phase": "RELOADING",
      "condition": "reloadIterationIndex > 0",
      "duration": 2420,
      "animation": "animation.model.reload",
      "shakeEffects": [
        {
          "start": 0,
          "duration": 1500,
          "initialAmplitude": 0.4,
          "rateOfAmplitudeDecay": 0.8
        },
        {
          "start": 330,
          "duration": 1000,
          "initialAmplitude": 0.4,
          "rateOfAmplitudeDecay": 0.5
        },
        {
          "start": 1290,
          "duration": 1000,
          "initialAmplitude": 0.25,
          "rateOfAmplitudeDecay": 0.5
        },
        {
          "start": 2000,
          "duration": 600,
          "initialAmplitude": 0.4,
          "rateOfAmplitudeDecay": 0.3
        },
        {
          "start": 2250,
          "duration": 400,
          "initialAmplitude": 0.2,
          "rateOfAmplitudeDecay": 0.3
        }
      ]
    }

  ]
}