{
  "name" : "rc2_jqmg",
  "type": "Gun",
  "maxAmmoCapacity" : 128,
  "compatibleAmmo" : ["ammocreative", "energy_pack"],
  "damage" : 4.0,
  "rpm" : 600,
  "fireModes" : ["AUTOMATIC"],
  "fireSound" : "rc2_jqmg",
  "drawCooldownDuration" : 750,
  "aimingZoom" : 0.5,
  "gunRecoilInitialAmplitude" : 0.4,
  "shakeRecoilAmplitude" : 0.74,
  "shakeRecoilSpeed" : 1.175,
  "viewRecoilAmplitude" : 1.15,
  "inspectCooldownDuration": 4234,
  "reticleOverlay": "textures/item/rc2_jqmg_reticle.png",
  "phasedReloads": [
    {
      "phase": "RELOADING",
      "condition": "reloadIterationIndex == 0",
      "duration": 1668,
      "animation": "animation.model.reloadempty",
      "shakeEffects": [
        {
          "start": 0,
          "duration": 1500,
          "initialAmplitude": 0.4,
          "rateOfAmplitudeDecay": 0.8
        },
        {
          "start": 250,
          "duration": 1000,
          "initialAmplitude": 0.4,
          "rateOfAmplitudeDecay": 0.5
        },
        {
          "start": 800,
          "duration": 1000,
          "initialAmplitude": 0.25,
          "rateOfAmplitudeDecay": 0.5
        },
        {
          "start": 930,
          "duration": 600,
          "initialAmplitude": 0.8,
          "rateOfAmplitudeDecay": 0.4
        },
        {
          "start": 1200,
          "duration": 600,
          "initialAmplitude": 0.4,
          "rateOfAmplitudeDecay": 0.3
        },
        {
          "start": 1470,
          "duration": 600,
          "initialAmplitude": 0.5,
          "rateOfAmplitudeDecay": 0.4
        },
        {
          "start": 1600,
          "duration": 400,
          "initialAmplitude": 0.7,
          "rateOfAmplitudeDecay": 0.3
        }
      ]
    },
    {
      "phase": "RELOADING",
      "condition": "reloadIterationIndex > 0",
      "duration": 1334,
      "animation": "animation.model.reload",
      "shakeEffects": [
        {
          "start": 0,
          "duration": 1500,
          "initialAmplitude": 0.4,
          "rateOfAmplitudeDecay": 0.8
        },
        {
          "start": 250,
          "duration": 1000,
          "initialAmplitude": 0.4,
          "rateOfAmplitudeDecay": 0.5
        },
        {
          "start": 800,
          "duration": 1000,
          "initialAmplitude": 0.25,
          "rateOfAmplitudeDecay": 0.5
        },
        {
          "start": 930,
          "duration": 600,
          "initialAmplitude": 0.8,
          "rateOfAmplitudeDecay": 0.4
        },
        {
          "start": 1200,
          "duration": 600,
          "initialAmplitude": 0.4,
          "rateOfAmplitudeDecay": 0.3
        },
        {
          "start": 1470,
          "duration": 600,
          "initialAmplitude": 0.5,
          "rateOfAmplitudeDecay": 0.4
        },
        {
          "start": 1600,
          "duration": 400,
          "initialAmplitude": 0.7,
          "rateOfAmplitudeDecay": 0.3
        }
      ]
    }

  ]
}