{
  "name" : "rr-x",
  "type": "Gun",
  "maxAmmoCapacity" : 8,
  "compatibleAmmo" : ["ammocreative", "energy_pack"],
  "damage" : 4.0,
  "rpm" : 120,
  "fireModes" : ["SINGLE"],
  "fireSound" : "rr-x",
  "drawCooldownDuration" : 1250,
  "aimingZoom" : 0.175,
  "gunRecoilInitialAmplitude" : 0.4,
  "shakeRecoilAmplitude" : 0.74,
  "shakeRecoilSpeed" : 1.175,
  "viewRecoilAmplitude" : 1.15,
  "inspectCooldownDuration": 5500,
  "reticleOverlay": "textures/item/reticle_dot.png",
  "muzzleFlashScale" : 1.25,
  "phasedReloads": [
    {
      "phase": "RELOADING",
      "condition": "reloadIterationIndex == 0",
      "duration": 2150,
      "animation": "animation.model.reloadempty",
      "shakeEffects": [
        {
          "start": 0,
          "duration": 500,
          "initialAmplitude": 0.4,
          "rateOfAmplitudeDecay": 0.8
        },
        {
          "start": 250,
          "duration": 1000,
          "initialAmplitude": 0.4,
          "rateOfAmplitudeDecay": 0.5
        },
        {
          "start": 750,
          "duration": 1000,
          "initialAmplitude": 0.25,
          "rateOfAmplitudeDecay": 0.5
        },
        {
          "start": 930,
          "duration": 600,
          "initialAmplitude": 0.4,
          "rateOfAmplitudeDecay": 0.2
        },
        {
          "start": 1130,
          "duration": 600,
          "initialAmplitude": 0.8,
          "rateOfAmplitudeDecay": 0.4
        },
        {
          "start": 1460,
          "duration": 600,
          "initialAmplitude": 0.5,
          "rateOfAmplitudeDecay": 0.4
        },
        {
          "start": 1960,
          "duration": 200,
          "initialAmplitude": 0.2,
          "rateOfAmplitudeDecay": 0.2
        }
      ]
    },
    {
      "phase": "RELOADING",
      "condition": "reloadIterationIndex > 0",
      "duration": 2050,
      "animation": "animation.model.reload",
      "shakeEffects": [
        {
          "start": 0,
          "duration": 500,
          "initialAmplitude": 0.4,
          "rateOfAmplitudeDecay": 0.8
        },
        {
          "start": 250,
          "duration": 1000,
          "initialAmplitude": 0.4,
          "rateOfAmplitudeDecay": 0.5
        },
        {
          "start": 750,
          "duration": 1000,
          "initialAmplitude": 0.25,
          "rateOfAmplitudeDecay": 0.5
        },
        {
          "start": 930,
          "duration": 600,
          "initialAmplitude": 0.4,
          "rateOfAmplitudeDecay": 0.2
        },
        {
          "start": 1130,
          "duration": 600,
          "initialAmplitude": 0.8,
          "rateOfAmplitudeDecay": 0.4
        },
        {
          "start": 1460,
          "duration": 600,
          "initialAmplitude": 0.5,
          "rateOfAmplitudeDecay": 0.4
        },
        {
          "start": 1960,
          "duration": 200,
          "initialAmplitude": 0.2,
          "rateOfAmplitudeDecay": 0.2
        }
      ]
    }

  ]
}