{
  "name" : "rr-x_akimbo",
  "type": "Gun",
  "maxAmmoCapacity" : 8,
  "compatibleAmmo" : ["ammocreative", "energy_pack"],
  "pelletCount" : 2,
  "pelletSpread" : 0.002,
  "damage" : 4.0,
  "rpm" : 120,
  "fireModes" : ["SINGLE"],
  "fireSound" : "rr-x",
  "drawCooldownDuration" : 1625,
  "aimingZoom" : 0.175,
  "gunRecoilInitialAmplitude" : 0.8,
  "shakeRecoilAmplitude" : 0.94,
  "shakeRecoilSpeed" : 1.175,
  "viewRecoilAmplitude" : 1.35,
  "inspectCooldownDuration": 5250,
  "muzzleFlashScale" : 1.25,
  "phasedReloads": [
    {
      "phase": "RELOADING",
      "condition": "reloadIterationIndex == 0",
      "duration": 2750,
      "animation": "animation.model.reloadempty",
      "shakeEffects": [
        {
          "start": 0,
          "duration": 500,
          "initialAmplitude": 0.4,
          "rateOfAmplitudeDecay": 0.8
        },
        {
          "start": 250,
          "duration": 1000,
          "initialAmplitude": 0.6,
          "rateOfAmplitudeDecay": 0.5
        },
        {
          "start": 750,
          "duration": 1000,
          "initialAmplitude": 0.25,
          "rateOfAmplitudeDecay": 0.5
        },
        {
          "start": 1130,
          "duration": 600,
          "initialAmplitude": 0.175,
          "rateOfAmplitudeDecay": 0.2
        },
        {
          "start": 1500,
          "duration": 600,
          "initialAmplitude": 0.5,
          "rateOfAmplitudeDecay": 0.4
        },
        {
          "start": 1750,
          "duration": 600,
          "initialAmplitude": 0.5,
          "rateOfAmplitudeDecay": 0.4
        },
        {
          "start": 2500,
          "duration": 200,
          "initialAmplitude": 0.2,
          "rateOfAmplitudeDecay": 0.2
        }
      ]
    },
    {
      "phase": "RELOADING",
      "condition": "reloadIterationIndex > 0",
      "duration": 2750,
      "animation": "animation.model.reload",
      "shakeEffects": [
        {
          "start": 0,
          "duration": 500,
          "initialAmplitude": 0.4,
          "rateOfAmplitudeDecay": 0.8
        },
        {
          "start": 250,
          "duration": 1000,
          "initialAmplitude": 0.6,
          "rateOfAmplitudeDecay": 0.5
        },
        {
          "start": 750,
          "duration": 1000,
          "initialAmplitude": 0.25,
          "rateOfAmplitudeDecay": 0.5
        },
        {
          "start": 1130,
          "duration": 600,
          "initialAmplitude": 0.175,
          "rateOfAmplitudeDecay": 0.2
        },
        {
          "start": 1500,
          "duration": 600,
          "initialAmplitude": 0.5,
          "rateOfAmplitudeDecay": 0.4
        },
        {
          "start": 1750,
          "duration": 600,
          "initialAmplitude": 0.5,
          "rateOfAmplitudeDecay": 0.4
        },
        {
          "start": 2500,
          "duration": 200,
          "initialAmplitude": 0.2,
          "rateOfAmplitudeDecay": 0.2
        }
      ]
    }

  ]
}