{
	"format_version": "1.12.0",
	"minecraft:geometry": [
		{
			"description": {
				"identifier": "geometry.unknown",
				"texture_width": 45,
				"texture_height": 45,
				"visible_bounds_width": 8,
				"visible_bounds_height": 4,
				"visible_bounds_offset": [0, 1, 0]
			},
			"bones": [
				{
					"name": "ammo",
					"pivot": [1, 6.75, -11.65],
					"cubes": [
						{"origin": [-1.3, 0, -6.375], "size": [7, 6, 13], "pivot": [4.7, 3, -8.375], "rotation": [0, -13.5, 0], "uv": [0, 0]},
						{"origin": [-1.05, 0, -9.375], "size": [6.5, 5, 3], "pivot": [4.7, 3, -8.375], "rotation": [0, -13.5, 0], "uv": [0, 19]}
					]
				}
			]
		}
	]
}