{
	"format_version": "1.12.0",
	"minecraft:geometry": [
		{
			"description": {
				"identifier": "geometry.unknown",
				"texture_width": 87,
				"texture_height": 87,
				"visible_bounds_width": 8,
				"visible_bounds_height": 4,
				"visible_bounds_offset": [0, 1, 0]
			},
			"bones": [
				{
					"name": "main",
					"pivot": [0, 23.3, 6.3]
				},
				{
					"name": "gun",
					"parent": "main",
					"pivot": [0.784, 16.3665, 3.41613],
					"cubes": [
						{
							"origin": [-1.51236, 14.4223, 0.59089],
							"size": [3.04, 11.856, 5.32],
							"pivot": [0.00764, 20.3503, 3.25089],
							"rotation": [17.08474, 0, 0],
							"uv": {
								"north": {"uv": [3, 16], "uv_size": [4, 15.625]},
								"east": {"uv": [0, 0], "uv_size": [7, 15.625]},
								"south": {"uv": [7, 16], "uv_size": [4, 15.625]},
								"west": {"uv": [7, 0], "uv_size": [7, 15.6]},
								"up": {"uv": [13, 25], "uv_size": [4, 7]},
								"down": {"uv": [3, 39], "uv_size": [4, -7]}
							}
						},
						{
							"origin": [-1.477, 22.60651, 4.21376],
							"size": [2.964, 3.116, 1.444],
							"pivot": [0.00766, 24.16451, 4.70776],
							"rotation": [-20.41804, 0, 0],
							"uv": {
								"north": {"uv": [41, 16], "uv_size": [4, 4.125]},
								"east": {"uv": [17, 48], "uv_size": [1.875, 4.125]},
								"south": {"uv": [27, 42], "uv_size": [4, 4.125]},
								"west": {"uv": [49, 4], "uv_size": [1.9, 4.1]},
								"up": {"uv": [49, 9], "uv_size": [4, 1.875]},
								"down": {"uv": [49, 12.875], "uv_size": [4, -1.875]}
							}
						},
						{
							"origin": [-0.57, 19.5745, -7.36187],
							"size": [1.188, 4.684, 0.808],
							"inflate": -0.1,
							"pivot": [0.024, 22.3345, -6.95787],
							"rotation": [30, 0, 0],
							"uv": {
								"north": {"uv": [47, 11], "uv_size": [1.5, 6.125]},
								"east": {"uv": [13, 16], "uv_size": [1, 6.125]},
								"south": {"uv": [21, 47], "uv_size": [1.5, 6.125]},
								"west": {"uv": [5, 51], "uv_size": [1, 6.1]},
								"up": {"uv": [56, 57], "uv_size": [1.5, 1]},
								"down": {"uv": [57, 57], "uv_size": [1.5, -1]}
							}
						},
						{
							"origin": [-0.532, 22.44581, -7.69066],
							"size": [1.112, 2.784, 0.808],
							"inflate": -0.1,
							"pivot": [0.024, 23.83781, -7.28666],
							"rotation": [-90, -0.1, 0],
							"uv": {
								"north": {"uv": [29, 52], "uv_size": [1.5, 3.625]},
								"east": {"uv": [39, 52], "uv_size": [1, 3.625]},
								"south": {"uv": [36, 52], "uv_size": [1.5, 3.625]},
								"west": {"uv": [2, 53], "uv_size": [1, 3.6]},
								"up": {"uv": [58, 4], "uv_size": [1.5, 1]},
								"down": {"uv": [58, 6], "uv_size": [1.5, -1]}
							}
						},
						{
							"origin": [-0.532, 22.66242, -6.73877],
							"size": [1.112, 1.188, 0.808],
							"inflate": -0.1,
							"pivot": [0.024, 23.82642, -6.33477],
							"rotation": [-55, 0, 0],
							"uv": {
								"north": {"uv": [56, 30], "uv_size": [1.5, 1.5]},
								"east": {"uv": [5, 58], "uv_size": [1, 1.5]},
								"south": {"uv": [36, 56], "uv_size": [1.5, 1.5]},
								"west": {"uv": [58, 6], "uv_size": [1, 1.5]},
								"up": {"uv": [7, 58], "uv_size": [1.5, 1]},
								"down": {"uv": [58, 9], "uv_size": [1.5, -1]}
							}
						},
						{
							"origin": [-0.532, 22.66242, -8.63877],
							"size": [1.112, 1.188, 0.808],
							"inflate": -0.1,
							"pivot": [0.024, 23.82642, -8.23477],
							"rotation": [55, 0, 0],
							"uv": {
								"north": {"uv": [56, 40], "uv_size": [1.5, 1.5]},
								"east": {"uv": [9, 58], "uv_size": [1, 1.5]},
								"south": {"uv": [56, 51], "uv_size": [1.5, 1.5]},
								"west": {"uv": [58, 9], "uv_size": [1, 1.5]},
								"up": {"uv": [10, 58], "uv_size": [1.5, 1]},
								"down": {"uv": [12, 59], "uv_size": [1.5, -1]}
							}
						},
						{
							"origin": [-0.5648, 19.76887, -6.00114],
							"size": [1.1928, 0.8128, 4.6888],
							"inflate": -0.11,
							"pivot": [1.2856, 19.79527, -1.11074],
							"rotation": [0, -0.1, 0],
							"uv": {
								"north": {"uv": [52, 57], "uv_size": [1.5, 1]},
								"east": {"uv": [49, 31], "uv_size": [6.125, 1]},
								"south": {"uv": [54, 57], "uv_size": [1.5, 1]},
								"west": {"uv": [51, 6], "uv_size": [6.1, 1]},
								"up": {"uv": [46, 46], "uv_size": [1.5, 6.125]},
								"down": {"uv": [47, 10.125], "uv_size": [1.5, -6.125]}
							}
						},
						{
							"origin": [-1.23, 24.6505, 4.55613],
							"size": [2.508, 0.456, 2.66],
							"uv": {
								"north": {"uv": [57, 0], "uv_size": [3.25, 0.625]},
								"east": {"uv": [56, 54], "uv_size": [3.5, 0.625]},
								"south": {"uv": [57, 1], "uv_size": [3.25, 0.625]},
								"west": {"uv": [56, 55], "uv_size": [3.5, 0.6]},
								"up": {"uv": [43, 4], "uv_size": [3.25, 3.5]},
								"down": {"uv": [43, 11.5], "uv_size": [3.25, -3.5]}
							}
						},
						{
							"origin": [-1.22896, 21.59132, 6.35522],
							"size": [2.50896, 3.49696, 0.53296],
							"inflate": -0.002,
							"pivot": [1.27952, 24.64946, 6.76201],
							"rotation": [-74, 0, 0],
							"uv": {
								"north": {"uv": [36, 42], "uv_size": [3.25, 4.625]},
								"east": {"uv": [21, 54], "uv_size": [0.75, 4.625]},
								"south": {"uv": [40, 42], "uv_size": [3.25, 4.625]},
								"west": {"uv": [22, 54], "uv_size": [0.7, 4.6]},
								"up": {"uv": [56, 15], "uv_size": [3.25, 0.75]},
								"down": {"uv": [56, 16.75], "uv_size": [3.25, -0.75]}
							}
						},
						{
							"origin": [-1.22896, 24.35165, 6.1632],
							"size": [2.50896, 1.74896, 0.53296],
							"inflate": -0.002,
							"pivot": [0.02552, 25.22613, 6.23968],
							"rotation": [55.5, 0, 0],
							"uv": {
								"north": {"uv": [49, 13], "uv_size": [3.25, 2.25]},
								"east": {"uv": [2, 57], "uv_size": [0.875, 2.25]},
								"south": {"uv": [49, 24], "uv_size": [3.25, 2.25]},
								"west": {"uv": [57, 12], "uv_size": [0.9, 2.3]},
								"up": {"uv": [55, 2], "uv_size": [3.25, 0.875]},
								"down": {"uv": [55, 3.875], "uv_size": [3.25, -0.875]}
							}
						},
						{
							"origin": [-1.68648, 25.37023, 4.62273],
							"size": [3.42096, 1.44496, 0.91296],
							"inflate": -0.002,
							"pivot": [-0.46848, 26.73871, 5.07921],
							"rotation": [50, 0, 0],
							"uv": {
								"north": {"uv": [41, 21], "uv_size": [4.75, 1.875]},
								"east": {"uv": [19, 56], "uv_size": [1.25, 1.875]},
								"south": {"uv": [46, 21], "uv_size": [4.75, 1.875]},
								"west": {"uv": [56, 21], "uv_size": [1.2, 1.9]},
								"up": {"uv": [51, 27], "uv_size": [4.75, 1.25]},
								"down": {"uv": [51, 30.25], "uv_size": [4.75, -1.25]}
							}
						},
						{
							"origin": [1.05, 25.2205, -12.65787],
							"size": [0.76, 1.9, 18.012],
							"uv": {
								"north": {"uv": [3, 55], "uv_size": [1, 2.5]},
								"east": {"uv": [17, 0], "uv_size": [23.75, 2.5]},
								"south": {"uv": [4, 55], "uv_size": [1, 2.5]},
								"west": {"uv": [17, 3], "uv_size": [23.7, 2.5]},
								"up": {"uv": [13, 32], "uv_size": [1, 23.75]},
								"down": {"uv": [14, 55.75], "uv_size": [1, -23.75]}
							}
						},
						{
							"origin": [-1.686, 25.2205, 3.83413],
							"size": [3.42, 0.988, 2.584],
							"uv": {
								"north": {"uv": [51, 7], "uv_size": [4.75, 1.25]},
								"east": {"uv": [53, 13], "uv_size": [3.375, 1.25]},
								"south": {"uv": [51, 21], "uv_size": [4.75, 1.25]},
								"west": {"uv": [53, 23], "uv_size": [3.4, 1.3]},
								"up": {"uv": [41, 32], "uv_size": [4.75, 3.375]},
								"down": {"uv": [31, 45.375], "uv_size": [4.75, -3.375]}
							}
						},
						{
							"origin": [0.67, 25.3725, -13.03787],
							"size": [0.76, 1.444, 0.532],
							"uv": {
								"north": {"uv": [57, 23], "uv_size": [1, 1.875]},
								"east": {"uv": [58, 12], "uv_size": [0.75, 1.875]},
								"south": {"uv": [57, 25], "uv_size": [1, 1.875]},
								"west": {"uv": [14, 58], "uv_size": [0.7, 1.9]},
								"up": {"uv": [49, 58], "uv_size": [1, 0.75]},
								"down": {"uv": [50, 58.75], "uv_size": [1, -0.75]}
							}
						},
						{
							"origin": [0.67024, 27.04474, -13.03003],
							"size": [0.75952, 1.29152, 0.53152],
							"inflate": 0.001,
							"pivot": [1.81, 26.8925, -10.75787],
							"rotation": [0, 0, -37],
							"uv": {
								"north": {"uv": [28, 57], "uv_size": [1, 1.75]},
								"east": {"uv": [58, 30], "uv_size": [0.75, 1.75]},
								"south": {"uv": [38, 57], "uv_size": [1, 1.75]},
								"west": {"uv": [31, 58], "uv_size": [0.7, 1.7]},
								"up": {"uv": [58, 50], "uv_size": [1, 0.75]},
								"down": {"uv": [51, 58.75], "uv_size": [1, -0.75]}
							}
						},
						{
							"origin": [-1.382, 27.0445, -13.03027],
							"size": [0.76, 1.292, 0.532],
							"pivot": [-1.762, 26.8925, -10.75787],
							"rotation": [0, 0, 37],
							"uv": {
								"north": {"uv": [57, 44], "uv_size": [1, 1.75]},
								"east": {"uv": [32, 58], "uv_size": [0.75, 1.75]},
								"south": {"uv": [57, 46], "uv_size": [1, 1.75]},
								"west": {"uv": [58, 32], "uv_size": [0.7, 1.7]},
								"up": {"uv": [56, 58], "uv_size": [1, 0.75]},
								"down": {"uv": [57, 58.75], "uv_size": [1, -0.75]}
							}
						},
						{
							"origin": [-2.09265, 24.01675, -12.65227],
							"size": [0.76096, 1.06496, 19.07696],
							"inflate": -0.002,
							"pivot": [-2.09217, 25.53723, -12.65939],
							"rotation": [0, 0, -46],
							"uv": {
								"north": {"uv": [58, 21], "uv_size": [1, 1.375]},
								"east": {"uv": [23, 24], "uv_size": [25.125, 1.375]},
								"south": {"uv": [58, 23], "uv_size": [1, 1.375]},
								"west": {"uv": [23, 26], "uv_size": [25.1, 1.4]},
								"up": {"uv": [7, 32], "uv_size": [1, 25.125]},
								"down": {"uv": [8, 57.125], "uv_size": [1, -25.125]}
							}
						},
						{
							"origin": [-1.71265, 24.16875, -13.03227],
							"size": [0.76096, 0.76096, 0.53296],
							"inflate": -0.002,
							"pivot": [-2.09217, 25.53723, -12.27939],
							"rotation": [0, 0, -46],
							"uv": {
								"north": {"uv": [39, 58], "uv_size": [1, 1]},
								"east": {"uv": [59, 2], "uv_size": [0.75, 1]},
								"south": {"uv": [48, 58], "uv_size": [1, 1]},
								"west": {"uv": [59, 3], "uv_size": [0.7, 1]},
								"up": {"uv": [6, 59], "uv_size": [1, 0.75]},
								"down": {"uv": [59, 6.75], "uv_size": [1, -0.75]}
							}
						},
						{
							"origin": [1.16101, 23.92393, -12.65227],
							"size": [0.76096, 1.06496, 19.07696],
							"inflate": -0.002,
							"pivot": [2.14017, 25.23323, -12.65939],
							"rotation": [0, 0, 46],
							"uv": {
								"north": {"uv": [58, 25], "uv_size": [1, 1.375]},
								"east": {"uv": [23, 28], "uv_size": [25.125, 1.375]},
								"south": {"uv": [58, 27], "uv_size": [1, 1.375]},
								"west": {"uv": [23, 30], "uv_size": [25.1, 1.4]},
								"up": {"uv": [9, 32], "uv_size": [1, 25.125]},
								"down": {"uv": [10, 57.125], "uv_size": [1, -25.125]}
							}
						},
						{
							"origin": [0.78101, 24.07593, -13.03227],
							"size": [0.76096, 0.76096, 0.53296],
							"inflate": -0.002,
							"pivot": [2.14017, 25.23323, -12.27939],
							"rotation": [0, 0, 46],
							"uv": {
								"north": {"uv": [53, 15], "uv_size": [1, 1]},
								"east": {"uv": [58, 51], "uv_size": [0.75, 1]},
								"south": {"uv": [37, 58], "uv_size": [1, 1]},
								"west": {"uv": [52, 58], "uv_size": [0.7, 1]},
								"up": {"uv": [58, 52], "uv_size": [1, 0.75]},
								"down": {"uv": [53, 58.75], "uv_size": [1, -0.75]}
							}
						},
						{
							"origin": [-1.762, 25.2205, -12.65787],
							"size": [0.76, 1.9, 18.012],
							"uv": {
								"north": {"uv": [17, 55], "uv_size": [1, 2.5]},
								"east": {"uv": [17, 6], "uv_size": [23.75, 2.5]},
								"south": {"uv": [18, 55], "uv_size": [1, 2.5]},
								"west": {"uv": [17, 9], "uv_size": [23.7, 2.5]},
								"up": {"uv": [15, 32], "uv_size": [1, 23.75]},
								"down": {"uv": [16, 55.75], "uv_size": [1, -23.75]}
							}
						},
						{
							"origin": [-1.382, 25.3725, -13.03787],
							"size": [0.76, 1.444, 0.532],
							"uv": {
								"north": {"uv": [27, 57], "uv_size": [1, 1.875]},
								"east": {"uv": [15, 58], "uv_size": [0.75, 1.875]},
								"south": {"uv": [57, 27], "uv_size": [1, 1.875]},
								"west": {"uv": [16, 58], "uv_size": [0.7, 1.9]},
								"up": {"uv": [58, 57], "uv_size": [1, 0.75]},
								"down": {"uv": [58, 58.75], "uv_size": [1, -0.75]}
							}
						},
						{
							"origin": [-0.58352, 27.04498, -13.03739],
							"size": [1.21504, 0.75904, 0.53104],
							"inflate": 0.002,
							"uv": {
								"north": {"uv": [57, 49], "uv_size": [1.625, 1]},
								"east": {"uv": [54, 58], "uv_size": [0.75, 1]},
								"south": {"uv": [50, 57], "uv_size": [1.625, 1]},
								"west": {"uv": [55, 58], "uv_size": [0.7, 1]},
								"up": {"uv": [44, 58], "uv_size": [1.625, 0.75]},
								"down": {"uv": [58, 44.75], "uv_size": [1.625, -0.75]}
							}
						},
						{
							"origin": [-1.00623, 24.4855, -12.65587],
							"size": [2.05104, 0.75904, 18.99904],
							"inflate": 0.002,
							"uv": {
								"north": {"uv": [55, 9], "uv_size": [2.75, 1]},
								"east": {"uv": [23, 36], "uv_size": [25, 1]},
								"south": {"uv": [55, 10], "uv_size": [2.75, 1]},
								"west": {"uv": [23, 37], "uv_size": [25, 1]},
								"up": {"uv": [14, 0], "uv_size": [2.75, 25]},
								"down": {"uv": [0, 41], "uv_size": [2.75, -25]}
							}
						},
						{
							"origin": [-0.85423, 24.8655, -13.03587],
							"size": [1.74704, 0.75904, 0.53104],
							"inflate": 0.002,
							"uv": {
								"north": {"uv": [56, 53], "uv_size": [2.25, 1]},
								"east": {"uv": [7, 59], "uv_size": [0.75, 1]},
								"south": {"uv": [54, 56], "uv_size": [2.25, 1]},
								"west": {"uv": [59, 7], "uv_size": [0.7, 1]},
								"up": {"uv": [57, 29], "uv_size": [2.25, 0.75]},
								"down": {"uv": [57, 48.75], "uv_size": [2.25, -0.75]}
							}
						},
						{
							"origin": [-1.22464, 26.01201, -13.17477],
							"size": [0.64772, 0.57172, 8.55172],
							"inflate": -0.002,
							"pivot": [0.024, 26.3127, -8.90537],
							"rotation": [0, 0, -46],
							"uv": {
								"north": {"uv": [10, 59], "uv_size": [0.875, 0.75]},
								"east": {"uv": [46, 35], "uv_size": [11.25, 0.75]},
								"south": {"uv": [59, 10], "uv_size": [0.875, 0.75]},
								"west": {"uv": [47, 18], "uv_size": [11.251, 0.751]},
								"up": {"uv": [32, 46], "uv_size": [0.875, 11.25]},
								"down": {"uv": [33, 57.25], "uv_size": [0.875, -11.25]}
							}
						},
						{
							"origin": [-0.63417, 25.21125, -13.17837],
							"size": [1.30928, 0.56828, 8.54828],
							"inflate": 0.002,
							"uv": {
								"north": {"uv": [58, 14], "uv_size": [1.75, 0.75]},
								"east": {"uv": [46, 33], "uv_size": [11.25, 0.75]},
								"south": {"uv": [58, 17], "uv_size": [1.75, 0.75]},
								"west": {"uv": [46, 34], "uv_size": [11.249, 0.749]},
								"up": {"uv": [11, 40], "uv_size": [1.75, 11.25]},
								"down": {"uv": [0, 52.25], "uv_size": [1.75, -11.25]}
							}
						},
						{
							"origin": [0.62492, 26.01201, -13.17477],
							"size": [0.64772, 0.57172, 8.55172],
							"inflate": -0.002,
							"pivot": [0.024, 26.3127, -8.90537],
							"rotation": [0, 0, 46],
							"uv": {
								"north": {"uv": [8, 59], "uv_size": [0.875, 0.75]},
								"east": {"uv": [41, 23], "uv_size": [11.25, 0.75]},
								"south": {"uv": [59, 9], "uv_size": [0.875, 0.75]},
								"west": {"uv": [46, 32], "uv_size": [11.251, 0.751]},
								"up": {"uv": [2, 41], "uv_size": [0.875, 11.25]},
								"down": {"uv": [31, 57.25], "uv_size": [0.875, -11.25]}
							}
						},
						{
							"origin": [-0.63417, 26.65525, -13.17837],
							"size": [1.30928, 0.56828, 8.54828],
							"inflate": 0.002,
							"pivot": [0.024, 26.99661, -8.90537],
							"rotation": [0, 0, 180],
							"uv": {
								"north": {"uv": [33, 58], "uv_size": [1.75, 0.75]},
								"east": {"uv": [48, 42], "uv_size": [11.25, 0.75]},
								"south": {"uv": [58, 34], "uv_size": [1.75, 0.75]},
								"west": {"uv": [48, 43], "uv_size": [11.249, 0.749]},
								"up": {"uv": [41, 4], "uv_size": [1.75, 11.25]},
								"down": {"uv": [19, 53.25], "uv_size": [1.75, -11.25]}
							}
						},
						{
							"origin": [0.07816, 27.22392, -13.17477],
							"size": [0.64772, 0.57172, 8.55172],
							"inflate": -0.002,
							"pivot": [0.024, 26.99661, -8.90537],
							"rotation": [0, 0, -134],
							"uv": {
								"north": {"uv": [12, 59], "uv_size": [0.875, 0.75]},
								"east": {"uv": [48, 36], "uv_size": [11.25, 0.75]},
								"south": {"uv": [59, 12], "uv_size": [0.875, 0.75]},
								"west": {"uv": [48, 37], "uv_size": [11.251, 0.751]},
								"up": {"uv": [44, 46], "uv_size": [0.875, 11.25]},
								"down": {"uv": [45, 57.25], "uv_size": [0.875, -11.25]}
							}
						},
						{
							"origin": [-0.67788, 27.22392, -13.17477],
							"size": [0.64772, 0.57172, 8.55172],
							"inflate": -0.002,
							"pivot": [0.024, 26.99661, -8.90537],
							"rotation": [0, 0, 134],
							"uv": {
								"north": {"uv": [11, 59], "uv_size": [0.875, 0.75]},
								"east": {"uv": [47, 19], "uv_size": [11.25, 0.75]},
								"south": {"uv": [59, 11], "uv_size": [0.875, 0.75]},
								"west": {"uv": [47, 20], "uv_size": [11.251, 0.751]},
								"up": {"uv": [34, 46], "uv_size": [0.875, 11.25]},
								"down": {"uv": [35, 57.25], "uv_size": [0.875, -11.25]}
							}
						},
						{
							"origin": [0.5085, 25.591, -13.18037],
							"size": [0.57, 1.387, 8.55],
							"uv": {
								"north": {"uv": [19, 58], "uv_size": [0.75, 1.875]},
								"east": {"uv": [41, 0], "uv_size": [11.25, 1.875]},
								"south": {"uv": [20, 58], "uv_size": [0.75, 1.875]},
								"west": {"uv": [41, 2], "uv_size": [11.25, 1.825]},
								"up": {"uv": [42, 47], "uv_size": [0.75, 11.25]},
								"down": {"uv": [43, 58.25], "uv_size": [0.75, -11.25]}
							}
						},
						{
							"origin": [-1.0305, 25.591, -13.18037],
							"size": [0.57, 1.387, 8.55],
							"uv": {
								"north": {"uv": [17, 58], "uv_size": [0.75, 1.875]},
								"east": {"uv": [27, 40], "uv_size": [11.25, 1.875]},
								"south": {"uv": [18, 58], "uv_size": [0.75, 1.875]},
								"west": {"uv": [39, 40], "uv_size": [11.25, 1.825]},
								"up": {"uv": [40, 47], "uv_size": [0.75, 11.25]},
								"down": {"uv": [41, 58.25], "uv_size": [0.75, -11.25]}
							}
						},
						{
							"origin": [-0.73552, 23.69651, -8.78259],
							"size": [1.51904, 1.13904, 13.29904],
							"inflate": 0.002,
							"uv": {
								"north": {"uv": [54, 54], "uv_size": [2, 1.5]},
								"east": {"uv": [23, 32], "uv_size": [17.5, 1.5]},
								"south": {"uv": [55, 0], "uv_size": [2, 1.5]},
								"west": {"uv": [23, 34], "uv_size": [17.5, 1.5]},
								"up": {"uv": [19, 24], "uv_size": [2, 17.5]},
								"down": {"uv": [21, 41.5], "uv_size": [2, -17.5]}
							}
						},
						{
							"origin": [-0.73552, 21.69769, -3.04134],
							"size": [1.51904, 1.13904, 4.33104],
							"inflate": 0.002,
							"pivot": [0.024, 22.26721, -1.06582],
							"rotation": [-73, 0, 0.1],
							"uv": {
								"north": {"uv": [52, 50], "uv_size": [2, 2.25]},
								"east": {"uv": [48, 44], "uv_size": [3.5, 2.25]},
								"south": {"uv": [0, 53], "uv_size": [2, 2.25]},
								"west": {"uv": [48, 47], "uv_size": [3.5, 2.2]},
								"up": {"uv": [49, 27], "uv_size": [2, 3.5]},
								"down": {"uv": [48, 53.5], "uv_size": [2, -3.5]}
							}
						},
						{
							"origin": [-0.73552, 19.94969, -2.96534],
							"size": [1.51904, 0.37904, 10.41104],
							"inflate": 0.002,
							"pivot": [0.024, 20.51921, 0.60618],
							"rotation": [-73, -0.1, 0],
							"uv": {
								"north": {"uv": [58, 46], "uv_size": [2, 0.5]},
								"east": {"uv": [51, 38], "uv_size": [11.625, 0.5]},
								"south": {"uv": [58, 47], "uv_size": [2, 0.5]},
								"west": {"uv": [51, 39], "uv_size": [11.6, 0.5]},
								"up": {"uv": [3, 39], "uv_size": [2, 11.625]},
								"down": {"uv": [5, 50.625], "uv_size": [2, -11.625]}
							}
						},
						{
							"origin": [-0.73552, 21.01022, -0.55079],
							"size": [1.51904, 0.91104, 1.36704],
							"inflate": 0.002,
							"pivot": [0.024, 21.46574, -0.81727],
							"rotation": [-126.5, -0.1, 0],
							"uv": {
								"north": {"uv": [52, 55], "uv_size": [2, 1.25]},
								"east": {"uv": [51, 40], "uv_size": [4.25, 1.25]},
								"south": {"uv": [0, 56], "uv_size": [2, 1.25]},
								"west": {"uv": [52, 44], "uv_size": [4.3, 1.2]},
								"up": {"uv": [27, 47], "uv_size": [2, 4.25]},
								"down": {"uv": [29, 51.25], "uv_size": [2, -4.25]}
							}
						},
						{
							"origin": [-0.73552, 19.30868, -1.36143],
							"size": [1.51904, 0.91104, 3.26704],
							"inflate": 0.002,
							"pivot": [0.024, 19.7642, 0.27209],
							"rotation": [160.5, 0.2, 0],
							"uv": {
								"north": {"uv": [56, 4], "uv_size": [2, 1.25]},
								"east": {"uv": [52, 46], "uv_size": [4.25, 1.25]},
								"south": {"uv": [56, 7], "uv_size": [2, 1.25]},
								"west": {"uv": [52, 48], "uv_size": [4.3, 1.2]},
								"up": {"uv": [36, 47], "uv_size": [2, 4.25]},
								"down": {"uv": [38, 51.25], "uv_size": [2, -4.25]}
							}
						},
						{
							"origin": [-0.73552, 23.96698, -12.50539],
							"size": [1.51904, 0.98704, 3.79904],
							"inflate": 0.002,
							"pivot": [0.024, 24.1565, -9.84587],
							"rotation": [-14, 0, 0],
							"uv": {
								"north": {"uv": [55, 11], "uv_size": [2, 1.25]},
								"east": {"uv": [49, 16], "uv_size": [5, 1.25]},
								"south": {"uv": [55, 25], "uv_size": [2, 1.25]},
								"west": {"uv": [51, 4], "uv_size": [5, 1.3]},
								"up": {"uv": [21, 42], "uv_size": [2, 5]},
								"down": {"uv": [45, 21], "uv_size": [2, -5]}
							}
						},
						{
							"origin": [-0.546, 25.4865, -5.70387],
							"size": [1.52, 1.52, 1.52],
							"uv": {
								"north": {"uv": [0, 0], "uv_size": [2, 2]},
								"east": {"uv": [0, 0], "uv_size": [2, 2]},
								"south": {"uv": [0, 0], "uv_size": [2, 2]},
								"west": {"uv": [0, 0], "uv_size": [2, 2]},
								"up": {"uv": [2, 2], "uv_size": [-2, -2]},
								"down": {"uv": [2, 2], "uv_size": [-2, -2]}
							}
						}
					]
				},
				{
					"name": "slight",
					"parent": "gun",
					"pivot": [-1.002, 27.1205, -13.64587],
					"cubes": [
						{
							"origin": [1.05024, 27.12074, -12.65003],
							"size": [0.75952, 1.67152, 18.01152],
							"inflate": 0.001,
							"pivot": [1.81, 27.1205, -11.13787],
							"rotation": [0, 0, -37],
							"uv": {
								"north": {"uv": [6, 56], "uv_size": [1, 2.25]},
								"east": {"uv": [17, 12], "uv_size": [23.75, 2.25]},
								"south": {"uv": [56, 27], "uv_size": [1, 2.25]},
								"west": {"uv": [17, 15], "uv_size": [23.7, 2.2]},
								"up": {"uv": [23, 38], "uv_size": [1, 23.75]},
								"down": {"uv": [24, 61.75], "uv_size": [1, -23.75]}
							}
						},
						{
							"origin": [-0.73552, 27.12098, -12.65739],
							"size": [1.51904, 1.29104, 18.01104],
							"inflate": 0.002,
							"uv": {
								"north": {"uv": [11, 57], "uv_size": [2, 1]},
								"east": {"uv": [27, 38], "uv_size": [23.75, 1]},
								"south": {"uv": [57, 11], "uv_size": [2, 1]},
								"west": {"uv": [27, 39], "uv_size": [23.7, 1]},
								"up": {"uv": [11, 16], "uv_size": [2, 23.75]},
								"down": {"uv": [17, 47.75], "uv_size": [2, -23.75]}
							}
						},
						{
							"origin": [-1.762, 27.1205, -12.65027],
							"size": [0.76, 1.672, 18.012],
							"pivot": [-1.762, 27.1205, -11.13787],
							"rotation": [0, 0, 37],
							"uv": {
								"north": {"uv": [29, 56], "uv_size": [1, 2.25]},
								"east": {"uv": [17, 18], "uv_size": [23.75, 2.25]},
								"south": {"uv": [30, 56], "uv_size": [1, 2.25]},
								"west": {"uv": [17, 21], "uv_size": [23.7, 2.2]},
								"up": {"uv": [25, 38], "uv_size": [1, 23.75]},
								"down": {"uv": [26, 61.75], "uv_size": [1, -23.75]}
							}
						},
						{
							"origin": [-0.166, 27.9945, -12.31587],
							"size": [0.342, 0.684, 0.912],
							"pivot": [0.708, 27.9185, -11.70787],
							"rotation": [11, 0, 0],
							"uv": {
								"north": {"uv": [59, 13], "uv_size": [0.5, 0.875]},
								"east": {"uv": [58, 45], "uv_size": [1.25, 0.875]},
								"south": {"uv": [27, 59], "uv_size": [0.5, 0.875]},
								"west": {"uv": [46, 58], "uv_size": [1.2, 0.9]},
								"up": {"uv": [13, 59], "uv_size": [0.5, 1.25]},
								"down": {"uv": [59, 19.25], "uv_size": [0.5, -1.25]}
							}
						},
						{
							"origin": [-0.47, 27.3105, 4.02413],
							"size": [0.228, 1.52, 0.57],
							"uv": {
								"north": {"uv": [22, 59], "uv_size": [0.25, 2]},
								"east": {"uv": [3, 58], "uv_size": [0.75, 2]},
								"south": {"uv": [59, 22], "uv_size": [0.25, 2]},
								"west": {"uv": [4, 58], "uv_size": [0.75, 2]},
								"up": {"uv": [51, 59], "uv_size": [0.25, 0.75]},
								"down": {"uv": [59, 51.75], "uv_size": [0.25, -0.75]}
							}
						},
						{
							"origin": [-0.47, 28.33455, 4.21982],
							"size": [0.228, 0.19, 0.76],
							"pivot": [-0.356, 28.42955, 4.59982],
							"rotation": [-68, 0, -0.1],
							"uv": {
								"north": {"uv": [58, 59], "uv_size": [0.25, 0.25]},
								"east": {"uv": [41, 59], "uv_size": [1, 0.25]},
								"south": {"uv": [59, 58], "uv_size": [0.25, 0.25]},
								"west": {"uv": [42, 59], "uv_size": [1, 0.25]},
								"up": {"uv": [43, 59], "uv_size": [0.25, 1]},
								"down": {"uv": [44, 60], "uv_size": [0.25, -1]}
							}
						},
						{
							"origin": [-0.47, 28.3201, 3.61865],
							"size": [0.228, 0.19, 0.76],
							"pivot": [-0.356, 28.4151, 3.99865],
							"rotation": [67.7, 0, -0.1],
							"uv": {
								"north": {"uv": [57, 59], "uv_size": [0.25, 0.25]},
								"east": {"uv": [37, 59], "uv_size": [1, 0.25]},
								"south": {"uv": [59, 57], "uv_size": [0.25, 0.25]},
								"west": {"uv": [38, 59], "uv_size": [1, 0.25]},
								"up": {"uv": [39, 59], "uv_size": [0.25, 1]},
								"down": {"uv": [40, 60], "uv_size": [0.25, -1]}
							}
						},
						{
							"origin": [0.29, 27.3105, 4.02413],
							"size": [0.228, 1.52, 0.57],
							"uv": {
								"north": {"uv": [59, 20], "uv_size": [0.25, 2]},
								"east": {"uv": [0, 58], "uv_size": [0.75, 2]},
								"south": {"uv": [21, 59], "uv_size": [0.25, 2]},
								"west": {"uv": [1, 58], "uv_size": [0.75, 2]},
								"up": {"uv": [50, 59], "uv_size": [0.25, 0.75]},
								"down": {"uv": [59, 50.75], "uv_size": [0.25, -0.75]}
							}
						},
						{
							"origin": [0.29, 28.33455, 4.21982],
							"size": [0.228, 0.19, 0.76],
							"pivot": [0.404, 28.42955, 4.59982],
							"rotation": [-67.4, 0, 0.1],
							"uv": {
								"north": {"uv": [54, 59], "uv_size": [0.25, 0.25]},
								"east": {"uv": [59, 30], "uv_size": [1, 0.25]},
								"south": {"uv": [55, 59], "uv_size": [0.25, 0.25]},
								"west": {"uv": [59, 31], "uv_size": [1, 0.25]},
								"up": {"uv": [59, 32], "uv_size": [0.25, 1]},
								"down": {"uv": [33, 60], "uv_size": [0.25, -1]}
							}
						},
						{
							"origin": [0.11448, 28.0394, 4.21413],
							"size": [0.38, 0.57, 0.19],
							"pivot": [0.30448, 28.3244, 4.40413],
							"rotation": [0, 0, -22.5],
							"uv": {
								"north": {"uv": [28, 59], "uv_size": [0.5, 0.75]},
								"east": {"uv": [47, 59], "uv_size": [0.25, 0.75]},
								"south": {"uv": [59, 28], "uv_size": [0.5, 0.75]},
								"west": {"uv": [48, 59], "uv_size": [0.25, 0.75]},
								"up": {"uv": [52, 59], "uv_size": [0.5, 0.25]},
								"down": {"uv": [59, 52.25], "uv_size": [0.5, -0.25]}
							}
						},
						{
							"origin": [-8.564, 26.31315, 4.21413],
							"size": [0.38, 0.57, 0.19],
							"pivot": [0.024, 7.0565, 3.64413],
							"rotation": [0, 0, 22.5],
							"uv": {
								"north": {"uv": [29, 59], "uv_size": [0.5, 0.75]},
								"east": {"uv": [49, 59], "uv_size": [0.25, 0.75]},
								"south": {"uv": [30, 59], "uv_size": [0.5, 0.75]},
								"west": {"uv": [59, 49], "uv_size": [0.25, 0.75]},
								"up": {"uv": [53, 59], "uv_size": [0.5, 0.25]},
								"down": {"uv": [59, 53.25], "uv_size": [0.5, -0.25]}
							}
						},
						{
							"origin": [-0.356, 27.0065, 4.21413],
							"size": [0.76, 1.52, 0.19],
							"pivot": [0.784, 15.4165, 3.07413],
							"rotation": [0, -0.1, 0],
							"uv": {
								"north": {"uv": [13, 23], "uv_size": [1, 2]},
								"east": {"uv": [59, 24], "uv_size": [0.25, 2]},
								"south": {"uv": [39, 56], "uv_size": [1, 2]},
								"west": {"uv": [59, 26], "uv_size": [0.25, 2]},
								"up": {"uv": [45, 59], "uv_size": [1, 0.25]},
								"down": {"uv": [46, 59.25], "uv_size": [1, -0.25]}
							}
						},
						{
							"origin": [0.29, 28.3201, 3.61865],
							"size": [0.228, 0.19, 0.76],
							"pivot": [0.404, 28.4151, 3.99865],
							"rotation": [67.3, 0, 0.1],
							"uv": {
								"north": {"uv": [56, 59], "uv_size": [0.25, 0.25]},
								"east": {"uv": [59, 33], "uv_size": [1, 0.25]},
								"south": {"uv": [59, 56], "uv_size": [0.25, 0.25]},
								"west": {"uv": [34, 59], "uv_size": [1, 0.25]},
								"up": {"uv": [35, 59], "uv_size": [0.25, 1]},
								"down": {"uv": [36, 60], "uv_size": [0.25, -1]}
							}
						},
						{
							"origin": [-0.73952, 25.78119, 4.65208],
							"size": [1.52096, 2.66096, 1.21696],
							"inflate": -0.002,
							"pivot": [0.05896, 27.11167, 5.67856],
							"rotation": [22, 0, 0],
							"uv": {
								"north": {"uv": [50, 50], "uv_size": [2, 3.5]},
								"east": {"uv": [53, 0], "uv_size": [1.25, 3.5]},
								"south": {"uv": [3, 51], "uv_size": [2, 3.5]},
								"west": {"uv": [53, 9], "uv_size": [1.2, 3.5]},
								"up": {"uv": [13, 56], "uv_size": [2, 1.25]},
								"down": {"uv": [15, 57.25], "uv_size": [2, -1.25]}
							}
						},
						{
							"origin": [-1.192, 26.6645, 0.94613],
							"size": [2.432, 1.064, 4.408],
							"uv": {
								"north": {"uv": [43, 12], "uv_size": [3.25, 3.25]},
								"east": {"uv": [48, 54], "uv_size": [1, 3.25]},
								"south": {"uv": [44, 42], "uv_size": [3.25, 3.25]},
								"west": {"uv": [49, 54], "uv_size": [1, 3.3]},
								"up": {"uv": [54, 17], "uv_size": [3.25, 1]},
								"down": {"uv": [54, 51], "uv_size": [3.25, -1]}
							}
						}
					]
				},
				{
					"name": "bone",
					"parent": "gun",
					"pivot": [1.126, 24.0805, -3.53787],
					"cubes": [
						{
							"origin": [-0.418, 20.84989, -4.05946],
							"size": [1.036, 3.468, 0.808],
							"inflate": -0.1,
							"pivot": [0.1, 24.01939, -3.74723],
							"rotation": [-21, 0, 0],
							"uv": {
								"north": {"uv": [11, 52], "uv_size": [1.25, 4.5]},
								"east": {"uv": [6, 51], "uv_size": [1, 4.5]},
								"south": {"uv": [27, 52], "uv_size": [1.25, 4.5]},
								"west": {"uv": [38, 52], "uv_size": [1, 4.5]},
								"up": {"uv": [35, 58], "uv_size": [1.25, 1]},
								"down": {"uv": [58, 36], "uv_size": [1.25, -1]}
							}
						},
						{
							"origin": [-0.418, 22.3052, -3.16939],
							"size": [0.96, 1.948, 0.808],
							"inflate": -0.1,
							"pivot": [1.126, 24.0805, -2.85387],
							"rotation": [-48, 0, 0],
							"uv": {
								"north": {"uv": [50, 54], "uv_size": [1.25, 2.5]},
								"east": {"uv": [46, 55], "uv_size": [1, 2.5]},
								"south": {"uv": [54, 51], "uv_size": [1.25, 2.5]},
								"west": {"uv": [47, 55], "uv_size": [1, 2.5]},
								"up": {"uv": [58, 40], "uv_size": [1.25, 1]},
								"down": {"uv": [58, 42], "uv_size": [1.25, -1]}
							}
						}
					]
				},
				{
					"name": "magazine",
					"parent": "main",
					"pivot": [0.5, 10.05, -3.95],
					"cubes": [
						{
							"origin": [-1.0175, 13.86409, 0.53428],
							"size": [2.07, 10.35, 2.553],
							"pivot": [-0.5, 21.50584, 1.96603],
							"rotation": [18, 0, 0],
							"uv": {
								"north": {"uv": [7, 72], "uv_size": [3, 15]},
								"east": {"uv": [0, 72], "uv_size": [7, 15]},
								"south": {"uv": [17, 72], "uv_size": [3, 15]},
								"west": {"uv": [10, 72], "uv_size": [7, 15]},
								"up": {"uv": [7, 65], "uv_size": [3, 7]},
								"down": {"uv": [10, 72], "uv_size": [3, -7]}
							}
						},
						{
							"origin": [-1.36219, 13.8644, 0.53459],
							"size": [0.68938, 10.34938, 2.55238],
							"inflate": 0.001,
							"pivot": [-0.5, 21.50584, 1.96603],
							"rotation": [18, 0, 0],
							"uv": {
								"north": {"uv": [31, 72], "uv_size": [1, 15]},
								"east": {"uv": [24, 72], "uv_size": [7, 15]},
								"south": {"uv": [39, 72], "uv_size": [1, 15]},
								"west": {"uv": [32, 72], "uv_size": [7, 15]},
								"up": {"uv": [31, 65], "uv_size": [1, 7]},
								"down": {"uv": [32, 72], "uv_size": [1, -7]}
							}
						}
					]
				},
				{
					"name": "bullet",
					"parent": "magazine",
					"pivot": [-0.15, 24.7, -9.4],
					"cubes": [
						{
							"origin": [-1.44154, 23.6123, 0.97578],
							"size": [0.566, 0.566, 1.739],
							"inflate": 0.2,
							"pivot": [-0.5, 21.50584, 1.96603],
							"rotation": [16.87458, -6.35808, 20.05594],
							"uv": {
								"north": {"uv": [78.75, 6], "uv_size": [1, 1]},
								"east": {"uv": [72.75, 6], "uv_size": [6, 1]},
								"south": {"uv": [85.75, 6], "uv_size": [1, 1]},
								"west": {"uv": [79.75, 6], "uv_size": [6, 1]},
								"up": {"uv": [78.75, 0], "uv_size": [1, 6]},
								"down": {"uv": [79.75, 6], "uv_size": [1, -6]}
							}
						}
					]
				},
				{
					"name": "magazine2",
					"parent": "main",
					"pivot": [0.5, 10.05, -3.95],
					"cubes": [
						{
							"origin": [-1.0299, 13.8484, 0.55079],
							"size": [2.07, 10.35, 2.553],
							"pivot": [-0.5124, 21.49015, 1.98254],
							"rotation": [18, 0, 0],
							"uv": {
								"north": {"uv": [7, 72], "uv_size": [3, 15]},
								"east": {"uv": [0, 72], "uv_size": [7, 15]},
								"south": {"uv": [17, 72], "uv_size": [3, 15]},
								"west": {"uv": [10, 72], "uv_size": [7, 15]},
								"up": {"uv": [7, 65], "uv_size": [3, 7]},
								"down": {"uv": [10, 72], "uv_size": [3, -7]}
							}
						},
						{
							"origin": [-1.37459, 13.84871, 0.5511],
							"size": [0.68938, 10.34938, 2.55238],
							"inflate": 0.001,
							"pivot": [-0.5124, 21.49015, 1.98254],
							"rotation": [18, 0, 0],
							"uv": {
								"north": {"uv": [31.25, 72], "uv_size": [1, 15]},
								"east": {"uv": [24.25, 72], "uv_size": [7, 15]},
								"south": {"uv": [39.25, 72], "uv_size": [1, 15]},
								"west": {"uv": [32.25, 72], "uv_size": [7, 15]},
								"up": {"uv": [31.25, 65], "uv_size": [1, 7]},
								"down": {"uv": [32.25, 72], "uv_size": [1, -7]}
							}
						}
					]
				},
				{
					"name": "bullet2",
					"parent": "magazine2",
					"pivot": [-0.5624, 30.08431, -17.1835],
					"cubes": [
						{
							"origin": [-1.45394, 23.59661, 0.99229],
							"size": [0.566, 0.566, 1.739],
							"inflate": 0.2,
							"pivot": [-0.5124, 21.49015, 1.98254],
							"rotation": [16.87458, -6.35808, 20.05594],
							"uv": {
								"north": {"uv": [78.75, 6], "uv_size": [1, 1]},
								"east": {"uv": [72.75, 6], "uv_size": [6, 1]},
								"south": {"uv": [85.75, 6], "uv_size": [1, 1]},
								"west": {"uv": [79.75, 6], "uv_size": [6, 1]},
								"up": {"uv": [78.75, 0], "uv_size": [1, 6]},
								"down": {"uv": [79.75, 6], "uv_size": [1, -6]}
							}
						}
					]
				},
				{
					"name": "rightarm",
					"parent": "main",
					"pivot": [-5.2, 15.5, 25.8],
					"rotation": [-101.81106, -12.40003, -2.46982],
					"cubes": [
						{
							"origin": [-9.2, -8.5, 21.8],
							"size": [8, 24, 8],
							"uv": {
								"north": {"uv": [23.75, 20.25], "uv_size": [8, 24]},
								"east": {"uv": [15.75, 20.25], "uv_size": [8, 24]},
								"south": {"uv": [39.75, 20.25], "uv_size": [8, 24]},
								"west": {"uv": [31.75, 20.25], "uv_size": [8, 24]},
								"up": {"uv": [23.75, 12.25], "uv_size": [8, 8]},
								"down": {"uv": [31.75, 20.25], "uv_size": [8, -8]}
							}
						}
					]
				},
				{
					"name": "leftarm",
					"parent": "main",
					"pivot": [10.7, 15.3, 12.4],
					"rotation": [-119.61483, 1.67666, -38.31282],
					"cubes": [
						{
							"origin": [3.82256, -0.95844, 5.99404],
							"size": [8, 24, 8],
							"uv": {
								"north": {"uv": [23.5, 16.75], "uv_size": [8, 24]},
								"east": {"uv": [15.5, 16.75], "uv_size": [8, 24]},
								"south": {"uv": [39.5, 16.75], "uv_size": [8, 24]},
								"west": {"uv": [31.5, 16.75], "uv_size": [8, 24]},
								"up": {"uv": [23.5, 8.75], "uv_size": [8, 8]},
								"down": {"uv": [31.5, 16.75], "uv_size": [8, -8]}
							}
						}
					]
				},
				{
					"name": "muzzleflash",
					"parent": "main",
					"pivot": [0, 27.45, -17.95],
					"cubes": [
						{
							"origin": [-0.5, 25.85, -14.25],
							"size": [1, 1, 1],
							"inflate": -0.4,
							"uv": {
								"north": {"uv": [28, 70], "uv_size": [1, 1]},
								"east": {"uv": [27, 70], "uv_size": [1, 1]},
								"south": {"uv": [30, 70], "uv_size": [1, 1]},
								"west": {"uv": [29, 70], "uv_size": [1, 1]},
								"up": {"uv": [28, 69], "uv_size": [1, 1]},
								"down": {"uv": [29, 70], "uv_size": [1, -1]}
							}
						}
					]
				},
				{
					"name": "scope",
					"parent": "main",
					"pivot": [0, 28.75, 12.85],
					"cubes": [
						{
							"origin": [-0.5, 28.25, 12.3],
							"size": [1, 1, 1],
							"inflate": -0.4,
							"uv": {
								"north": {"uv": [28, 70], "uv_size": [1, 1]},
								"east": {"uv": [27, 70], "uv_size": [1, 1]},
								"south": {"uv": [30, 70], "uv_size": [1, 1]},
								"west": {"uv": [29, 70], "uv_size": [1, 1]},
								"up": {"uv": [28, 69], "uv_size": [1, 1]},
								"down": {"uv": [29, 70], "uv_size": [1, -1]}
							}
						}
					]
				}
			]
		}
	]
}