{
	"format_version": "1.12.0",
	"minecraft:geometry": [
		{
			"description": {
				"identifier": "geometry.unknown",
				"texture_width": 64,
				"texture_height": 64,
				"visible_bounds_width": 8,
				"visible_bounds_height": 6,
				"visible_bounds_offset": [0, 2, 0]
			},
			"bones": [
				{
					"name": "main",
					"pivot": [0, 23.3, 6.3]
				},
				{
					"name": "gun",
					"parent": "main",
					"pivot": [0.784, 16.3665, 3.41613],
					"cubes": [
						{
							"origin": [-1.41236, 14.4223, 0.59089],
							"size": [2.84, 11.356, 4.92],
							"pivot": [0.00764, 20.3503, 3.25089],
							"rotation": [17.08474, 0, 0],
							"uv": {
								"north": {"uv": [3, 12], "uv_size": [2.75, 11.25]},
								"east": {"uv": [0, 0], "uv_size": [5, 11.25]},
								"south": {"uv": [6, 12], "uv_size": [2.75, 11.25]},
								"west": {"uv": [5, 0], "uv_size": [5, 11.25]},
								"up": {"uv": [29, 0], "uv_size": [2.75, 5]},
								"down": {"uv": [31, 13], "uv_size": [2.75, -5]}
							}
						},
						{
							"origin": [-1.469, 22.80651, 2.91376],
							"size": [2.954, 3.316, 2.944],
							"pivot": [0.00766, 24.16451, 4.70776],
							"rotation": [-34.41804, 0, 0],
							"uv": {
								"north": {"uv": [38, 24], "uv_size": [3, 3.25]},
								"east": {"uv": [34, 38], "uv_size": [3, 3.25]},
								"south": {"uv": [39, 8], "uv_size": [3, 3.25]},
								"west": {"uv": [39, 28], "uv_size": [3, 3.25]},
								"up": {"uv": [41, 14], "uv_size": [3, 3]},
								"down": {"uv": [41, 20], "uv_size": [3, -3]}
							}
						},
						{
							"origin": [-1.22464, 26.51201, -15.57477],
							"size": [0.64772, 0.57172, 12.35172],
							"inflate": -0.002,
							"pivot": [0.024, 26.8127, -7.10537],
							"rotation": [0, 0, -46],
							"uv": {
								"north": {"uv": [28, 55], "uv_size": [0.75, 0.5]},
								"east": {"uv": [44, 35], "uv_size": [12.25, 0.5]},
								"south": {"uv": [31, 55], "uv_size": [0.75, 0.5]},
								"west": {"uv": [44, 36], "uv_size": [12.25, 0.5]},
								"up": {"uv": [28, 40], "uv_size": [0.75, 12.25]},
								"down": {"uv": [39, 52.25], "uv_size": [0.75, -12.25]}
							}
						},
						{
							"origin": [-0.63417, 25.71125, -15.57837],
							"size": [1.30928, 0.56828, 12.34828],
							"inflate": 0.002,
							"uv": {
								"north": {"uv": [55, 4], "uv_size": [1.25, 0.5]},
								"east": {"uv": [44, 25], "uv_size": [12.25, 0.5]},
								"south": {"uv": [55, 6], "uv_size": [1.25, 0.5]},
								"west": {"uv": [44, 26], "uv_size": [12.25, 0.5]},
								"up": {"uv": [8, 30], "uv_size": [1.25, 12.25]},
								"down": {"uv": [10, 42.25], "uv_size": [1.25, -12.25]}
							}
						},
						{
							"origin": [0.62492, 26.51201, -15.57477],
							"size": [0.64772, 0.57172, 12.35172],
							"inflate": -0.002,
							"pivot": [0.024, 26.8127, -7.10537],
							"rotation": [0, 0, 46],
							"uv": {
								"north": {"uv": [55, 18], "uv_size": [0.75, 0.5]},
								"east": {"uv": [44, 19], "uv_size": [12.25, 0.5]},
								"south": {"uv": [55, 21], "uv_size": [0.75, 0.5]},
								"west": {"uv": [44, 24], "uv_size": [12.25, 0.5]},
								"up": {"uv": [31, 37], "uv_size": [0.75, 12.25]},
								"down": {"uv": [27, 52.25], "uv_size": [0.75, -12.25]}
							}
						},
						{
							"origin": [-0.63417, 27.15525, -15.57837],
							"size": [1.30928, 0.56828, 12.34828],
							"inflate": 0.002,
							"pivot": [0.024, 27.49661, -7.10537],
							"rotation": [0, 0, 180],
							"uv": {
								"north": {"uv": [7, 55], "uv_size": [1.25, 0.5]},
								"east": {"uv": [44, 41], "uv_size": [12.25, 0.5]},
								"south": {"uv": [55, 7], "uv_size": [1.25, 0.5]},
								"west": {"uv": [44, 42], "uv_size": [12.25, 0.5]},
								"up": {"uv": [12, 30], "uv_size": [1.25, 12.25]},
								"down": {"uv": [14, 42.25], "uv_size": [1.25, -12.25]}
							}
						},
						{
							"origin": [0.07816, 27.72392, -15.57477],
							"size": [0.64772, 0.57172, 12.35172],
							"inflate": -0.002,
							"pivot": [0.024, 27.49661, -7.10537],
							"rotation": [0, 0, -134],
							"uv": {
								"north": {"uv": [55, 33], "uv_size": [0.75, 0.5]},
								"east": {"uv": [44, 39], "uv_size": [12.25, 0.5]},
								"south": {"uv": [55, 34], "uv_size": [0.75, 0.5]},
								"west": {"uv": [44, 40], "uv_size": [12.25, 0.5]},
								"up": {"uv": [0, 42], "uv_size": [0.75, 12.25]},
								"down": {"uv": [1, 54.25], "uv_size": [0.75, -12.25]}
							}
						},
						{
							"origin": [-0.67788, 27.72392, -15.57477],
							"size": [0.64772, 0.57172, 12.35172],
							"inflate": -0.002,
							"pivot": [0.024, 27.49661, -7.10537],
							"rotation": [0, 0, 134],
							"uv": {
								"north": {"uv": [32, 55], "uv_size": [0.75, 0.5]},
								"east": {"uv": [44, 37], "uv_size": [12.25, 0.5]},
								"south": {"uv": [55, 32], "uv_size": [0.75, 0.5]},
								"west": {"uv": [44, 38], "uv_size": [12.25, 0.5]},
								"up": {"uv": [40, 40], "uv_size": [0.75, 12.25]},
								"down": {"uv": [41, 52.25], "uv_size": [0.75, -12.25]}
							}
						},
						{
							"origin": [0.5085, 26.091, -15.5794],
							"size": [0.57, 1.387, 12.35],
							"uv": {
								"north": {"uv": [40, 54], "uv_size": [0.5, 1.5]},
								"east": {"uv": [28, 16], "uv_size": [12.25, 1.5]},
								"south": {"uv": [42, 54], "uv_size": [0.5, 1.5]},
								"west": {"uv": [28, 18], "uv_size": [12.25, 1.5]},
								"up": {"uv": [30, 43], "uv_size": [0.5, 12.25]},
								"down": {"uv": [24, 56.25], "uv_size": [0.5, -12.25]}
							}
						},
						{
							"origin": [-1.0305, 26.091, -15.5794],
							"size": [0.57, 1.387, 12.35],
							"uv": {
								"north": {"uv": [38, 54], "uv_size": [0.5, 1.5]},
								"east": {"uv": [8, 28], "uv_size": [12.25, 1.5]},
								"south": {"uv": [39, 54], "uv_size": [0.5, 1.5]},
								"west": {"uv": [28, 14], "uv_size": [12.25, 1.5]},
								"up": {"uv": [15, 43], "uv_size": [0.5, 12.25]},
								"down": {"uv": [29, 55.25], "uv_size": [0.5, -12.25]}
							}
						},
						{
							"origin": [-1.469, 19.30651, 7.71376],
							"size": [2.954, 2.916, 1.444],
							"pivot": [0.00766, 24.16451, 4.70776],
							"rotation": [-132.41804, 0, 0],
							"uv": {
								"north": {"uv": [41, 24], "uv_size": [3, 3]},
								"east": {"uv": [46, 27], "uv_size": [1.5, 3]},
								"south": {"uv": [42, 8], "uv_size": [3, 3]},
								"west": {"uv": [46, 30], "uv_size": [1.5, 3]},
								"up": {"uv": [46, 43], "uv_size": [3, 1.5]},
								"down": {"uv": [46, 46.5], "uv_size": [3, -1.5]}
							}
						},
						{
							"origin": [-0.96305, 20.36743, -7.12988],
							"size": [1.888, 4.084, 0.508],
							"inflate": -0.1,
							"pivot": [0.03095, 20.30943, -7.02588],
							"rotation": [-6, 0, 0],
							"uv": {
								"north": {"uv": [43, 0], "uv_size": [2, 4]},
								"east": {"uv": [11, 52], "uv_size": [0.5, 4]},
								"south": {"uv": [2, 43], "uv_size": [2, 4]},
								"west": {"uv": [33, 52], "uv_size": [0.5, 4]},
								"up": {"uv": [53, 34], "uv_size": [2, 0.5]},
								"down": {"uv": [38, 53.5], "uv_size": [2, -0.5]}
							}
						},
						{
							"origin": [-0.532, 23.54581, -5.99066],
							"size": [1.112, 1.284, 0.808],
							"inflate": -0.1,
							"pivot": [0.024, 24.13781, -5.58666],
							"rotation": [-90, -0.1, 0],
							"uv": {
								"north": {"uv": [20, 53], "uv_size": [1, 1.25]},
								"east": {"uv": [4, 54], "uv_size": [0.75, 1.25]},
								"south": {"uv": [21, 53], "uv_size": [1, 1.25]},
								"west": {"uv": [5, 54], "uv_size": [0.75, 1.25]},
								"up": {"uv": [36, 54], "uv_size": [1, 0.75]},
								"down": {"uv": [37, 54.75], "uv_size": [1, -0.75]}
							}
						},
						{
							"origin": [-0.927, 21.96242, -5.93877],
							"size": [1.802, 1.988, 1.408],
							"inflate": -0.1,
							"pivot": [0.024, 24.32642, -4.93477],
							"rotation": [-55, 0, 0],
							"uv": {
								"north": {"uv": [49, 2], "uv_size": [1.75, 2]},
								"east": {"uv": [49, 17], "uv_size": [1.5, 2]},
								"south": {"uv": [7, 49], "uv_size": [1.75, 2]},
								"west": {"uv": [49, 43], "uv_size": [1.5, 2]},
								"up": {"uv": [7, 51], "uv_size": [1.75, 1.5]},
								"down": {"uv": [12, 52.5], "uv_size": [1.75, -1.5]}
							}
						},
						{
							"origin": [-0.532, 22.59508, -3.88358],
							"size": [1.112, 1.988, 1.008],
							"inflate": -0.1,
							"pivot": [0.024, 23.89321, -3.31436],
							"rotation": [-126, 0, 0],
							"uv": {
								"north": {"uv": [34, 52], "uv_size": [1, 2]},
								"east": {"uv": [35, 52], "uv_size": [1, 2]},
								"south": {"uv": [36, 52], "uv_size": [1, 2]},
								"west": {"uv": [37, 52], "uv_size": [1, 2]},
								"up": {"uv": [45, 53], "uv_size": [1, 1]},
								"down": {"uv": [53, 47], "uv_size": [1, -1]}
							}
						},
						{
							"origin": [-0.96498, 19.43855, -7.03582],
							"size": [1.8928, 0.6128, 5.3888],
							"inflate": -0.11,
							"pivot": [1.28542, 20.46495, -2.94542],
							"rotation": [-13, -0.1, 0],
							"uv": {
								"north": {"uv": [31, 53], "uv_size": [2, 0.5]},
								"east": {"uv": [47, 12], "uv_size": [5.5, 0.5]},
								"south": {"uv": [53, 33], "uv_size": [2, 0.5]},
								"west": {"uv": [49, 4], "uv_size": [5.5, 0.5]},
								"up": {"uv": [0, 36], "uv_size": [2, 5.5]},
								"down": {"uv": [2, 42.5], "uv_size": [2, -5.5]}
							}
						},
						{
							"origin": [-0.9688, 19.50423, -2.34771],
							"size": [1.8928, 0.6128, 5.3888],
							"inflate": -0.11,
							"pivot": [1.2816, 20.53063, -0.75731],
							"rotation": [13, -0.1, 0],
							"uv": {
								"north": {"uv": [53, 47], "uv_size": [2, 0.5]},
								"east": {"uv": [50, 50], "uv_size": [5.5, 0.5]},
								"south": {"uv": [49, 53], "uv_size": [2, 0.5]},
								"west": {"uv": [51, 2], "uv_size": [5.5, 0.5]},
								"up": {"uv": [29, 37], "uv_size": [2, 5.5]},
								"down": {"uv": [37, 41.5], "uv_size": [2, -5.5]}
							}
						},
						{
							"origin": [-1.5124, 23.79651, -10.88259],
							"size": [3.04, 1.23904, 10.69904],
							"inflate": 0.002,
							"uv": {
								"north": {"uv": [48, 29], "uv_size": [3, 1.25]},
								"east": {"uv": [32, 0], "uv_size": [10.75, 1.25]},
								"south": {"uv": [48, 31], "uv_size": [3, 1.25]},
								"west": {"uv": [32, 2], "uv_size": [10.75, 1.25]},
								"up": {"uv": [10, 6], "uv_size": [3, 10.75]},
								"down": {"uv": [0, 22.75], "uv_size": [3, -10.75]}
							}
						},
						{
							"origin": [-1.52, 27.43406, -2.93913],
							"size": [3.04, 3.13904, 1.39904],
							"inflate": 0.002,
							"pivot": [0.784, 31.70358, -8.58161],
							"rotation": [-75, 0, 0],
							"uv": {
								"north": {"uv": [39, 36], "uv_size": [3, 3.25]},
								"east": {"uv": [9, 46], "uv_size": [1.5, 3.25]},
								"south": {"uv": [24, 40], "uv_size": [3, 3.25]},
								"west": {"uv": [11, 46], "uv_size": [1.5, 3.25]},
								"up": {"uv": [47, 6], "uv_size": [3, 1.5]},
								"down": {"uv": [34, 48.5], "uv_size": [3, -1.5]}
							}
						},
						{
							"origin": [-0.6124, 23.7975, -6.8821],
							"size": [1.24, 0.73904, 11.39904],
							"inflate": 0.002,
							"uv": {
								"north": {"uv": [53, 49], "uv_size": [1.25, 0.75]},
								"east": {"uv": [42, 5], "uv_size": [11.5, 0.75]},
								"south": {"uv": [54, 3], "uv_size": [1.25, 0.75]},
								"west": {"uv": [42, 11], "uv_size": [11.5, 0.75]},
								"up": {"uv": [16, 30], "uv_size": [1.25, 11.5]},
								"down": {"uv": [18, 41.5], "uv_size": [1.25, -11.5]}
							}
						},
						{
							"origin": [-1.33552, 21.81022, -1.25079],
							"size": [2.71904, 0.91104, 1.36704],
							"inflate": 0.002,
							"pivot": [0.024, 21.06574, -0.71727],
							"rotation": [-116.5, -0.1, 0],
							"uv": {
								"north": {"uv": [39, 32], "uv_size": [2.75, 1]},
								"east": {"uv": [53, 18], "uv_size": [1.25, 1]},
								"south": {"uv": [12, 50], "uv_size": [2.75, 1]},
								"west": {"uv": [53, 21], "uv_size": [1.25, 1]},
								"up": {"uv": [49, 9], "uv_size": [2.75, 1.25]},
								"down": {"uv": [49, 16.25], "uv_size": [2.75, -1.25]}
							}
						},
						{
							"origin": [-1.33904, 18.50006, -2.30564],
							"size": [2.71904, 0.91104, 3.36704],
							"inflate": 0.002,
							"pivot": [0.02575, 19.45558, 0.22788],
							"rotation": [143.5, 0.2, 0],
							"uv": {
								"north": {"uv": [50, 34], "uv_size": [2.75, 1]},
								"east": {"uv": [35, 29], "uv_size": [3.25, 1]},
								"south": {"uv": [50, 49], "uv_size": [2.75, 1]},
								"west": {"uv": [24, 36], "uv_size": [3.25, 1]},
								"up": {"uv": [42, 27], "uv_size": [2.75, 3.25]},
								"down": {"uv": [42, 34.25], "uv_size": [2.75, -3.25]}
							}
						}
					]
				},
				{
					"name": "bulletejec",
					"parent": "gun",
					"pivot": [0.03015, 27.67076, -4.62777],
					"cubes": [
						{
							"origin": [-0.92937, 26.42524, -3.34827],
							"size": [1.81904, 1.49104, 3.241],
							"inflate": 0.002,
							"uv": {
								"north": {"uv": [51, 13], "uv_size": [1.75, 1.5]},
								"east": {"uv": [45, 3], "uv_size": [3.25, 1.5]},
								"south": {"uv": [51, 17], "uv_size": [1.75, 1.5]},
								"west": {"uv": [45, 9], "uv_size": [3.25, 1.5]},
								"up": {"uv": [25, 44], "uv_size": [1.75, 3.25]},
								"down": {"uv": [44, 46.25], "uv_size": [1.75, -3.25]}
							}
						}
					]
				},
				{
					"name": "slide",
					"parent": "gun",
					"pivot": [-1.002, 27.1205, -13.64587],
					"cubes": [
						{
							"origin": [-2.09265, 24.01675, -10.8518],
							"size": [0.66096, 1.06496, 17.557],
							"inflate": -0.002,
							"pivot": [-2.09217, 25.53723, -11.25939],
							"rotation": [0, 0, -46],
							"uv": {
								"north": {"uv": [14, 54], "uv_size": [0.75, 1]},
								"east": {"uv": [28, 20], "uv_size": [17.5, 1]},
								"south": {"uv": [23, 54], "uv_size": [0.75, 1]},
								"west": {"uv": [28, 21], "uv_size": [17.5, 1]},
								"up": {"uv": [23, 28], "uv_size": [0.75, 17.5]},
								"down": {"uv": [20, 47.5], "uv_size": [0.75, -17.5]}
							}
						},
						{
							"origin": [-1.82071, 24.04728, -15.4518],
							"size": [0.66096, 1.06496, 4.657],
							"inflate": -0.002,
							"pivot": [-1.82023, 25.46776, -11.26212],
							"rotation": [0, 0, -46],
							"uv": {
								"north": {"uv": [50, 54], "uv_size": [0.75, 1]},
								"east": {"uv": [46, 20], "uv_size": [4.75, 1]},
								"south": {"uv": [54, 52], "uv_size": [0.75, 1]},
								"west": {"uv": [46, 21], "uv_size": [4.75, 1]},
								"up": {"uv": [20, 48], "uv_size": [0.75, 4.75]},
								"down": {"uv": [25, 52.75], "uv_size": [0.75, -4.75]}
							}
						},
						{
							"origin": [1.16101, 23.92393, -10.8518],
							"size": [0.76096, 1.06496, 17.557],
							"inflate": -0.002,
							"pivot": [2.14017, 25.23323, -11.25939],
							"rotation": [0, 0, 46],
							"uv": {
								"north": {"uv": [28, 54], "uv_size": [0.75, 1]},
								"east": {"uv": [28, 22], "uv_size": [17.5, 1]},
								"south": {"uv": [54, 32], "uv_size": [0.75, 1]},
								"west": {"uv": [28, 23], "uv_size": [17.5, 1]},
								"up": {"uv": [32, 30], "uv_size": [0.75, 17.5]},
								"down": {"uv": [33, 47.5], "uv_size": [0.75, -17.5]}
							}
						},
						{
							"origin": [0.81714, 23.98499, -15.4518],
							"size": [0.76096, 0.96496, 4.657],
							"inflate": -0.002,
							"pivot": [1.7963, 24.9943, -11.26212],
							"rotation": [0, 0, 46],
							"uv": {
								"north": {"uv": [54, 46], "uv_size": [0.75, 1]},
								"east": {"uv": [34, 11], "uv_size": [4.75, 1]},
								"south": {"uv": [49, 54], "uv_size": [0.75, 1]},
								"west": {"uv": [45, 34], "uv_size": [4.75, 1]},
								"up": {"uv": [23, 46], "uv_size": [0.75, 4.75]},
								"down": {"uv": [37, 51.75], "uv_size": [0.75, -4.75]}
							}
						},
						{
							"origin": [1.06446, 27.25879, -15.4518],
							"size": [0.75952, 1.07152, 22.21152],
							"inflate": 0.001,
							"pivot": [1.34504, 27.41964, -9.73711],
							"rotation": [0, 0, -42],
							"uv": {
								"north": {"uv": [43, 54], "uv_size": [0.75, 1]},
								"east": {"uv": [22, 6], "uv_size": [22.25, 1]},
								"south": {"uv": [44, 54], "uv_size": [0.75, 1]},
								"west": {"uv": [22, 7], "uv_size": [22.25, 1]},
								"up": {"uv": [21, 28], "uv_size": [0.75, 22.25]},
								"down": {"uv": [22, 50.25], "uv_size": [0.75, -22.25]}
							}
						},
						{
							"origin": [-1.78327, 27.24268, -0.24927],
							"size": [0.75952, 1.07152, 7.01152],
							"inflate": 0.001,
							"pivot": [-1.30433, 27.40353, -9.73711],
							"rotation": [0, 0, 43],
							"uv": {
								"north": {"uv": [54, 44], "uv_size": [0.75, 1]},
								"east": {"uv": [44, 13], "uv_size": [7, 1]},
								"south": {"uv": [45, 54], "uv_size": [0.75, 1]},
								"west": {"uv": [44, 14], "uv_size": [7, 1]},
								"up": {"uv": [45, 27], "uv_size": [0.75, 7]},
								"down": {"uv": [42, 52], "uv_size": [0.75, -7]}
							}
						},
						{
							"origin": [-1.02937, 27.82524, -0.24827],
							"size": [2.11904, 0.59104, 7.041],
							"inflate": 0.002,
							"uv": {
								"north": {"uv": [43, 53], "uv_size": [2, 0.5]},
								"east": {"uv": [46, 33], "uv_size": [7, 0.5]},
								"south": {"uv": [53, 43], "uv_size": [2, 0.5]},
								"west": {"uv": [47, 8], "uv_size": [7, 0.5]},
								"up": {"uv": [28, 30], "uv_size": [2, 7]},
								"down": {"uv": [30, 37], "uv_size": [2, -7]}
							}
						},
						{
							"origin": [-1.02937, 27.72524, -15.44827],
							"size": [2.11904, 0.69104, 12.241],
							"inflate": 0.002,
							"uv": {
								"north": {"uv": [53, 16], "uv_size": [2, 0.75]},
								"east": {"uv": [32, 4], "uv_size": [12.25, 0.75]},
								"south": {"uv": [53, 17], "uv_size": [2, 0.75]},
								"west": {"uv": [34, 12], "uv_size": [12.25, 0.75]},
								"up": {"uv": [0, 23], "uv_size": [2, 12.25]},
								"down": {"uv": [2, 36.25], "uv_size": [2, -12.25]}
							}
						},
						{
							"origin": [-1.78327, 27.24268, -15.4518],
							"size": [0.75952, 1.07152, 12.241],
							"inflate": 0.001,
							"pivot": [-1.30433, 27.40353, -20.93711],
							"rotation": [0, 0, 43],
							"uv": {
								"north": {"uv": [54, 45], "uv_size": [0.75, 1]},
								"east": {"uv": [29, 5], "uv_size": [12.25, 1]},
								"south": {"uv": [46, 54], "uv_size": [0.75, 1]},
								"west": {"uv": [31, 13], "uv_size": [12.25, 1]},
								"up": {"uv": [16, 42], "uv_size": [0.75, 12.25]},
								"down": {"uv": [17, 54.25], "uv_size": [0.75, -12.25]}
							}
						},
						{
							"origin": [-0.82937, 24.72524, -15.4473],
							"size": [1.91904, 1.49104, 4.241],
							"inflate": 0.002,
							"uv": {
								"north": {"uv": [46, 49], "uv_size": [2, 1.5]},
								"east": {"uv": [44, 15], "uv_size": [4.25, 1.5]},
								"south": {"uv": [48, 49], "uv_size": [2, 1.5]},
								"west": {"uv": [44, 17], "uv_size": [4.25, 1.5]},
								"up": {"uv": [34, 42], "uv_size": [2, 4.25]},
								"down": {"uv": [42, 39.25], "uv_size": [2, -4.25]}
							}
						},
						{
							"origin": [-0.242, 27.73643, -15.12221],
							"size": [0.542, 1.184, 0.912],
							"uv": {
								"north": {"uv": [55, 0], "uv_size": [0.5, 1.25]},
								"east": {"uv": [18, 53], "uv_size": [1, 1.25]},
								"south": {"uv": [1, 55], "uv_size": [0.5, 1.25]},
								"west": {"uv": [19, 53], "uv_size": [1, 1.25]},
								"up": {"uv": [14, 55], "uv_size": [0.5, 1]},
								"down": {"uv": [16, 56], "uv_size": [0.5, -1]}
							}
						},
						{
							"origin": [-0.231, 27.97261, -15.19626],
							"size": [0.532, 0.784, 0.312],
							"pivot": [0.056, 28.62854, -14.6947],
							"rotation": [-20, 0, 0],
							"uv": {
								"north": {"uv": [36, 55], "uv_size": [0.5, 0.75]},
								"east": {"uv": [55, 53], "uv_size": [0.25, 0.75]},
								"south": {"uv": [37, 55], "uv_size": [0.5, 0.75]},
								"west": {"uv": [55, 54], "uv_size": [0.25, 0.75]},
								"up": {"uv": [3, 56], "uv_size": [0.5, 0.25]},
								"down": {"uv": [56, 3.25], "uv_size": [0.5, -0.25]}
							}
						},
						{
							"origin": [0.372, 27.34546, 5.57718],
							"size": [0.228, 1.62, 0.57],
							"uv": {
								"north": {"uv": [26, 55], "uv_size": [0.25, 1.5]},
								"east": {"uv": [34, 54], "uv_size": [0.5, 1.5]},
								"south": {"uv": [27, 55], "uv_size": [0.25, 1.5]},
								"west": {"uv": [35, 54], "uv_size": [0.5, 1.5]},
								"up": {"uv": [55, 55], "uv_size": [0.25, 0.5]},
								"down": {"uv": [56, 0.5], "uv_size": [0.25, -0.5]}
							}
						},
						{
							"origin": [0.372, 28.34558, 4.50545],
							"size": [0.228, 0.49, 1.76],
							"pivot": [-0.135, 28.3205, 5.81051],
							"rotation": [61.3, 0, 0.1],
							"uv": {
								"north": {"uv": [56, 1], "uv_size": [0.25, 0.5]},
								"east": {"uv": [54, 20], "uv_size": [1.75, 0.5]},
								"south": {"uv": [2, 56], "uv_size": [0.25, 0.5]},
								"west": {"uv": [26, 54], "uv_size": [1.75, 0.5]},
								"up": {"uv": [21, 55], "uv_size": [0.25, 1.75]},
								"down": {"uv": [22, 56.75], "uv_size": [0.25, -1.75]}
							}
						},
						{
							"origin": [0.372, 28.04558, 6.00545],
							"size": [0.228, 0.59, 0.36],
							"pivot": [-0.135, 28.3205, 5.81051],
							"rotation": [29.3, 0, 0.1],
							"uv": {
								"north": {"uv": [4, 56], "uv_size": [0.25, 0.5]},
								"east": {"uv": [5, 56], "uv_size": [0.25, 0.5]},
								"south": {"uv": [56, 5], "uv_size": [0.25, 0.5]},
								"west": {"uv": [6, 56], "uv_size": [0.25, 0.5]},
								"up": {"uv": [56, 11], "uv_size": [0.25, 0.25]},
								"down": {"uv": [12, 56.25], "uv_size": [0.25, -0.25]}
							}
						},
						{
							"origin": [-0.53599, 28.04558, 6.00545],
							"size": [0.228, 0.59, 0.36],
							"pivot": [-1.135, 28.3205, 5.81051],
							"rotation": [29.3, 0, 0.1],
							"uv": {
								"north": {"uv": [56, 9], "uv_size": [0.25, 0.5]},
								"east": {"uv": [10, 56], "uv_size": [0.25, 0.5]},
								"south": {"uv": [56, 10], "uv_size": [0.25, 0.5]},
								"west": {"uv": [11, 56], "uv_size": [0.25, 0.5]},
								"up": {"uv": [56, 12], "uv_size": [0.25, 0.25]},
								"down": {"uv": [13, 56.25], "uv_size": [0.25, -0.25]}
							}
						},
						{
							"origin": [-0.53599, 28.34558, 4.50545],
							"size": [0.228, 0.49, 1.76],
							"pivot": [-1.135, 28.3205, 5.81051],
							"rotation": [61.3, 0, 0.1],
							"uv": {
								"north": {"uv": [56, 8], "uv_size": [0.25, 0.5]},
								"east": {"uv": [31, 54], "uv_size": [1.75, 0.5]},
								"south": {"uv": [9, 56], "uv_size": [0.25, 0.5]},
								"west": {"uv": [54, 31], "uv_size": [1.75, 0.5]},
								"up": {"uv": [23, 55], "uv_size": [0.25, 1.75]},
								"down": {"uv": [25, 56.75], "uv_size": [0.25, -1.75]}
							}
						},
						{
							"origin": [-0.53486, 27.34546, 5.57718],
							"size": [0.228, 1.62, 0.57],
							"uv": {
								"north": {"uv": [55, 44], "uv_size": [0.25, 1.5]},
								"east": {"uv": [54, 54], "uv_size": [0.5, 1.5]},
								"south": {"uv": [46, 55], "uv_size": [0.25, 1.5]},
								"west": {"uv": [0, 55], "uv_size": [0.5, 1.5]},
								"up": {"uv": [7, 56], "uv_size": [0.25, 0.5]},
								"down": {"uv": [8, 56.5], "uv_size": [0.25, -0.5]}
							}
						},
						{
							"origin": [-1.192, 26.6645, 2.34613],
							"size": [2.432, 1.064, 4.408],
							"uv": {
								"north": {"uv": [51, 3], "uv_size": [2.5, 1]},
								"east": {"uv": [46, 22], "uv_size": [4.5, 1]},
								"south": {"uv": [51, 20], "uv_size": [2.5, 1]},
								"west": {"uv": [46, 23], "uv_size": [4.5, 1]},
								"up": {"uv": [34, 33], "uv_size": [2.5, 4.5]},
								"down": {"uv": [35, 28.5], "uv_size": [2.5, -4.5]}
							}
						},
						{
							"origin": [-1.02933, 26.20861, 5.09966],
							"size": [2.119, 1.35904, 1.39904],
							"inflate": 0.002,
							"pivot": [-0.04203, 26.88813, 6.49918],
							"rotation": [-75, 0, 0],
							"uv": {
								"north": {"uv": [18, 51], "uv_size": [2, 1.25]},
								"east": {"uv": [53, 6], "uv_size": [1.5, 1.25]},
								"south": {"uv": [21, 51], "uv_size": [2, 1.25]},
								"west": {"uv": [7, 53], "uv_size": [1.5, 1.25]},
								"up": {"uv": [44, 49], "uv_size": [2, 1.5]},
								"down": {"uv": [49, 46.5], "uv_size": [2, -1.5]}
							}
						},
						{
							"origin": [-1.039, 26.21759, 6.13182],
							"size": [2.119, 1.35904, 2.29904],
							"inflate": 0.002,
							"pivot": [-0.03235, 26.89711, 6.43134],
							"rotation": [-101, 0, 0],
							"uv": {
								"north": {"uv": [51, 21], "uv_size": [2, 1.25]},
								"east": {"uv": [50, 6], "uv_size": [2.25, 1.25]},
								"south": {"uv": [51, 29], "uv_size": [2, 1.25]},
								"west": {"uv": [9, 50], "uv_size": [2.25, 1.25]},
								"up": {"uv": [47, 0], "uv_size": [2, 2.25]},
								"down": {"uv": [2, 49.25], "uv_size": [2, -2.25]}
							}
						},
						{
							"origin": [-1.762, 25.2205, -11.85027],
							"size": [0.96, 2.4, 8.641],
							"uv": {
								"north": {"uv": [3, 50], "uv_size": [1, 2.5]},
								"east": {"uv": [22, 8], "uv_size": [8.75, 2.5]},
								"south": {"uv": [31, 50], "uv_size": [1, 2.5]},
								"west": {"uv": [22, 11], "uv_size": [8.75, 2.5]},
								"up": {"uv": [18, 42], "uv_size": [1, 8.75]},
								"down": {"uv": [19, 50.75], "uv_size": [1, -8.75]}
							}
						},
						{
							"origin": [-1.762, 25.2205, -3.20927],
							"size": [0.96, 1.3, 2.952],
							"uv": {
								"north": {"uv": [22, 53], "uv_size": [1, 1.25]},
								"east": {"uv": [48, 47], "uv_size": [3, 1.25]},
								"south": {"uv": [25, 53], "uv_size": [1, 1.25]},
								"west": {"uv": [49, 0], "uv_size": [3, 1.25]},
								"up": {"uv": [8, 24], "uv_size": [1, 3]},
								"down": {"uv": [2, 53], "uv_size": [1, -3]}
							}
						},
						{
							"origin": [-1.762, 25.2205, -0.25027],
							"size": [0.96, 2.4, 7.012],
							"uv": {
								"north": {"uv": [43, 50], "uv_size": [1, 2.5]},
								"east": {"uv": [28, 24], "uv_size": [7, 2.5]},
								"south": {"uv": [14, 51], "uv_size": [1, 2.5]},
								"west": {"uv": [28, 27], "uv_size": [7, 2.5]},
								"up": {"uv": [13, 43], "uv_size": [1, 7]},
								"down": {"uv": [14, 50], "uv_size": [1, -7]}
							}
						},
						{
							"origin": [-0.846, 26.2865, -3.70387],
							"size": [1.52, 1.52, 0.22],
							"uv": {
								"north": {"uv": [52, 0], "uv_size": [1.5, 1.5]},
								"east": {"uv": [41, 55], "uv_size": [0.25, 1.5]},
								"south": {"uv": [9, 52], "uv_size": [1.5, 1.5]},
								"west": {"uv": [43, 55], "uv_size": [0.25, 1.5]},
								"up": {"uv": [55, 43], "uv_size": [1.5, 0.25]},
								"down": {"uv": [44, 55.25], "uv_size": [1.5, -0.25]}
							}
						},
						{
							"origin": [0.55, 25.2205, -11.85027],
							"size": [1.26, 2.4, 18.612],
							"uv": {
								"north": {"uv": [33, 49], "uv_size": [1.25, 2.5]},
								"east": {"uv": [10, 0], "uv_size": [18.5, 2.5]},
								"south": {"uv": [35, 49], "uv_size": [1.25, 2.5]},
								"west": {"uv": [10, 3], "uv_size": [18.5, 2.5]},
								"up": {"uv": [4, 24], "uv_size": [1.25, 18.5]},
								"down": {"uv": [6, 42.5], "uv_size": [1.25, -18.5]}
							}
						},
						{
							"origin": [-1.741, 26.78188, -11.92457],
							"size": [3.54, 1.23904, 0.37],
							"pivot": [0.04, 27.4014, -11.77505],
							"rotation": [90, 0, 0],
							"uv": {
								"north": {"uv": [44, 47], "uv_size": [3.5, 1.25]},
								"east": {"uv": [55, 46], "uv_size": [0.25, 1.25]},
								"south": {"uv": [48, 27], "uv_size": [3.5, 1.25]},
								"west": {"uv": [47, 55], "uv_size": [0.25, 1.25]},
								"up": {"uv": [54, 29], "uv_size": [3.5, 0.25]},
								"down": {"uv": [54, 30.25], "uv_size": [3.5, -0.25]}
							}
						},
						{
							"origin": [-1.74, 27.50775, -5.64247],
							"size": [0.44, 1.23904, 2.09904],
							"inflate": 0.002,
							"pivot": [0.792, 31.77727, -9.18495],
							"rotation": [-75, 0, 0],
							"uv": {
								"north": {"uv": [55, 9], "uv_size": [0.5, 1.25]},
								"east": {"uv": [51, 31], "uv_size": [2, 1.25]},
								"south": {"uv": [55, 13], "uv_size": [0.5, 1.25]},
								"west": {"uv": [44, 51], "uv_size": [2, 1.25]},
								"up": {"uv": [53, 52], "uv_size": [0.5, 2]},
								"down": {"uv": [54, 2], "uv_size": [0.5, -2]}
							}
						},
						{
							"origin": [1.56, 27.50775, -5.64247],
							"size": [0.24, 1.23904, 2.09904],
							"inflate": 0.002,
							"pivot": [0.792, 31.77727, -9.18495],
							"rotation": [-75, 0, 0],
							"uv": {
								"north": {"uv": [48, 55], "uv_size": [0.25, 1.25]},
								"east": {"uv": [47, 51], "uv_size": [2, 1.25]},
								"south": {"uv": [55, 48], "uv_size": [0.25, 1.25]},
								"west": {"uv": [49, 51], "uv_size": [2, 1.25]},
								"up": {"uv": [19, 55], "uv_size": [0.25, 2]},
								"down": {"uv": [20, 57], "uv_size": [0.25, -2]}
							}
						},
						{
							"origin": [-0.8023, 24.45496, -15.45],
							"size": [1.71904, 0.39104, 4.641],
							"inflate": 0.002,
							"uv": {
								"north": {"uv": [54, 27], "uv_size": [1.75, 0.5]},
								"east": {"uv": [51, 23], "uv_size": [4.75, 0.5]},
								"south": {"uv": [54, 28], "uv_size": [1.75, 0.5]},
								"west": {"uv": [51, 51], "uv_size": [4.75, 0.5]},
								"up": {"uv": [36, 42], "uv_size": [1.75, 4.75]},
								"down": {"uv": [42, 44.75], "uv_size": [1.75, -4.75]}
							}
						},
						{
							"origin": [-1.474, 25.20651, 3.91376],
							"size": [2.954, 2.516, 0.744],
							"pivot": [0.00766, 24.16451, 4.70776],
							"rotation": [-82.41804, 0, 0],
							"uv": {
								"north": {"uv": [7, 43], "uv_size": [3, 2.5]},
								"east": {"uv": [3, 53], "uv_size": [0.75, 2.5]},
								"south": {"uv": [10, 43], "uv_size": [3, 2.5]},
								"west": {"uv": [12, 53], "uv_size": [0.75, 2.5]},
								"up": {"uv": [52, 9], "uv_size": [3, 0.75]},
								"down": {"uv": [52, 10.75], "uv_size": [3, -0.75]}
							}
						},
						{
							"origin": [-0.26, 26.06426, 6.18453],
							"size": [0.541, 0.55904, 2.39904],
							"inflate": 0.002,
							"pivot": [0.0095, 25.74378, 7.43405],
							"rotation": [22, 0, 0],
							"uv": {
								"north": {"uv": [55, 52], "uv_size": [0.5, 0.5]},
								"east": {"uv": [53, 22], "uv_size": [2.5, 0.5]},
								"south": {"uv": [53, 55], "uv_size": [0.5, 0.5]},
								"west": {"uv": [26, 53], "uv_size": [2.5, 0.5]},
								"up": {"uv": [53, 27], "uv_size": [0.5, 2.5]},
								"down": {"uv": [53, 32.5], "uv_size": [0.5, -2.5]}
							}
						},
						{
							"origin": [-0.461, 23.77829, 6.67079],
							"size": [0.941, 0.85904, 2.49904],
							"inflate": 0.002,
							"pivot": [0.05948, 24.35781, -2.72969],
							"rotation": [10, 0, 0],
							"uv": {
								"north": {"uv": [53, 54], "uv_size": [1, 0.75]},
								"east": {"uv": [52, 48], "uv_size": [2.5, 0.75]},
								"south": {"uv": [54, 53], "uv_size": [1, 0.75]},
								"west": {"uv": [53, 15], "uv_size": [2.5, 0.75]},
								"up": {"uv": [46, 51], "uv_size": [1, 2.5]},
								"down": {"uv": [51, 48.5], "uv_size": [1, -2.5]}
							}
						},
						{
							"origin": [-1.562, 25.2205, -15.45027],
							"size": [0.76, 2.4, 4.641],
							"uv": {
								"north": {"uv": [53, 12], "uv_size": [0.75, 2.5]},
								"east": {"uv": [34, 8], "uv_size": [4.75, 2.5]},
								"south": {"uv": [13, 53], "uv_size": [0.75, 2.5]},
								"west": {"uv": [34, 30], "uv_size": [4.75, 2.5]},
								"up": {"uv": [26, 48], "uv_size": [0.75, 4.75]},
								"down": {"uv": [32, 52.75], "uv_size": [0.75, -4.75]}
							}
						},
						{
							"origin": [0.55, 25.1205, -15.45027],
							"size": [1.06, 2.5, 4.612],
							"uv": {
								"north": {"uv": [23, 51], "uv_size": [1, 2.5]},
								"east": {"uv": [24, 37], "uv_size": [4.5, 2.5]},
								"south": {"uv": [51, 43], "uv_size": [1, 2.5]},
								"west": {"uv": [37, 33], "uv_size": [4.5, 2.5]},
								"up": {"uv": [9, 12], "uv_size": [1, 4.5]},
								"down": {"uv": [43, 49.5], "uv_size": [1, -4.5]}
							}
						}
					]
				},
				{
					"name": "bone",
					"parent": "gun",
					"pivot": [1.126, 24.0805, -3.53787]
				},
				{
					"name": "trigger",
					"parent": "gun",
					"pivot": [0.024, 23.88021, -3.1112],
					"rotation": [-10, 0, 0],
					"cubes": [
						{
							"origin": [-0.432, 21.90402, -3.40602],
							"size": [0.912, 1.888, 0.608],
							"inflate": -0.1,
							"pivot": [0.024, 23.54697, -1.82331],
							"rotation": [-6, 0, 0],
							"uv": {
								"north": {"uv": [52, 15], "uv_size": [1, 2]},
								"east": {"uv": [41, 53], "uv_size": [0.5, 2]},
								"south": {"uv": [52, 27], "uv_size": [1, 2]},
								"west": {"uv": [53, 44], "uv_size": [0.5, 2]},
								"up": {"uv": [55, 16], "uv_size": [1, 0.5]},
								"down": {"uv": [17, 55.5], "uv_size": [1, -0.5]}
							}
						},
						{
							"origin": [-0.427, 19.66722, -3.46836],
							"size": [0.912, 1.888, 0.608],
							"inflate": -0.1,
							"pivot": [0.024, 21.92907, -2.00629],
							"rotation": [-37, 0, 0],
							"uv": {
								"north": {"uv": [42, 52], "uv_size": [1, 2]},
								"east": {"uv": [47, 53], "uv_size": [0.5, 2]},
								"south": {"uv": [52, 43], "uv_size": [1, 2]},
								"west": {"uv": [48, 53], "uv_size": [0.5, 2]},
								"up": {"uv": [55, 17], "uv_size": [1, 0.5]},
								"down": {"uv": [18, 55.5], "uv_size": [1, -0.5]}
							}
						}
					]
				},
				{
					"name": "magazine",
					"parent": "main",
					"pivot": [0.7, 10.05, -3.95],
					"cubes": [
						{
							"origin": [-0.8175, 13.86409, 0.53428],
							"size": [2.07, 10.35, 2.553],
							"pivot": [-0.3, 21.50584, 1.96603],
							"rotation": [18, 0, 0],
							"uv": {
								"north": {"uv": [24, 14], "uv_size": [2, 10.25]},
								"east": {"uv": [13, 6], "uv_size": [2.5, 10.25]},
								"south": {"uv": [24, 25], "uv_size": [2, 10.25]},
								"west": {"uv": [16, 6], "uv_size": [2.5, 10.25]},
								"up": {"uv": [22, 14], "uv_size": [2, 2.5]},
								"down": {"uv": [45, 2.5], "uv_size": [2, -2.5]}
							}
						},
						{
							"origin": [-1.16219, 13.8644, 0.53459],
							"size": [0.68938, 10.34938, 2.55238],
							"inflate": 0.001,
							"pivot": [-0.3, 21.50584, 1.96603],
							"rotation": [18, 0, 0],
							"uv": {
								"north": {"uv": [38, 42], "uv_size": [0.75, 10.25]},
								"east": {"uv": [9, 17], "uv_size": [2.5, 10.25]},
								"south": {"uv": [4, 43], "uv_size": [0.75, 10.25]},
								"west": {"uv": [12, 17], "uv_size": [2.5, 10.25]},
								"up": {"uv": [52, 45], "uv_size": [0.75, 2.5]},
								"down": {"uv": [51, 54.5], "uv_size": [0.75, -2.5]}
							}
						}
					]
				},
				{
					"name": "bullet",
					"parent": "magazine",
					"pivot": [0.05, 24.7, -9.4],
					"cubes": [
						{
							"origin": [-1.24154, 23.6123, 0.97578],
							"size": [0.566, 0.566, 1.739],
							"inflate": 0.2,
							"pivot": [-0.3, 21.50584, 1.96603],
							"rotation": [16.87458, -6.35808, 20.05594],
							"uv": {
								"north": {"uv": [49, 55], "uv_size": [0.5, 0.5]},
								"east": {"uv": [54, 5], "uv_size": [1.75, 0.5]},
								"south": {"uv": [50, 55], "uv_size": [0.5, 0.5]},
								"west": {"uv": [54, 8], "uv_size": [1.75, 0.5]},
								"up": {"uv": [6, 54], "uv_size": [0.5, 1.75]},
								"down": {"uv": [9, 55.75], "uv_size": [0.5, -1.75]}
							}
						}
					]
				},
				{
					"name": "magazine2",
					"parent": "main",
					"pivot": [0.7, 10.05, -3.95],
					"cubes": [
						{
							"origin": [-0.8299, 13.8484, 0.55079],
							"size": [2.07, 10.35, 2.553],
							"pivot": [-0.3124, 21.49015, 1.98254],
							"rotation": [18, 0, 0],
							"uv": {
								"north": {"uv": [26, 14], "uv_size": [2, 10.25]},
								"east": {"uv": [15, 17], "uv_size": [2.5, 10.25]},
								"south": {"uv": [26, 25], "uv_size": [2, 10.25]},
								"west": {"uv": [18, 17], "uv_size": [2.5, 10.25]},
								"up": {"uv": [45, 6], "uv_size": [2, 2.5]},
								"down": {"uv": [7, 48.5], "uv_size": [2, -2.5]}
							}
						},
						{
							"origin": [-1.17459, 13.84871, 0.5511],
							"size": [0.68938, 10.34938, 2.55238],
							"inflate": 0.001,
							"pivot": [-0.3124, 21.49015, 1.98254],
							"rotation": [18, 0, 0],
							"uv": {
								"north": {"uv": [5, 43], "uv_size": [0.75, 10.25]},
								"east": {"uv": [19, 6], "uv_size": [2.5, 10.25]},
								"south": {"uv": [6, 43], "uv_size": [0.75, 10.25]},
								"west": {"uv": [21, 17], "uv_size": [2.5, 10.25]},
								"up": {"uv": [52, 52], "uv_size": [0.75, 2.5]},
								"down": {"uv": [2, 55.5], "uv_size": [0.75, -2.5]}
							}
						}
					]
				},
				{
					"name": "bullet2",
					"parent": "magazine2",
					"pivot": [-0.3624, 30.08431, -17.1835],
					"cubes": [
						{
							"origin": [-1.25394, 23.59661, 0.99229],
							"size": [0.566, 0.566, 1.739],
							"inflate": 0.2,
							"pivot": [-0.3124, 21.49015, 1.98254],
							"rotation": [16.87458, -6.35808, 20.05594],
							"uv": {
								"north": {"uv": [51, 55], "uv_size": [0.5, 0.5]},
								"east": {"uv": [54, 11], "uv_size": [1.75, 0.5]},
								"south": {"uv": [52, 55], "uv_size": [0.5, 0.5]},
								"west": {"uv": [54, 12], "uv_size": [1.75, 0.5]},
								"up": {"uv": [10, 54], "uv_size": [0.5, 1.75]},
								"down": {"uv": [54, 14.75], "uv_size": [0.5, -1.75]}
							}
						}
					]
				},
				{
					"name": "rightarm",
					"parent": "main",
					"pivot": [-5.2, 15.5, 25.8],
					"rotation": [-101.81106, -12.40003, -2.46982],
					"cubes": [
						{
							"origin": [-9.2, -8.5, 21.8],
							"size": [8, 24, 8],
							"uv": {
								"north": {"uv": [23.75, 20.25], "uv_size": [8, 24]},
								"east": {"uv": [15.75, 20.25], "uv_size": [8, 24]},
								"south": {"uv": [39.75, 20.25], "uv_size": [8, 24]},
								"west": {"uv": [31.75, 20.25], "uv_size": [8, 24]},
								"up": {"uv": [23.75, 12.25], "uv_size": [8, 8]},
								"down": {"uv": [9.2, 65.2], "uv_size": [-8, -8]}
							}
						}
					]
				},
				{
					"name": "leftarm",
					"parent": "main",
					"pivot": [10.7, 15.3, 12.4],
					"rotation": [-119.61483, 1.67666, -38.31282],
					"cubes": [
						{
							"origin": [3.82256, -0.95844, 5.99404],
							"size": [8, 24, 8],
							"uv": {
								"north": {"uv": [23.5, 16.75], "uv_size": [8, 24]},
								"east": {"uv": [15.5, 16.75], "uv_size": [8, 24]},
								"south": {"uv": [39.5, 16.75], "uv_size": [8, 24]},
								"west": {"uv": [31.5, 16.75], "uv_size": [8, 24]},
								"up": {"uv": [23.5, 8.75], "uv_size": [8, 8]},
								"down": {"uv": [8, 81.00596], "uv_size": [-8, -8]}
							}
						}
					]
				},
				{
					"name": "muzzleflash",
					"parent": "main",
					"pivot": [0, 26.75, -15.95],
					"cubes": [
						{
							"origin": [-0.5, 26.25, -16.45],
							"size": [1, 1, 1],
							"inflate": -0.4,
							"uv": {
								"north": {"uv": [26, 13], "uv_size": [1, 1]},
								"east": {"uv": [43, 19], "uv_size": [1, 1]},
								"south": {"uv": [8, 50], "uv_size": [1, 1]},
								"west": {"uv": [4, 54], "uv_size": [1, 1]},
								"up": {"uv": [17, 54], "uv_size": [1, 1]},
								"down": {"uv": [18, 55], "uv_size": [1, -1]}
							}
						}
					]
				},
				{
					"name": "scope",
					"parent": "main",
					"pivot": [0.03, 28.65, 17.5],
					"cubes": [
						{
							"origin": [-0.47, 28.15, 17],
							"size": [1, 1, 1],
							"inflate": -0.4,
							"uv": {
								"north": {"uv": [2, 23], "uv_size": [1, 1]},
								"east": {"uv": [8, 27], "uv_size": [1, 1]},
								"south": {"uv": [38, 28], "uv_size": [1, 1]},
								"west": {"uv": [41, 27], "uv_size": [1, 1]},
								"up": {"uv": [33, 48], "uv_size": [1, 1]},
								"down": {"uv": [40, 54], "uv_size": [1, -1]}
							}
						}
					]
				}
			]
		}
	]
}