{
	"format_version": "1.12.0",
	"minecraft:geometry": [
		{
			"description": {
				"identifier": "geometry.unknown",
				"texture_width": 64,
				"texture_height": 64,
				"visible_bounds_width": 8,
				"visible_bounds_height": 4,
				"visible_bounds_offset": [0, 1, 0]
			},
			"bones": [
				{
					"name": "main",
					"pivot": [0, 23.3, 6.3]
				},
				{
					"name": "gun",
					"parent": "main",
					"pivot": [0.784, 16.3665, 3.41613],
					"cubes": [
						{
							"origin": [-1.41236, 14.4223, 0.59089],
							"size": [2.84, 10.356, 5.32],
							"pivot": [0.00764, 20.3503, 3.25089],
							"rotation": [17.08474, 0, 0],
							"uv": {
								"north": {"uv": [0, 14], "uv_size": [2.75, 10.25]},
								"east": {"uv": [0, 0], "uv_size": [5.25, 10.25]},
								"south": {"uv": [3, 14], "uv_size": [2.75, 10.25]},
								"west": {"uv": [6, 0], "uv_size": [5.25, 10.25]},
								"up": {"uv": [2, 28], "uv_size": [2.75, 5.25]},
								"down": {"uv": [5, 33.25], "uv_size": [2.75, -5.25]}
							}
						},
						{
							"origin": [-1.477, 24.02426, 3.78586],
							"size": [2.964, 3.216, 1.444],
							"pivot": [0.00766, 24.18226, 4.67986],
							"rotation": [-90.41804, 0, 0],
							"uv": {
								"north": {"uv": [36, 14], "uv_size": [3, 3.25]},
								"east": {"uv": [11, 45], "uv_size": [1.5, 3.25]},
								"south": {"uv": [37, 21], "uv_size": [3, 3.25]},
								"west": {"uv": [13, 45], "uv_size": [1.5, 3.25]},
								"up": {"uv": [45, 21], "uv_size": [3, 1.5]},
								"down": {"uv": [24, 46.5], "uv_size": [3, -1.5]}
							}
						},
						{
							"origin": [-1.477, 26.12426, 4.78586],
							"size": [2.964, 1.816, 0.644],
							"pivot": [0.00766, 24.18226, 4.67986],
							"rotation": [-90.41804, 0, 0],
							"uv": {
								"north": {"uv": [40, 44], "uv_size": [3, 1.75]},
								"east": {"uv": [43, 53], "uv_size": [0.75, 1.75]},
								"south": {"uv": [44, 40], "uv_size": [3, 1.75]},
								"west": {"uv": [54, 11], "uv_size": [0.75, 1.75]},
								"up": {"uv": [15, 52], "uv_size": [3, 0.75]},
								"down": {"uv": [52, 16.75], "uv_size": [3, -0.75]}
							}
						},
						{
							"origin": [-1.469, 23.50651, 5.11376],
							"size": [2.954, 3.116, 1.444],
							"pivot": [0.00766, 24.16451, 4.70776],
							"rotation": [-63.41804, 0, 0],
							"uv": {
								"north": {"uv": [37, 30], "uv_size": [3, 3]},
								"east": {"uv": [34, 45], "uv_size": [1.5, 3]},
								"south": {"uv": [37, 33], "uv_size": [3, 3]},
								"west": {"uv": [43, 45], "uv_size": [1.5, 3]},
								"up": {"uv": [45, 30], "uv_size": [3, 1.5]},
								"down": {"uv": [45, 46.5], "uv_size": [3, -1.5]}
							}
						},
						{
							"origin": [-1.469, 15.40651, 6.01376],
							"size": [2.954, 5.416, 1.644],
							"pivot": [0.00766, 24.16451, 4.70776],
							"rotation": [-106.41804, 0, 0],
							"uv": {
								"north": {"uv": [26, 19], "uv_size": [3, 5.5]},
								"east": {"uv": [5, 38], "uv_size": [1.5, 5.5]},
								"south": {"uv": [26, 25], "uv_size": [3, 5.5]},
								"west": {"uv": [34, 39], "uv_size": [1.5, 5.5]},
								"up": {"uv": [46, 11], "uv_size": [3, 1.5]},
								"down": {"uv": [27, 47.5], "uv_size": [3, -1.5]}
							}
						},
						{
							"origin": [-1.56166, 20.37887, -5.69247],
							"size": [2.988, 4.084, 0.408],
							"inflate": -0.1,
							"uv": {
								"north": {"uv": [2, 34], "uv_size": [3, 4]},
								"east": {"uv": [20, 51], "uv_size": [0.5, 4]},
								"south": {"uv": [5, 34], "uv_size": [3, 4]},
								"west": {"uv": [25, 52], "uv_size": [0.5, 4]},
								"up": {"uv": [53, 26], "uv_size": [3, 0.5]},
								"down": {"uv": [36, 53.5], "uv_size": [3, -0.5]}
							}
						},
						{
							"origin": [-1.5522, 20.37887, -5.89247],
							"size": [2.978, 4.084, 0.408],
							"inflate": -0.1,
							"pivot": [0.03234, 20.34342, -5.58584],
							"rotation": [-3, 0, 0],
							"uv": {
								"north": {"uv": [34, 21], "uv_size": [3, 4]},
								"east": {"uv": [44, 52], "uv_size": [0.5, 4]},
								"south": {"uv": [34, 30], "uv_size": [3, 4]},
								"west": {"uv": [45, 52], "uv_size": [0.5, 4]},
								"up": {"uv": [53, 50], "uv_size": [3, 0.5]},
								"down": {"uv": [51, 53.5], "uv_size": [3, -0.5]}
							}
						},
						{
							"origin": [-0.532, 23.54581, -5.99066],
							"size": [1.112, 1.284, 0.808],
							"inflate": -0.1,
							"pivot": [0.024, 24.13781, -5.58666],
							"rotation": [-90, -0.1, 0],
							"uv": {
								"north": {"uv": [12, 54], "uv_size": [1, 1.25]},
								"east": {"uv": [9, 55], "uv_size": [0.75, 1.25]},
								"south": {"uv": [54, 14], "uv_size": [1, 1.25]},
								"west": {"uv": [10, 55], "uv_size": [0.75, 1.25]},
								"up": {"uv": [29, 55], "uv_size": [1, 0.75]},
								"down": {"uv": [55, 29.75], "uv_size": [1, -0.75]}
							}
						},
						{
							"origin": [-1.527, 22.66242, -5.33877],
							"size": [2.902, 1.788, 1.308],
							"inflate": -0.1,
							"pivot": [0.024, 24.32642, -4.63477],
							"rotation": [-55, 0, 0],
							"uv": {
								"north": {"uv": [44, 26], "uv_size": [3, 1.75]},
								"east": {"uv": [23, 52], "uv_size": [1.25, 1.75]},
								"south": {"uv": [44, 28], "uv_size": [3, 1.75]},
								"west": {"uv": [31, 52], "uv_size": [1.25, 1.75]},
								"up": {"uv": [47, 5], "uv_size": [3, 1.25]},
								"down": {"uv": [47, 8.25], "uv_size": [3, -1.25]}
							}
						},
						{
							"origin": [-1.532, 21.2855, -4.8463],
							"size": [2.912, 0.888, 0.508],
							"inflate": -0.1,
							"pivot": [0.024, 21.3295, -5.1423],
							"rotation": [-138.5, 0, 0],
							"uv": {
								"north": {"uv": [49, 12], "uv_size": [3, 1]},
								"east": {"uv": [22, 56], "uv_size": [0.5, 1]},
								"south": {"uv": [49, 19], "uv_size": [3, 1]},
								"west": {"uv": [23, 56], "uv_size": [0.5, 1]},
								"up": {"uv": [53, 48], "uv_size": [3, 0.5]},
								"down": {"uv": [53, 49.5], "uv_size": [3, -0.5]}
							}
						},
						{
							"origin": [-1.56421, 19.18308, -6.14302],
							"size": [2.9928, 0.6128, 4.3888],
							"inflate": -0.11,
							"pivot": [1.28619, 19.00948, -1.65262],
							"rotation": [-16, -0.1, 0],
							"uv": {
								"north": {"uv": [53, 8], "uv_size": [3, 0.5]},
								"east": {"uv": [50, 29], "uv_size": [4.5, 0.5]},
								"south": {"uv": [53, 20], "uv_size": [3, 0.5]},
								"west": {"uv": [51, 13], "uv_size": [4.5, 0.5]},
								"up": {"uv": [31, 21], "uv_size": [3, 4.5]},
								"down": {"uv": [26, 35.5], "uv_size": [3, -4.5]}
							}
						},
						{
							"origin": [-1.56818, 19.52264, -1.87104],
							"size": [2.9928, 0.6128, 1.5888],
							"inflate": -0.11,
							"pivot": [1.28222, 19.34904, 0.61936],
							"rotation": [7, -0.1, 0],
							"uv": {
								"north": {"uv": [6, 54], "uv_size": [3, 0.5]},
								"east": {"uv": [52, 19], "uv_size": [4.5, 0.5]},
								"south": {"uv": [9, 54], "uv_size": [3, 0.5]},
								"west": {"uv": [52, 27], "uv_size": [4.5, 0.5]},
								"up": {"uv": [31, 30], "uv_size": [3, 4.5]},
								"down": {"uv": [33, 18.5], "uv_size": [3, -4.5]}
							}
						},
						{
							"origin": [-1.5124, 23.79651, -6.88259],
							"size": [0.94, 1.23904, 11.39904],
							"inflate": 0.002,
							"uv": {
								"north": {"uv": [18, 54], "uv_size": [1, 1.25]},
								"east": {"uv": [28, 10], "uv_size": [11.5, 1.25]},
								"south": {"uv": [23, 54], "uv_size": [1, 1.25]},
								"west": {"uv": [28, 12], "uv_size": [11.5, 1.25]},
								"up": {"uv": [24, 33], "uv_size": [1, 11.5]},
								"down": {"uv": [25, 44.5], "uv_size": [1, -11.5]}
							}
						},
						{
							"origin": [0.5876, 23.79651, -6.88259],
							"size": [0.94, 1.23904, 11.39904],
							"inflate": 0.002,
							"uv": {
								"north": {"uv": [24, 54], "uv_size": [1, 1.25]},
								"east": {"uv": [29, 26], "uv_size": [11.5, 1.25]},
								"south": {"uv": [31, 54], "uv_size": [1, 1.25]},
								"west": {"uv": [29, 28], "uv_size": [11.5, 1.25]},
								"up": {"uv": [21, 34], "uv_size": [1, 11.5]},
								"down": {"uv": [22, 45.5], "uv_size": [1, -11.5]}
							}
						},
						{
							"origin": [-0.6124, 23.7975, -6.8821],
							"size": [1.24, 0.73904, 11.39904],
							"inflate": 0.002,
							"uv": {
								"north": {"uv": [55, 11], "uv_size": [1.25, 0.75]},
								"east": {"uv": [34, 25], "uv_size": [11.5, 0.75]},
								"south": {"uv": [55, 12], "uv_size": [1.25, 0.75]},
								"west": {"uv": [36, 18], "uv_size": [11.5, 0.75]},
								"up": {"uv": [8, 28], "uv_size": [1.25, 11.5]},
								"down": {"uv": [29, 25.5], "uv_size": [1.25, -11.5]}
							}
						},
						{
							"origin": [0.5876, 23.79651, -11.48259],
							"size": [0.94, 1.23904, 0.59904],
							"inflate": 0.002,
							"uv": {
								"north": {"uv": [38, 54], "uv_size": [1, 1.25]},
								"east": {"uv": [56, 3], "uv_size": [0.5, 1.25]},
								"south": {"uv": [39, 54], "uv_size": [1, 1.25]},
								"west": {"uv": [5, 56], "uv_size": [0.5, 1.25]},
								"up": {"uv": [33, 56], "uv_size": [1, 0.5]},
								"down": {"uv": [56, 33.5], "uv_size": [1, -0.5]}
							}
						},
						{
							"origin": [-0.6124, 23.7975, -11.4821],
							"size": [1.24, 0.73904, 0.59904],
							"inflate": 0.002,
							"uv": {
								"north": {"uv": [13, 55], "uv_size": [1.25, 0.75]},
								"east": {"uv": [56, 50], "uv_size": [0.5, 0.75]},
								"south": {"uv": [55, 14], "uv_size": [1.25, 0.75]},
								"west": {"uv": [56, 51], "uv_size": [0.5, 0.75]},
								"up": {"uv": [56, 2], "uv_size": [1.25, 0.5]},
								"down": {"uv": [3, 56.5], "uv_size": [1.25, -0.5]}
							}
						},
						{
							"origin": [-1.5124, 23.79651, -11.48259],
							"size": [0.94, 1.23904, 0.59904],
							"inflate": 0.002,
							"uv": {
								"north": {"uv": [36, 54], "uv_size": [1, 1.25]},
								"east": {"uv": [56, 0], "uv_size": [0.5, 1.25]},
								"south": {"uv": [37, 54], "uv_size": [1, 1.25]},
								"west": {"uv": [2, 56], "uv_size": [0.5, 1.25]},
								"up": {"uv": [56, 31], "uv_size": [1, 0.5]},
								"down": {"uv": [32, 56.5], "uv_size": [1, -0.5]}
							}
						},
						{
							"origin": [-1.5124, 23.79651, -10.38259],
							"size": [3.04, 1.23904, 0.59904],
							"inflate": 0.002,
							"uv": {
								"north": {"uv": [45, 47], "uv_size": [3, 1.25]},
								"east": {"uv": [12, 56], "uv_size": [0.5, 1.25]},
								"south": {"uv": [48, 13], "uv_size": [3, 1.25]},
								"west": {"uv": [13, 56], "uv_size": [0.5, 1.25]},
								"up": {"uv": [54, 9], "uv_size": [3, 0.5]},
								"down": {"uv": [54, 10.5], "uv_size": [3, -0.5]}
							}
						},
						{
							"origin": [-1.5124, 23.79651, -9.28259],
							"size": [3.04, 1.23904, 0.59904],
							"inflate": 0.002,
							"uv": {
								"north": {"uv": [24, 47], "uv_size": [3, 1.25]},
								"east": {"uv": [6, 56], "uv_size": [0.5, 1.25]},
								"south": {"uv": [47, 26], "uv_size": [3, 1.25]},
								"west": {"uv": [7, 56], "uv_size": [0.5, 1.25]},
								"up": {"uv": [53, 51], "uv_size": [3, 0.5]},
								"down": {"uv": [53, 52.5], "uv_size": [3, -0.5]}
							}
						},
						{
							"origin": [-1.5124, 23.79651, -8.08259],
							"size": [3.04, 1.23904, 0.59904],
							"inflate": 0.002,
							"uv": {
								"north": {"uv": [47, 28], "uv_size": [3, 1.25]},
								"east": {"uv": [56, 7], "uv_size": [0.5, 1.25]},
								"south": {"uv": [47, 40], "uv_size": [3, 1.25]},
								"west": {"uv": [8, 56], "uv_size": [0.5, 1.25]},
								"up": {"uv": [0, 54], "uv_size": [3, 0.5]},
								"down": {"uv": [3, 54.5], "uv_size": [3, -0.5]}
							}
						},
						{
							"origin": [-0.6124, 24.1975, -10.8821],
							"size": [1.24, 0.33904, 4.29904],
							"inflate": 0.002,
							"uv": {
								"north": {"uv": [52, 56], "uv_size": [1.25, 0.25]},
								"east": {"uv": [54, 32], "uv_size": [4.25, 0.25]},
								"south": {"uv": [56, 52], "uv_size": [1.25, 0.25]},
								"west": {"uv": [54, 40], "uv_size": [4.25, 0.25]},
								"up": {"uv": [31, 44], "uv_size": [1.25, 4.25]},
								"down": {"uv": [44, 39.25], "uv_size": [1.25, -4.25]}
							}
						},
						{
							"origin": [-1.4124, 24.19651, -10.88259],
							"size": [0.84, 0.83904, 4.29904],
							"inflate": 0.002,
							"uv": {
								"north": {"uv": [15, 56], "uv_size": [0.75, 0.75]},
								"east": {"uv": [48, 48], "uv_size": [4.25, 0.75]},
								"south": {"uv": [16, 56], "uv_size": [0.75, 0.75]},
								"west": {"uv": [11, 49], "uv_size": [4.25, 0.75]},
								"up": {"uv": [28, 14], "uv_size": [0.75, 4.25]},
								"down": {"uv": [43, 52.25], "uv_size": [0.75, -4.25]}
							}
						},
						{
							"origin": [0.5876, 24.19651, -10.88259],
							"size": [0.84, 0.83904, 3.99904],
							"inflate": 0.002,
							"uv": {
								"north": {"uv": [56, 13], "uv_size": [0.75, 0.75]},
								"east": {"uv": [49, 20], "uv_size": [4, 0.75]},
								"south": {"uv": [14, 56], "uv_size": [0.75, 0.75]},
								"west": {"uv": [46, 49], "uv_size": [4, 0.75]},
								"up": {"uv": [7, 49], "uv_size": [0.75, 4]},
								"down": {"uv": [26, 53], "uv_size": [0.75, -4]}
							}
						},
						{
							"origin": [-1.43552, 21.71022, -2.05079],
							"size": [2.71904, 0.91104, 2.06704],
							"inflate": 0.002,
							"pivot": [0.024, 20.96574, -0.81727],
							"rotation": [-116.5, -0.1, 0],
							"uv": {
								"north": {"uv": [50, 5], "uv_size": [2.75, 1]},
								"east": {"uv": [52, 28], "uv_size": [2, 1]},
								"south": {"uv": [50, 6], "uv_size": [2.75, 1]},
								"west": {"uv": [52, 40], "uv_size": [2, 1]},
								"up": {"uv": [42, 30], "uv_size": [2.75, 2]},
								"down": {"uv": [43, 13], "uv_size": [2.75, -2]}
							}
						},
						{
							"origin": [-1.43552, 18.30868, -2.26143],
							"size": [2.71904, 0.91104, 3.36704],
							"inflate": 0.002,
							"pivot": [0.024, 19.2642, 0.27209],
							"rotation": [160.5, 0.2, 0],
							"uv": {
								"north": {"uv": [50, 7], "uv_size": [2.75, 1]},
								"east": {"uv": [48, 15], "uv_size": [3.25, 1]},
								"south": {"uv": [50, 8], "uv_size": [2.75, 1]},
								"west": {"uv": [48, 16], "uv_size": [3.25, 1]},
								"up": {"uv": [37, 36], "uv_size": [2.75, 3.25]},
								"down": {"uv": [2, 41.25], "uv_size": [2.75, -3.25]}
							}
						}
					]
				},
				{
					"name": "bulletejec",
					"parent": "gun",
					"pivot": [0.03015, 27.67076, -4.62777],
					"cubes": [
						{
							"origin": [-0.82937, 26.42524, -3.34827],
							"size": [1.71904, 1.39104, 3.241],
							"inflate": 0.002,
							"uv": {
								"north": {"uv": [50, 9], "uv_size": [1.75, 1.5]},
								"east": {"uv": [15, 45], "uv_size": [3.25, 1.5]},
								"south": {"uv": [11, 50], "uv_size": [1.75, 1.5]},
								"west": {"uv": [45, 19], "uv_size": [3.25, 1.5]},
								"up": {"uv": [42, 26], "uv_size": [1.75, 3.25]},
								"down": {"uv": [43, 22.25], "uv_size": [1.75, -3.25]}
							}
						}
					]
				},
				{
					"name": "slide",
					"parent": "gun",
					"pivot": [-1.002, 27.1205, -13.64587],
					"cubes": [
						{
							"origin": [-2.09265, 24.01675, -11.4518],
							"size": [0.96096, 1.06496, 18.157],
							"inflate": -0.002,
							"pivot": [-2.09217, 25.53723, -11.25939],
							"rotation": [0, 0, -46],
							"uv": {
								"north": {"uv": [25, 13], "uv_size": [1, 1]},
								"east": {"uv": [25, 6], "uv_size": [18.25, 1]},
								"south": {"uv": [28, 36], "uv_size": [1, 1]},
								"west": {"uv": [25, 7], "uv_size": [18.25, 1]},
								"up": {"uv": [19, 25], "uv_size": [1, 18.25]},
								"down": {"uv": [20, 43.25], "uv_size": [1, -18.25]}
							}
						},
						{
							"origin": [1.16101, 23.92393, -11.4518],
							"size": [0.76096, 1.06496, 18.157],
							"inflate": -0.002,
							"pivot": [2.14017, 25.23323, -11.25939],
							"rotation": [0, 0, 46],
							"uv": {
								"north": {"uv": [22, 55], "uv_size": [0.75, 1]},
								"east": {"uv": [25, 8], "uv_size": [18.25, 1]},
								"south": {"uv": [26, 55], "uv_size": [0.75, 1]},
								"west": {"uv": [25, 9], "uv_size": [18.25, 1]},
								"up": {"uv": [23, 25], "uv_size": [0.75, 18.25]},
								"down": {"uv": [10, 46.25], "uv_size": [0.75, -18.25]}
							}
						},
						{
							"origin": [1.06446, 27.25879, -0.24927],
							"size": [0.75952, 1.07152, 7.01152],
							"inflate": 0.001,
							"pivot": [1.34504, 27.41964, -9.73711],
							"rotation": [0, 0, -42],
							"uv": {
								"north": {"uv": [35, 55], "uv_size": [0.75, 1]},
								"east": {"uv": [12, 9], "uv_size": [7, 1]},
								"south": {"uv": [55, 35], "uv_size": [0.75, 1]},
								"west": {"uv": [12, 10], "uv_size": [7, 1]},
								"up": {"uv": [20, 44], "uv_size": [0.75, 7]},
								"down": {"uv": [23, 51], "uv_size": [0.75, -7]}
							}
						},
						{
							"origin": [-1.78327, 27.24268, -0.24927],
							"size": [0.75952, 1.07152, 7.01152],
							"inflate": 0.001,
							"pivot": [-1.30433, 27.40353, -9.73711],
							"rotation": [0, 0, 43],
							"uv": {
								"north": {"uv": [55, 36], "uv_size": [0.75, 1]},
								"east": {"uv": [40, 0], "uv_size": [7, 1]},
								"south": {"uv": [55, 37], "uv_size": [0.75, 1]},
								"west": {"uv": [40, 1], "uv_size": [7, 1]},
								"up": {"uv": [37, 44], "uv_size": [0.75, 7]},
								"down": {"uv": [38, 51], "uv_size": [0.75, -7]}
							}
						},
						{
							"origin": [-1.02937, 27.82524, -0.24827],
							"size": [2.11904, 0.59104, 7.041],
							"inflate": 0.002,
							"uv": {
								"north": {"uv": [54, 54], "uv_size": [2, 0.5]},
								"east": {"uv": [47, 24], "uv_size": [7, 0.5]},
								"south": {"uv": [0, 55], "uv_size": [2, 0.5]},
								"west": {"uv": [47, 32], "uv_size": [7, 0.5]},
								"up": {"uv": [29, 30], "uv_size": [2, 7]},
								"down": {"uv": [31, 21], "uv_size": [2, -7]}
							}
						},
						{
							"origin": [-0.82937, 28.42524, 2.85173],
							"size": [1.71904, 0.49104, 3.741],
							"inflate": 0.002,
							"uv": {
								"north": {"uv": [55, 23], "uv_size": [1.75, 0.5]},
								"east": {"uv": [53, 5], "uv_size": [3.75, 0.5]},
								"south": {"uv": [55, 25], "uv_size": [1.75, 0.5]},
								"west": {"uv": [53, 6], "uv_size": [3.75, 0.5]},
								"up": {"uv": [31, 40], "uv_size": [1.75, 3.75]},
								"down": {"uv": [37, 43.75], "uv_size": [1.75, -3.75]}
							}
						},
						{
							"origin": [-0.82937, 28.92524, 2.85173],
							"size": [0.21904, 0.99104, 1.041],
							"inflate": 0.002,
							"uv": {
								"north": {"uv": [11, 57], "uv_size": [0.25, 1]},
								"east": {"uv": [55, 7], "uv_size": [1, 1]},
								"south": {"uv": [57, 11], "uv_size": [0.25, 1]},
								"west": {"uv": [8, 55], "uv_size": [1, 1]},
								"up": {"uv": [57, 12], "uv_size": [0.25, 1]},
								"down": {"uv": [57, 14], "uv_size": [0.25, -1]}
							}
						},
						{
							"origin": [-0.83404, 28.77, 3.46261],
							"size": [0.21904, 0.89104, 1.841],
							"inflate": 0.002,
							"pivot": [-0.71985, 29.26773, 3.98311],
							"rotation": [-45, 0, 0],
							"uv": {
								"north": {"uv": [17, 57], "uv_size": [0.25, 1]},
								"east": {"uv": [0, 53], "uv_size": [1.75, 1]},
								"south": {"uv": [57, 17], "uv_size": [0.25, 1]},
								"west": {"uv": [53, 7], "uv_size": [1.75, 1]},
								"up": {"uv": [38, 56], "uv_size": [0.25, 1.75]},
								"down": {"uv": [56, 39.75], "uv_size": [0.25, -1.75]}
							}
						},
						{
							"origin": [-0.61629, 29.73964, 2.85173],
							"size": [0.21904, 0.81, 1.041],
							"inflate": 0.002,
							"pivot": [-0.50677, 30.08516, 4.72223],
							"rotation": [0, 0, 45],
							"uv": {
								"north": {"uv": [18, 57], "uv_size": [0.25, 0.75]},
								"east": {"uv": [55, 47], "uv_size": [1, 0.75]},
								"south": {"uv": [57, 18], "uv_size": [0.25, 0.75]},
								"west": {"uv": [48, 55], "uv_size": [1, 0.75]},
								"up": {"uv": [14, 57], "uv_size": [0.25, 1]},
								"down": {"uv": [57, 15], "uv_size": [0.25, -1]}
							}
						},
						{
							"origin": [0.45756, 29.75964, 2.85173],
							"size": [0.21904, 0.79104, 1.041],
							"inflate": 0.002,
							"pivot": [0.56708, 30.10516, 4.72223],
							"rotation": [0, 0, -45],
							"uv": {
								"north": {"uv": [19, 57], "uv_size": [0.25, 0.75]},
								"east": {"uv": [49, 55], "uv_size": [1, 0.75]},
								"south": {"uv": [57, 19], "uv_size": [0.25, 0.75]},
								"west": {"uv": [52, 55], "uv_size": [1, 0.75]},
								"up": {"uv": [15, 57], "uv_size": [0.25, 1]},
								"down": {"uv": [57, 16], "uv_size": [0.25, -1]}
							}
						},
						{
							"origin": [-0.42937, 28.42524, 2.85173],
							"size": [1.01904, 0.19104, 1.041],
							"inflate": 0.002,
							"pivot": [0.89015, 28.61676, -9.69075],
							"rotation": [0, 0, 90],
							"uv": {
								"north": {"uv": [57, 7], "uv_size": [1, 0.25]},
								"east": {"uv": [57, 8], "uv_size": [1, 0.25]},
								"south": {"uv": [9, 57], "uv_size": [1, 0.25]},
								"west": {"uv": [57, 9], "uv_size": [1, 0.25]},
								"up": {"uv": [6, 55], "uv_size": [1, 1]},
								"down": {"uv": [7, 56], "uv_size": [1, -1]}
							}
						},
						{
							"origin": [0.38463, 29.18, 3.45271],
							"size": [0.91904, 0.19104, 1.841],
							"inflate": 0.002,
							"pivot": [0.79415, 29.27783, 3.97321],
							"rotation": [0, 45, 90],
							"uv": {
								"north": {"uv": [16, 57], "uv_size": [1, 0.25]},
								"east": {"uv": [56, 36], "uv_size": [1.75, 0.25]},
								"south": {"uv": [57, 16], "uv_size": [1, 0.25]},
								"west": {"uv": [56, 37], "uv_size": [1.75, 0.25]},
								"up": {"uv": [42, 19], "uv_size": [1, 1.75]},
								"down": {"uv": [50, 53.75], "uv_size": [1, -1.75]}
							}
						},
						{
							"origin": [-0.2525, 30.30742, 2.85173],
							"size": [0.58, 0.19104, 1.041],
							"inflate": 0.002,
							"uv": {
								"north": {"uv": [21, 57], "uv_size": [0.5, 0.25]},
								"east": {"uv": [10, 57], "uv_size": [1, 0.25]},
								"south": {"uv": [57, 21], "uv_size": [0.5, 0.25]},
								"west": {"uv": [57, 10], "uv_size": [1, 0.25]},
								"up": {"uv": [56, 34], "uv_size": [0.5, 1]},
								"down": {"uv": [35, 57], "uv_size": [0.5, -1]}
							}
						},
						{
							"origin": [1.06446, 27.25879, -11.4518],
							"size": [0.75952, 1.07152, 8.241],
							"inflate": 0.001,
							"pivot": [1.34504, 27.41964, -20.93711],
							"rotation": [0, 0, -42],
							"uv": {
								"north": {"uv": [55, 42], "uv_size": [0.75, 1]},
								"east": {"uv": [39, 16], "uv_size": [8.25, 1]},
								"south": {"uv": [43, 55], "uv_size": [0.75, 1]},
								"west": {"uv": [39, 17], "uv_size": [8.25, 1]},
								"up": {"uv": [6, 44], "uv_size": [0.75, 8.25]},
								"down": {"uv": [19, 52.25], "uv_size": [0.75, -8.25]}
							}
						},
						{
							"origin": [-1.02937, 27.82524, -11.44827],
							"size": [2.11904, 0.59104, 8.241],
							"inflate": 0.002,
							"uv": {
								"north": {"uv": [2, 55], "uv_size": [2, 0.5]},
								"east": {"uv": [47, 3], "uv_size": [8.25, 0.5]},
								"south": {"uv": [4, 55], "uv_size": [2, 0.5]},
								"west": {"uv": [47, 4], "uv_size": [8.25, 0.5]},
								"up": {"uv": [21, 25], "uv_size": [2, 8.25]},
								"down": {"uv": [26, 18.25], "uv_size": [2, -8.25]}
							}
						},
						{
							"origin": [-1.78327, 27.24268, -11.4518],
							"size": [0.75952, 1.07152, 8.241],
							"inflate": 0.001,
							"pivot": [-1.30433, 27.40353, -20.93711],
							"rotation": [0, 0, 43],
							"uv": {
								"north": {"uv": [55, 41], "uv_size": [0.75, 1]},
								"east": {"uv": [39, 14], "uv_size": [8.25, 1]},
								"south": {"uv": [42, 55], "uv_size": [0.75, 1]},
								"west": {"uv": [39, 15], "uv_size": [8.25, 1]},
								"up": {"uv": [44, 2], "uv_size": [0.75, 8.25]},
								"down": {"uv": [5, 52.25], "uv_size": [0.75, -8.25]}
							}
						},
						{
							"origin": [-0.82937, 25.72524, -11.4473],
							"size": [1.81904, 0.49104, 0.241],
							"inflate": 0.002,
							"uv": {
								"north": {"uv": [55, 21], "uv_size": [1.75, 0.5]},
								"east": {"uv": [20, 57], "uv_size": [0.25, 0.5]},
								"south": {"uv": [55, 22], "uv_size": [1.75, 0.5]},
								"west": {"uv": [57, 20], "uv_size": [0.25, 0.5]},
								"up": {"uv": [56, 35], "uv_size": [1.75, 0.25]},
								"down": {"uv": [36, 56.25], "uv_size": [1.75, -0.25]}
							}
						},
						{
							"origin": [-0.231, 28.13207, -10.53634],
							"size": [0.542, 0.684, 0.912],
							"pivot": [0.603, 27.85607, -10.22834],
							"rotation": [10, 0, 0],
							"uv": {
								"north": {"uv": [39, 56], "uv_size": [0.5, 0.75]},
								"east": {"uv": [27, 55], "uv_size": [1, 0.75]},
								"south": {"uv": [56, 41], "uv_size": [0.5, 0.75]},
								"west": {"uv": [28, 55], "uv_size": [1, 0.75]},
								"up": {"uv": [56, 16], "uv_size": [0.5, 1]},
								"down": {"uv": [56, 18], "uv_size": [0.5, -1]}
							}
						},
						{
							"origin": [-0.221, 27.87175, -10.49841],
							"size": [0.532, 0.684, 0.912],
							"pivot": [0.613, 27.79575, -10.29041],
							"rotation": [66, 0, 0],
							"uv": {
								"north": {"uv": [46, 56], "uv_size": [0.5, 0.75]},
								"east": {"uv": [55, 38], "uv_size": [1, 0.75]},
								"south": {"uv": [56, 46], "uv_size": [0.5, 0.75]},
								"west": {"uv": [55, 39], "uv_size": [1, 0.75]},
								"up": {"uv": [18, 56], "uv_size": [0.5, 1]},
								"down": {"uv": [19, 57], "uv_size": [0.5, -1]}
							}
						},
						{
							"origin": [-1.192, 26.6645, 2.34613],
							"size": [2.432, 1.064, 4.408],
							"uv": {
								"north": {"uv": [13, 50], "uv_size": [2.5, 1]},
								"east": {"uv": [42, 32], "uv_size": [4.5, 1]},
								"south": {"uv": [50, 26], "uv_size": [2.5, 1]},
								"west": {"uv": [43, 23], "uv_size": [4.5, 1]},
								"up": {"uv": [34, 34], "uv_size": [2.5, 4.5]},
								"down": {"uv": [31, 39.5], "uv_size": [2.5, -4.5]}
							}
						},
						{
							"origin": [-1.02933, 26.1806, 5.42425],
							"size": [2.119, 1.35904, 1.19904],
							"inflate": 0.002,
							"pivot": [-0.04203, 26.86012, 6.82377],
							"rotation": [-63, 0, 0],
							"uv": {
								"north": {"uv": [50, 27], "uv_size": [2, 1.25]},
								"east": {"uv": [13, 53], "uv_size": [1.25, 1.25]},
								"south": {"uv": [50, 40], "uv_size": [2, 1.25]},
								"west": {"uv": [15, 53], "uv_size": [1.25, 1.25]},
								"up": {"uv": [46, 50], "uv_size": [2, 1.25]},
								"down": {"uv": [48, 51.25], "uv_size": [2, -1.25]}
							}
						},
						{
							"origin": [-1.461, 23.37829, 6.67079],
							"size": [2.941, 2.35904, 1.09904],
							"inflate": 0.002,
							"pivot": [0.05948, 24.05781, -1.82969],
							"rotation": [10, 0, 0],
							"uv": {
								"north": {"uv": [40, 10], "uv_size": [3, 2.25]},
								"east": {"uv": [4, 51], "uv_size": [1, 2.25]},
								"south": {"uv": [40, 21], "uv_size": [3, 2.25]},
								"west": {"uv": [8, 51], "uv_size": [1, 2.25]},
								"up": {"uv": [31, 2], "uv_size": [3, 1]},
								"down": {"uv": [49, 12], "uv_size": [3, -1]}
							}
						},
						{
							"origin": [-1.762, 25.2205, -11.45027],
							"size": [1.16, 2.4, 8.241],
							"uv": {
								"north": {"uv": [31, 49], "uv_size": [1.25, 2.5]},
								"east": {"uv": [2, 25], "uv_size": [8.25, 2.5]},
								"south": {"uv": [44, 49], "uv_size": [1.25, 2.5]},
								"west": {"uv": [25, 3], "uv_size": [8.25, 2.5]},
								"up": {"uv": [26, 36], "uv_size": [1.25, 8.25]},
								"down": {"uv": [28, 45.25], "uv_size": [1.25, -8.25]}
							}
						},
						{
							"origin": [-1.762, 25.2205, -3.20927],
							"size": [0.96, 1.3, 2.952],
							"uv": {
								"north": {"uv": [32, 54], "uv_size": [1, 1.25]},
								"east": {"uv": [47, 9], "uv_size": [3, 1.25]},
								"south": {"uv": [33, 54], "uv_size": [1, 1.25]},
								"west": {"uv": [15, 47], "uv_size": [3, 1.25]},
								"up": {"uv": [25, 10], "uv_size": [1, 3]},
								"down": {"uv": [43, 5], "uv_size": [1, -3]}
							}
						},
						{
							"origin": [-1.762, 25.2205, -0.25027],
							"size": [0.96, 2.4, 7.012],
							"uv": {
								"north": {"uv": [36, 50], "uv_size": [1, 2.5]},
								"east": {"uv": [12, 3], "uv_size": [7, 2.5]},
								"south": {"uv": [50, 49], "uv_size": [1, 2.5]},
								"west": {"uv": [12, 6], "uv_size": [7, 2.5]},
								"up": {"uv": [9, 40], "uv_size": [1, 7]},
								"down": {"uv": [40, 37], "uv_size": [1, -7]}
							}
						},
						{
							"origin": [-1.22464, 26.71201, -11.67477],
							"size": [0.64772, 0.57172, 8.45172],
							"inflate": -0.002,
							"pivot": [0.024, 27.0127, -7.10537],
							"rotation": [0, 0, -46],
							"uv": {
								"north": {"uv": [43, 56], "uv_size": [0.75, 0.5]},
								"east": {"uv": [46, 38], "uv_size": [8.5, 0.5]},
								"south": {"uv": [56, 43], "uv_size": [0.75, 0.5]},
								"west": {"uv": [46, 39], "uv_size": [8.5, 0.5]},
								"up": {"uv": [3, 42], "uv_size": [0.75, 8.5]},
								"down": {"uv": [4, 50.5], "uv_size": [0.75, -8.5]}
							}
						},
						{
							"origin": [-0.63417, 25.91125, -11.67837],
							"size": [1.30928, 0.56828, 8.44828],
							"inflate": 0.002,
							"uv": {
								"north": {"uv": [53, 55], "uv_size": [1.25, 0.5]},
								"east": {"uv": [46, 36], "uv_size": [8.5, 0.5]},
								"south": {"uv": [55, 53], "uv_size": [1.25, 0.5]},
								"west": {"uv": [46, 37], "uv_size": [8.5, 0.5]},
								"up": {"uv": [11, 36], "uv_size": [1.25, 8.5]},
								"down": {"uv": [13, 44.5], "uv_size": [1.25, -8.5]}
							}
						},
						{
							"origin": [0.62492, 26.71201, -11.67477],
							"size": [0.64772, 0.57172, 8.45172],
							"inflate": -0.002,
							"pivot": [0.024, 27.0127, -7.10537],
							"rotation": [0, 0, 46],
							"uv": {
								"north": {"uv": [42, 56], "uv_size": [0.75, 0.5]},
								"east": {"uv": [46, 25], "uv_size": [8.5, 0.5]},
								"south": {"uv": [56, 42], "uv_size": [0.75, 0.5]},
								"west": {"uv": [46, 35], "uv_size": [8.5, 0.5]},
								"up": {"uv": [41, 35], "uv_size": [0.75, 8.5]},
								"down": {"uv": [2, 50.5], "uv_size": [0.75, -8.5]}
							}
						},
						{
							"origin": [-0.63417, 27.35525, -11.67837],
							"size": [1.30928, 0.56828, 8.44828],
							"inflate": 0.002,
							"pivot": [0.024, 27.69661, -7.10537],
							"rotation": [0, 0, 180],
							"uv": {
								"north": {"uv": [55, 55], "uv_size": [1.25, 0.5]},
								"east": {"uv": [47, 1], "uv_size": [8.5, 0.5]},
								"south": {"uv": [0, 56], "uv_size": [1.25, 0.5]},
								"west": {"uv": [47, 2], "uv_size": [8.5, 0.5]},
								"up": {"uv": [15, 36], "uv_size": [1.25, 8.5]},
								"down": {"uv": [17, 44.5], "uv_size": [1.25, -8.5]}
							}
						},
						{
							"origin": [0.07816, 27.92392, -11.67477],
							"size": [0.64772, 0.57172, 8.45172],
							"inflate": -0.002,
							"pivot": [0.024, 27.69661, -7.10537],
							"rotation": [0, 0, -134],
							"uv": {
								"north": {"uv": [45, 56], "uv_size": [0.75, 0.5]},
								"east": {"uv": [46, 44], "uv_size": [8.5, 0.5]},
								"south": {"uv": [56, 45], "uv_size": [0.75, 0.5]},
								"west": {"uv": [47, 0], "uv_size": [8.5, 0.5]},
								"up": {"uv": [0, 44], "uv_size": [0.75, 8.5]},
								"down": {"uv": [1, 52.5], "uv_size": [0.75, -8.5]}
							}
						},
						{
							"origin": [-0.67788, 27.92392, -11.67477],
							"size": [0.64772, 0.57172, 8.45172],
							"inflate": -0.002,
							"pivot": [0.024, 27.69661, -7.10537],
							"rotation": [0, 0, 134],
							"uv": {
								"north": {"uv": [44, 56], "uv_size": [0.75, 0.5]},
								"east": {"uv": [46, 42], "uv_size": [8.5, 0.5]},
								"south": {"uv": [56, 44], "uv_size": [0.75, 0.5]},
								"west": {"uv": [46, 43], "uv_size": [8.5, 0.5]},
								"up": {"uv": [42, 35], "uv_size": [0.75, 8.5]},
								"down": {"uv": [43, 43.5], "uv_size": [0.75, -8.5]}
							}
						},
						{
							"origin": [0.5085, 26.291, -11.6794],
							"size": [0.57, 1.387, 8.45],
							"uv": {
								"north": {"uv": [55, 33], "uv_size": [0.5, 1.5]},
								"east": {"uv": [34, 2], "uv_size": [8.5, 1.5]},
								"south": {"uv": [34, 55], "uv_size": [0.5, 1.5]},
								"west": {"uv": [34, 4], "uv_size": [8.5, 1.5]},
								"up": {"uv": [40, 46], "uv_size": [0.5, 8.5]},
								"down": {"uv": [41, 54.5], "uv_size": [0.5, -8.5]}
							}
						},
						{
							"origin": [-0.846, 24.3865, -10.40387],
							"size": [1.52, 1.52, 1.52],
							"uv": {
								"north": {"uv": [13, 51], "uv_size": [1.5, 1.5]},
								"east": {"uv": [37, 51], "uv_size": [1.5, 1.5]},
								"south": {"uv": [51, 49], "uv_size": [1.5, 1.5]},
								"west": {"uv": [51, 51], "uv_size": [1.5, 1.5]},
								"up": {"uv": [52, 9], "uv_size": [1.5, 1.5]},
								"down": {"uv": [11, 53.5], "uv_size": [1.5, -1.5]}
							}
						},
						{
							"origin": [-0.846, 26.3865, -3.70387],
							"size": [1.52, 1.52, 0.22],
							"uv": {
								"north": {"uv": [52, 11], "uv_size": [1.5, 1.5]},
								"east": {"uv": [47, 56], "uv_size": [0.25, 1.5]},
								"south": {"uv": [52, 14], "uv_size": [1.5, 1.5]},
								"west": {"uv": [56, 47], "uv_size": [0.25, 1.5]},
								"up": {"uv": [48, 56], "uv_size": [1.5, 0.25]},
								"down": {"uv": [56, 49.25], "uv_size": [1.5, -0.25]}
							}
						},
						{
							"origin": [-1.0305, 26.291, -11.6794],
							"size": [0.57, 1.387, 8.45],
							"uv": {
								"north": {"uv": [30, 55], "uv_size": [0.5, 1.5]},
								"east": {"uv": [31, 0], "uv_size": [8.5, 1.5]},
								"south": {"uv": [55, 30], "uv_size": [0.5, 1.5]},
								"west": {"uv": [33, 19], "uv_size": [8.5, 1.5]},
								"up": {"uv": [21, 46], "uv_size": [0.5, 8.5]},
								"down": {"uv": [22, 54.5], "uv_size": [0.5, -8.5]}
							}
						},
						{
							"origin": [0.37457, 24.57648, -11.68028],
							"size": [0.41633, 1.01306, 6.391],
							"uv": {
								"north": {"uv": [29, 56], "uv_size": [0.5, 1]},
								"east": {"uv": [41, 33], "uv_size": [6.5, 1]},
								"south": {"uv": [56, 29], "uv_size": [0.5, 1]},
								"west": {"uv": [41, 34], "uv_size": [6.5, 1]},
								"up": {"uv": [34, 48], "uv_size": [0.5, 6.5]},
								"down": {"uv": [35, 54.5], "uv_size": [0.5, -6.5]}
							}
						},
						{
							"origin": [-0.4595, 24.29965, -11.67828],
							"size": [0.95522, 0.41399, 6.38867],
							"inflate": 0.002,
							"uv": {
								"north": {"uv": [27, 56], "uv_size": [1, 0.5]},
								"east": {"uv": [48, 46], "uv_size": [6.5, 0.5]},
								"south": {"uv": [28, 56], "uv_size": [1, 0.5]},
								"west": {"uv": [48, 47], "uv_size": [6.5, 0.5]},
								"up": {"uv": [39, 40], "uv_size": [1, 6.5]},
								"down": {"uv": [41, 32.5], "uv_size": [1, -6.5]}
							}
						},
						{
							"origin": [0.45906, 24.88345, -11.6806],
							"size": [0.47417, 0.41866, 6.39168],
							"inflate": -0.002,
							"pivot": [0.02069, 25.10361, -8.41174],
							"rotation": [0, 0, 46],
							"uv": {
								"north": {"uv": [4, 57], "uv_size": [0.5, 0.5]},
								"east": {"uv": [48, 34], "uv_size": [6.5, 0.5]},
								"south": {"uv": [57, 4], "uv_size": [0.5, 0.5]},
								"west": {"uv": [48, 45], "uv_size": [6.5, 0.5]},
								"up": {"uv": [29, 48], "uv_size": [0.5, 6.5]},
								"down": {"uv": [30, 54.5], "uv_size": [0.5, -6.5]}
							}
						},
						{
							"origin": [-0.89152, 24.88379, -11.68026],
							"size": [0.47349, 0.41798, 6.391],
							"pivot": [0.02069, 25.10361, -8.41174],
							"rotation": [0, 0, -46],
							"uv": {
								"north": {"uv": [3, 57], "uv_size": [0.5, 0.5]},
								"east": {"uv": [48, 31], "uv_size": [6.5, 0.5]},
								"south": {"uv": [57, 3], "uv_size": [0.5, 0.5]},
								"west": {"uv": [48, 33], "uv_size": [6.5, 0.5]},
								"up": {"uv": [27, 48], "uv_size": [0.5, 6.5]},
								"down": {"uv": [28, 54.5], "uv_size": [0.5, -6.5]}
							}
						},
						{
							"origin": [-0.74952, 24.57648, -11.68028],
							"size": [0.41633, 1.01306, 6.391],
							"uv": {
								"north": {"uv": [26, 56], "uv_size": [0.5, 1]},
								"east": {"uv": [40, 13], "uv_size": [6.5, 1]},
								"south": {"uv": [56, 26], "uv_size": [0.5, 1]},
								"west": {"uv": [40, 24], "uv_size": [6.5, 1]},
								"up": {"uv": [33, 47], "uv_size": [0.5, 6.5]},
								"down": {"uv": [39, 53.5], "uv_size": [0.5, -6.5]}
							}
						},
						{
							"origin": [0.05971, 25.76863, -11.6806],
							"size": [0.47417, 0.41866, 6.39168],
							"inflate": -0.002,
							"pivot": [0.02069, 25.60314, -8.41174],
							"rotation": [0, 0, -134],
							"uv": {
								"north": {"uv": [1, 57], "uv_size": [0.5, 0.5]},
								"east": {"uv": [48, 23], "uv_size": [6.5, 0.5]},
								"south": {"uv": [57, 1], "uv_size": [0.5, 0.5]},
								"west": {"uv": [48, 30], "uv_size": [6.5, 0.5]},
								"up": {"uv": [10, 47], "uv_size": [0.5, 6.5]},
								"down": {"uv": [18, 53.5], "uv_size": [0.5, -6.5]}
							}
						},
						{
							"origin": [-0.461, 23.47829, 7.57079],
							"size": [0.941, 0.85904, 2.49904],
							"inflate": 0.002,
							"pivot": [0.05948, 24.05781, -1.82969],
							"rotation": [10, 0, 0],
							"uv": {
								"north": {"uv": [46, 55], "uv_size": [1, 0.75]},
								"east": {"uv": [52, 41], "uv_size": [2.5, 0.75]},
								"south": {"uv": [47, 55], "uv_size": [1, 0.75]},
								"west": {"uv": [5, 53], "uv_size": [2.5, 0.75]},
								"up": {"uv": [2, 51], "uv_size": [1, 2.5]},
								"down": {"uv": [3, 53.5], "uv_size": [1, -2.5]}
							}
						},
						{
							"origin": [-0.26, 25.76426, 7.08453],
							"size": [0.541, 0.55904, 2.39904],
							"inflate": 0.002,
							"pivot": [0.0095, 25.44378, 8.33405],
							"rotation": [22, 0, 0],
							"uv": {
								"north": {"uv": [57, 5], "uv_size": [0.5, 0.5]},
								"east": {"uv": [54, 24], "uv_size": [2.5, 0.5]},
								"south": {"uv": [57, 6], "uv_size": [0.5, 0.5]},
								"west": {"uv": [54, 28], "uv_size": [2.5, 0.5]},
								"up": {"uv": [50, 54], "uv_size": [0.5, 2.5]},
								"down": {"uv": [51, 56.5], "uv_size": [0.5, -2.5]}
							}
						},
						{
							"origin": [-0.4595, 25.35435, -11.67828],
							"size": [0.95522, 0.41399, 6.38867],
							"inflate": 0.002,
							"pivot": [0.02069, 25.60314, -8.41174],
							"rotation": [0, 0, 180],
							"uv": {
								"north": {"uv": [24, 56], "uv_size": [1, 0.5]},
								"east": {"uv": [48, 21], "uv_size": [6.5, 0.5]},
								"south": {"uv": [25, 56], "uv_size": [1, 0.5]},
								"west": {"uv": [48, 22], "uv_size": [6.5, 0.5]},
								"up": {"uv": [33, 40], "uv_size": [1, 6.5]},
								"down": {"uv": [40, 43.5], "uv_size": [1, -6.5]}
							}
						},
						{
							"origin": [-0.4925, 25.76863, -11.6806],
							"size": [0.47417, 0.41866, 6.39168],
							"inflate": -0.002,
							"pivot": [0.02069, 25.60314, -8.41174],
							"rotation": [0, 0, 134],
							"uv": {
								"north": {"uv": [0, 57], "uv_size": [0.5, 0.5]},
								"east": {"uv": [48, 17], "uv_size": [6.5, 0.5]},
								"south": {"uv": [57, 0], "uv_size": [0.5, 0.5]},
								"west": {"uv": [48, 18], "uv_size": [6.5, 0.5]},
								"up": {"uv": [42, 46], "uv_size": [0.5, 6.5]},
								"down": {"uv": [9, 53.5], "uv_size": [0.5, -6.5]}
							}
						},
						{
							"origin": [0.55, 25.2205, -11.45027],
							"size": [1.26, 2.4, 18.212],
							"uv": {
								"north": {"uv": [16, 49], "uv_size": [1.25, 2.5]},
								"east": {"uv": [0, 11], "uv_size": [18.25, 2.5]},
								"south": {"uv": [24, 49], "uv_size": [1.25, 2.5]},
								"west": {"uv": [12, 0], "uv_size": [18.25, 2.5]},
								"up": {"uv": [24, 14], "uv_size": [1.25, 18.25]},
								"down": {"uv": [0, 43.25], "uv_size": [1.25, -18.25]}
							}
						}
					]
				},
				{
					"name": "bone",
					"parent": "gun",
					"pivot": [1.126, 24.0805, -3.53787]
				},
				{
					"name": "trigger",
					"parent": "gun",
					"pivot": [0.024, 23.78021, -2.1112],
					"rotation": [5, 0, 0],
					"cubes": [
						{
							"origin": [-0.432, 21.79078, -2.57878],
							"size": [0.912, 1.588, 0.608],
							"inflate": -0.1,
							"pivot": [0.024, 24.02642, -1.93477],
							"rotation": [-6, 0, 0],
							"uv": {
								"north": {"uv": [17, 53], "uv_size": [1, 1.5]},
								"east": {"uv": [40, 55], "uv_size": [0.5, 1.5]},
								"south": {"uv": [19, 53], "uv_size": [1, 1.5]},
								"west": {"uv": [41, 55], "uv_size": [0.5, 1.5]},
								"up": {"uv": [20, 56], "uv_size": [1, 0.5]},
								"down": {"uv": [56, 20.5], "uv_size": [1, -0.5]}
							}
						},
						{
							"origin": [-0.432, 20.43081, -2.05892],
							"size": [0.912, 1.588, 0.608],
							"inflate": -0.1,
							"pivot": [0.019, 23.06011, -1.92534],
							"rotation": [-36, 0, 0],
							"uv": {
								"north": {"uv": [26, 53], "uv_size": [1, 1.5]},
								"east": {"uv": [55, 43], "uv_size": [0.5, 1.5]},
								"south": {"uv": [42, 53], "uv_size": [1, 1.5]},
								"west": {"uv": [55, 45], "uv_size": [0.5, 1.5]},
								"up": {"uv": [56, 30], "uv_size": [1, 0.5]},
								"down": {"uv": [31, 56.5], "uv_size": [1, -0.5]}
							}
						}
					]
				},
				{
					"name": "magazine",
					"parent": "main",
					"pivot": [0.7, 10.05, -3.95],
					"cubes": [
						{
							"origin": [-0.8175, 13.86409, 0.53428],
							"size": [2.07, 10.35, 2.553],
							"pivot": [-0.3, 21.50584, 1.96603],
							"rotation": [18, 0, 0],
							"uv": {
								"north": {"uv": [11, 25], "uv_size": [2, 10.25]},
								"east": {"uv": [6, 14], "uv_size": [2.5, 10.25]},
								"south": {"uv": [13, 25], "uv_size": [2, 10.25]},
								"west": {"uv": [9, 14], "uv_size": [2.5, 10.25]},
								"up": {"uv": [44, 42], "uv_size": [2, 2.5]},
								"down": {"uv": [45, 4.5], "uv_size": [2, -2.5]}
							}
						},
						{
							"origin": [-1.16219, 13.8644, 0.53459],
							"size": [0.68938, 10.34938, 2.55238],
							"inflate": 0.001,
							"pivot": [-0.3, 21.50584, 1.96603],
							"rotation": [18, 0, 0],
							"uv": {
								"north": {"uv": [30, 37], "uv_size": [0.75, 10.25]},
								"east": {"uv": [12, 14], "uv_size": [2.5, 10.25]},
								"south": {"uv": [7, 38], "uv_size": [0.75, 10.25]},
								"west": {"uv": [15, 14], "uv_size": [2.5, 10.25]},
								"up": {"uv": [46, 52], "uv_size": [0.75, 2.5]},
								"down": {"uv": [47, 54.5], "uv_size": [0.75, -2.5]}
							}
						}
					]
				},
				{
					"name": "bullet",
					"parent": "magazine",
					"pivot": [0.05, 24.7, -9.4],
					"cubes": [
						{
							"origin": [-1.24154, 23.6123, 0.97578],
							"size": [0.566, 0.566, 1.739],
							"inflate": 0.2,
							"pivot": [-0.3, 21.50584, 1.96603],
							"rotation": [16.87458, -6.35808, 20.05594],
							"uv": {
								"north": {"uv": [54, 56], "uv_size": [0.5, 0.5]},
								"east": {"uv": [15, 55], "uv_size": [1.75, 0.5]},
								"south": {"uv": [56, 54], "uv_size": [0.5, 0.5]},
								"west": {"uv": [55, 15], "uv_size": [1.75, 0.5]},
								"up": {"uv": [11, 55], "uv_size": [0.5, 1.75]},
								"down": {"uv": [55, 17.75], "uv_size": [0.5, -1.75]}
							}
						}
					]
				},
				{
					"name": "magazine2",
					"parent": "main",
					"pivot": [0.7, 10.05, -3.95],
					"cubes": [
						{
							"origin": [-0.8299, 13.8484, 0.55079],
							"size": [2.07, 10.35, 2.553],
							"pivot": [-0.3124, 21.49015, 1.98254],
							"rotation": [18, 0, 0],
							"uv": {
								"north": {"uv": [15, 25], "uv_size": [2, 10.25]},
								"east": {"uv": [18, 14], "uv_size": [2.5, 10.25]},
								"south": {"uv": [17, 25], "uv_size": [2, 10.25]},
								"west": {"uv": [19, 3], "uv_size": [2.5, 10.25]},
								"up": {"uv": [45, 5], "uv_size": [2, 2.5]},
								"down": {"uv": [45, 10.5], "uv_size": [2, -2.5]}
							}
						},
						{
							"origin": [-1.17459, 13.84871, 0.5511],
							"size": [0.68938, 10.34938, 2.55238],
							"inflate": 0.001,
							"pivot": [-0.3124, 21.49015, 1.98254],
							"rotation": [18, 0, 0],
							"uv": {
								"north": {"uv": [36, 39], "uv_size": [0.75, 10.25]},
								"east": {"uv": [21, 14], "uv_size": [2.5, 10.25]},
								"south": {"uv": [8, 40], "uv_size": [0.75, 10.25]},
								"west": {"uv": [22, 3], "uv_size": [2.5, 10.25]},
								"up": {"uv": [48, 52], "uv_size": [0.75, 2.5]},
								"down": {"uv": [49, 54.5], "uv_size": [0.75, -2.5]}
							}
						}
					]
				},
				{
					"name": "bullet2",
					"parent": "magazine2",
					"pivot": [-0.3624, 30.08431, -17.1835],
					"cubes": [
						{
							"origin": [-1.25394, 23.59661, 0.99229],
							"size": [0.566, 0.566, 1.739],
							"inflate": 0.2,
							"pivot": [-0.3124, 21.49015, 1.98254],
							"rotation": [16.87458, -6.35808, 20.05594],
							"uv": {
								"north": {"uv": [55, 56], "uv_size": [0.5, 0.5]},
								"east": {"uv": [55, 18], "uv_size": [1.75, 0.5]},
								"south": {"uv": [56, 56], "uv_size": [0.5, 0.5]},
								"west": {"uv": [19, 55], "uv_size": [1.75, 0.5]},
								"up": {"uv": [17, 55], "uv_size": [0.5, 1.75]},
								"down": {"uv": [21, 56.75], "uv_size": [0.5, -1.75]}
							}
						}
					]
				},
				{
					"name": "rightarm",
					"parent": "main",
					"pivot": [-5.2, 15.5, 25.8],
					"rotation": [-101.81106, -12.40003, -2.46982],
					"cubes": [
						{
							"origin": [-9.2, -8.5, 21.8],
							"size": [8, 24, 8],
							"uv": {
								"north": {"uv": [17.47126, 14.89655], "uv_size": [5.88506, 17.65517]},
								"east": {"uv": [11.58621, 14.89655], "uv_size": [5.88506, 17.65517]},
								"south": {"uv": [29.24138, 14.89655], "uv_size": [5.88506, 17.65517]},
								"west": {"uv": [0, 0], "uv_size": [5.88506, 17.65517]},
								"up": {"uv": [17.47126, 9.01149], "uv_size": [5.88506, 5.88506]},
								"down": {"uv": [6.76782, 47.96322], "uv_size": [-5.88506, -5.88506]}
							}
						}
					]
				},
				{
					"name": "leftarm",
					"parent": "main",
					"pivot": [10.7, 15.3, 12.4],
					"rotation": [-119.61483, 1.67666, -38.31282],
					"cubes": [
						{
							"origin": [3.82256, -0.95844, 5.99404],
							"size": [8, 24, 8],
							"uv": {
								"north": {"uv": [17.28736, 12.32184], "uv_size": [5.88506, 17.65517]},
								"east": {"uv": [11.4023, 12.32184], "uv_size": [5.88506, 17.65517]},
								"south": {"uv": [29.05747, 12.32184], "uv_size": [5.88506, 17.65517]},
								"west": {"uv": [0, 0], "uv_size": [5.88506, 17.65517]},
								"up": {"uv": [17.28736, 6.43678], "uv_size": [5.88506, 5.88506]},
								"down": {"uv": [5.88506, 59.59059], "uv_size": [-5.88506, -5.88506]}
							}
						}
					]
				},
				{
					"name": "muzzleflash",
					"parent": "main",
					"pivot": [0, 27.05, -12.45],
					"cubes": [
						{
							"origin": [-0.5, 26.55, -12.95],
							"size": [1, 1, 1],
							"inflate": -0.4,
							"uv": {
								"north": {"uv": [43, 5], "uv_size": [1, 1]},
								"east": {"uv": [43, 10], "uv_size": [1, 1]},
								"south": {"uv": [43, 44], "uv_size": [1, 1]},
								"west": {"uv": [27, 45], "uv_size": [1, 1]},
								"up": {"uv": [47, 13], "uv_size": [1, 1]},
								"down": {"uv": [44, 49], "uv_size": [1, -1]}
							}
						}
					]
				},
				{
					"name": "scope",
					"parent": "main",
					"pivot": [0.1, 29.65, 17.5],
					"cubes": [
						{
							"origin": [-0.4, 29.15, 17],
							"size": [1, 1, 1],
							"inflate": -0.4,
							"uv": {
								"north": {"uv": [51, 14], "uv_size": [1, 1]},
								"east": {"uv": [15, 51], "uv_size": [1, 1]},
								"south": {"uv": [23, 51], "uv_size": [1, 1]},
								"west": {"uv": [52, 54], "uv_size": [1, 1]},
								"up": {"uv": [53, 54], "uv_size": [1, 1]},
								"down": {"uv": [54, 54], "uv_size": [1, -1]}
							}
						}
					]
				}
			]
		}
	]
}