{
	"format_version": "1.12.0",
	"minecraft:geometry": [
		{
			"description": {
				"identifier": "geometry.unknown",
				"texture_width": 64,
				"texture_height": 64,
				"visible_bounds_width": 8,
				"visible_bounds_height": 6,
				"visible_bounds_offset": [0, 2, 0]
			},
			"bones": [
				{
					"name": "main",
					"pivot": [0, 23.3, 6.3]
				},
				{
					"name": "gun",
					"parent": "main",
					"pivot": [0.784, 16.3665, 3.41613],
					"cubes": [
						{
							"origin": [-1.41236, 14.4223, 0.59089],
							"size": [2.84, 11.356, 5.32],
							"pivot": [0.00764, 20.3503, 3.25089],
							"rotation": [17.08474, 0, 0],
							"uv": {
								"north": {"uv": [0, 15], "uv_size": [2.75, 11.25]},
								"east": {"uv": [0, 0], "uv_size": [5.25, 11.25]},
								"south": {"uv": [3, 15], "uv_size": [2.75, 11.25]},
								"west": {"uv": [6, 0], "uv_size": [5.25, 11.25]},
								"up": {"uv": [26, 29], "uv_size": [2.75, 5.25]},
								"down": {"uv": [29, 34.25], "uv_size": [2.75, -5.25]}
							}
						},
						{
							"origin": [-1.469, 22.80651, 2.91376],
							"size": [2.954, 3.316, 3.744],
							"pivot": [0.00766, 24.16451, 4.70776],
							"rotation": [-34.41804, 0, 0],
							"uv": {
								"north": {"uv": [37, 8], "uv_size": [3, 3.25]},
								"east": {"uv": [31, 12], "uv_size": [3.75, 3.25]},
								"south": {"uv": [37, 32], "uv_size": [3, 3.25]},
								"west": {"uv": [33, 33], "uv_size": [3.75, 3.25]},
								"up": {"uv": [35, 26], "uv_size": [3, 3.75]},
								"down": {"uv": [29, 38.75], "uv_size": [3, -3.75]}
							}
						},
						{
							"origin": [-1.22464, 26.51201, -12.37477],
							"size": [0.64772, 0.57172, 9.15172],
							"inflate": -0.002,
							"pivot": [0.024, 26.8127, -7.10537],
							"rotation": [0, 0, -46],
							"uv": {
								"north": {"uv": [52, 51], "uv_size": [0.75, 0.5]},
								"east": {"uv": [44, 43], "uv_size": [9.25, 0.5]},
								"south": {"uv": [52, 52], "uv_size": [0.75, 0.5]},
								"west": {"uv": [44, 44], "uv_size": [9.25, 0.5]},
								"up": {"uv": [40, 41], "uv_size": [0.75, 9.25]},
								"down": {"uv": [41, 50.25], "uv_size": [0.75, -9.25]}
							}
						},
						{
							"origin": [-0.63417, 25.71125, -12.37837],
							"size": [1.30928, 0.56828, 9.14828],
							"inflate": 0.002,
							"uv": {
								"north": {"uv": [52, 29], "uv_size": [1.25, 0.5]},
								"east": {"uv": [44, 41], "uv_size": [9.25, 0.5]},
								"south": {"uv": [39, 52], "uv_size": [1.25, 0.5]},
								"west": {"uv": [44, 42], "uv_size": [9.25, 0.5]},
								"up": {"uv": [0, 34], "uv_size": [1.25, 9.25]},
								"down": {"uv": [35, 11.25], "uv_size": [1.25, -9.25]}
							}
						},
						{
							"origin": [0.62492, 26.51201, -12.37477],
							"size": [0.64772, 0.57172, 9.15172],
							"inflate": -0.002,
							"pivot": [0.024, 26.8127, -7.10537],
							"rotation": [0, 0, 46],
							"uv": {
								"north": {"uv": [50, 52], "uv_size": [0.75, 0.5]},
								"east": {"uv": [44, 39], "uv_size": [9.25, 0.5]},
								"south": {"uv": [52, 50], "uv_size": [0.75, 0.5]},
								"west": {"uv": [44, 40], "uv_size": [9.25, 0.5]},
								"up": {"uv": [38, 41], "uv_size": [0.75, 9.25]},
								"down": {"uv": [39, 50.25], "uv_size": [0.75, -9.25]}
							}
						},
						{
							"origin": [-0.63417, 27.15525, -12.37837],
							"size": [1.30928, 0.56828, 9.14828],
							"inflate": 0.002,
							"pivot": [0.024, 27.49661, -7.10537],
							"rotation": [0, 0, 180],
							"uv": {
								"north": {"uv": [41, 52], "uv_size": [1.25, 0.5]},
								"east": {"uv": [45, 2], "uv_size": [9.25, 0.5]},
								"south": {"uv": [52, 45], "uv_size": [1.25, 0.5]},
								"west": {"uv": [45, 3], "uv_size": [9.25, 0.5]},
								"up": {"uv": [12, 35], "uv_size": [1.25, 9.25]},
								"down": {"uv": [14, 44.25], "uv_size": [1.25, -9.25]}
							}
						},
						{
							"origin": [0.07816, 27.72392, -12.37477],
							"size": [0.64772, 0.57172, 6.95172],
							"inflate": -0.002,
							"pivot": [0.024, 27.49661, -7.10537],
							"rotation": [0, 0, -134],
							"uv": {
								"north": {"uv": [4, 53], "uv_size": [0.75, 0.5]},
								"east": {"uv": [45, 16], "uv_size": [7, 0.5]},
								"south": {"uv": [53, 4], "uv_size": [0.75, 0.5]},
								"west": {"uv": [45, 32], "uv_size": [7, 0.5]},
								"up": {"uv": [2, 43], "uv_size": [0.75, 7]},
								"down": {"uv": [24, 50], "uv_size": [0.75, -7]}
							}
						},
						{
							"origin": [-0.67788, 27.72392, -12.37477],
							"size": [0.64772, 0.57172, 9.15172],
							"inflate": -0.002,
							"pivot": [0.024, 27.49661, -7.10537],
							"rotation": [0, 0, 134],
							"uv": {
								"north": {"uv": [0, 53], "uv_size": [0.75, 0.5]},
								"east": {"uv": [45, 0], "uv_size": [9.25, 0.5]},
								"south": {"uv": [2, 53], "uv_size": [0.75, 0.5]},
								"west": {"uv": [45, 1], "uv_size": [9.25, 0.5]},
								"up": {"uv": [8, 42], "uv_size": [0.75, 9.25]},
								"down": {"uv": [9, 51.25], "uv_size": [0.75, -9.25]}
							}
						},
						{
							"origin": [0.5085, 26.091, -12.3794],
							"size": [0.57, 1.387, 9.15],
							"uv": {
								"north": {"uv": [52, 8], "uv_size": [0.5, 1.5]},
								"east": {"uv": [28, 17], "uv_size": [9.25, 1.5]},
								"south": {"uv": [9, 52], "uv_size": [0.5, 1.5]},
								"west": {"uv": [31, 0], "uv_size": [9.25, 1.5]},
								"up": {"uv": [1, 44], "uv_size": [0.5, 9.25]},
								"down": {"uv": [3, 53.25], "uv_size": [0.5, -9.25]}
							}
						},
						{
							"origin": [-1.0305, 26.091, -12.3794],
							"size": [0.57, 1.387, 6.85],
							"uv": {
								"north": {"uv": [51, 51], "uv_size": [0.5, 1.5]},
								"east": {"uv": [12, 10], "uv_size": [6.75, 1.5]},
								"south": {"uv": [8, 52], "uv_size": [0.5, 1.5]},
								"west": {"uv": [35, 30], "uv_size": [6.75, 1.5]},
								"up": {"uv": [4, 44], "uv_size": [0.5, 6.75]},
								"down": {"uv": [6, 53.75], "uv_size": [0.5, -6.75]}
							}
						},
						{
							"origin": [-1.469, 19.30651, 7.71376],
							"size": [2.954, 2.916, 1.444],
							"pivot": [0.00766, 24.16451, 4.70776],
							"rotation": [-132.41804, 0, 0],
							"uv": {
								"north": {"uv": [38, 26], "uv_size": [3, 3]},
								"east": {"uv": [27, 44], "uv_size": [1.5, 3]},
								"south": {"uv": [39, 2], "uv_size": [3, 3]},
								"west": {"uv": [12, 45], "uv_size": [1.5, 3]},
								"up": {"uv": [45, 14], "uv_size": [3, 1.5]},
								"down": {"uv": [45, 19.5], "uv_size": [3, -1.5]}
							}
						},
						{
							"origin": [-0.96305, 20.36743, -6.82988],
							"size": [1.888, 4.084, 0.508],
							"inflate": -0.1,
							"uv": {
								"north": {"uv": [27, 40], "uv_size": [2, 4]},
								"east": {"uv": [12, 50], "uv_size": [0.5, 4]},
								"south": {"uv": [41, 10], "uv_size": [2, 4]},
								"west": {"uv": [13, 50], "uv_size": [0.5, 4]},
								"up": {"uv": [10, 51], "uv_size": [2, 0.5]},
								"down": {"uv": [51, 12.5], "uv_size": [2, -0.5]}
							}
						},
						{
							"origin": [-0.532, 23.54581, -5.99066],
							"size": [1.112, 1.284, 0.808],
							"inflate": -0.1,
							"pivot": [0.024, 24.13781, -5.58666],
							"rotation": [-90, -0.1, 0],
							"uv": {
								"north": {"uv": [29, 50], "uv_size": [1, 1.25]},
								"east": {"uv": [51, 21], "uv_size": [0.75, 1.25]},
								"south": {"uv": [31, 50], "uv_size": [1, 1.25]},
								"west": {"uv": [23, 51], "uv_size": [0.75, 1.25]},
								"up": {"uv": [50, 51], "uv_size": [1, 0.75]},
								"down": {"uv": [51, 50.75], "uv_size": [1, -0.75]}
							}
						},
						{
							"origin": [-1.627, 22.06242, -6.03877],
							"size": [3.202, 1.988, 1.308],
							"inflate": -0.1,
							"pivot": [0.024, 24.32642, -4.93477],
							"rotation": [-55, 0, 0],
							"uv": {
								"north": {"uv": [41, 0], "uv_size": [3.25, 2]},
								"east": {"uv": [36, 48], "uv_size": [1.25, 2]},
								"south": {"uv": [41, 18], "uv_size": [3.25, 2]},
								"west": {"uv": [48, 47], "uv_size": [1.25, 2]},
								"up": {"uv": [45, 24], "uv_size": [3.25, 1.25]},
								"down": {"uv": [45, 31.25], "uv_size": [3.25, -1.25]}
							}
						},
						{
							"origin": [-0.532, 22.8506, -3.98335],
							"size": [1.112, 2.188, 1.808],
							"inflate": -0.1,
							"pivot": [0.024, 23.9446, -2.62935],
							"rotation": [-147, 0, 0],
							"uv": {
								"north": {"uv": [49, 49], "uv_size": [1, 2.25]},
								"east": {"uv": [14, 45], "uv_size": [1.75, 2.25]},
								"south": {"uv": [2, 50], "uv_size": [1, 2.25]},
								"west": {"uv": [36, 45], "uv_size": [1.75, 2.25]},
								"up": {"uv": [22, 50], "uv_size": [1, 1.75]},
								"down": {"uv": [24, 51.75], "uv_size": [1, -1.75]}
							}
						},
						{
							"origin": [-0.97967, 19.50603, -6.72433],
							"size": [1.8928, 0.6128, 5.0888],
							"inflate": -0.11,
							"pivot": [1.27073, 20.53243, -2.93393],
							"rotation": [-13, -0.1, 0],
							"uv": {
								"north": {"uv": [51, 6], "uv_size": [2, 0.5]},
								"east": {"uv": [48, 26], "uv_size": [5, 0.5]},
								"south": {"uv": [51, 7], "uv_size": [2, 0.5]},
								"west": {"uv": [48, 27], "uv_size": [5, 0.5]},
								"up": {"uv": [8, 37], "uv_size": [2, 5]},
								"down": {"uv": [10, 42], "uv_size": [2, -5]}
							}
						},
						{
							"origin": [-0.98349, 19.57172, -2.33623],
							"size": [1.8928, 0.6128, 5.3888],
							"inflate": -0.11,
							"pivot": [1.26691, 20.59812, -0.74583],
							"rotation": [13, -0.1, 0],
							"uv": {
								"north": {"uv": [51, 15], "uv_size": [2, 0.5]},
								"east": {"uv": [48, 18], "uv_size": [5.5, 0.5]},
								"south": {"uv": [51, 20], "uv_size": [2, 0.5]},
								"west": {"uv": [48, 19], "uv_size": [5.5, 0.5]},
								"up": {"uv": [37, 2], "uv_size": [2, 5.5]},
								"down": {"uv": [6, 42.5], "uv_size": [2, -5.5]}
							}
						},
						{
							"origin": [-1.51, 23.79651, -7.28259],
							"size": [3.04, 1.23904, 7.09904],
							"inflate": 0.002,
							"uv": {
								"north": {"uv": [21, 46], "uv_size": [3, 1.25]},
								"east": {"uv": [39, 5], "uv_size": [7, 1.25]},
								"south": {"uv": [46, 45], "uv_size": [3, 1.25]},
								"west": {"uv": [40, 7], "uv_size": [7, 1.25]},
								"up": {"uv": [12, 3], "uv_size": [3, 7]},
								"down": {"uv": [15, 10], "uv_size": [3, -7]}
							}
						},
						{
							"origin": [-1.5124, 24.49651, -11.88259],
							"size": [3.04, 0.53904, 5.09904],
							"inflate": 0.002,
							"pivot": [0.0076, 24.74103, -9.30807],
							"rotation": [0, 180, 0],
							"uv": {
								"north": {"uv": [50, 34], "uv_size": [3, 0.5]},
								"east": {"uv": [49, 24], "uv_size": [5, 0.5]},
								"south": {"uv": [50, 36], "uv_size": [3, 0.5]},
								"west": {"uv": [25, 49], "uv_size": [5, 0.5]},
								"up": {"uv": [3, 27], "uv_size": [3, 5]},
								"down": {"uv": [28, 17], "uv_size": [3, -5]}
							}
						},
						{
							"origin": [-1.2124, 24.09651, -12.98],
							"size": [2.44, 0.43904, 6.19904],
							"inflate": 0.002,
							"pivot": [0.0076, 24.74103, -9.30807],
							"rotation": [0, 180, 0],
							"uv": {
								"north": {"uv": [50, 47], "uv_size": [2.5, 0.5]},
								"east": {"uv": [47, 35], "uv_size": [6.25, 0.5]},
								"south": {"uv": [50, 48], "uv_size": [2.5, 0.5]},
								"west": {"uv": [47, 37], "uv_size": [6.25, 0.5]},
								"up": {"uv": [16, 26], "uv_size": [2.5, 6.25]},
								"down": {"uv": [0, 33.25], "uv_size": [2.5, -6.25]}
							}
						},
						{
							"origin": [-1.52, 30.82341, -1.35622],
							"size": [3.04, 3.13904, 0.79904],
							"inflate": 0.002,
							"pivot": [0.7916, 31.69293, -8.4987],
							"rotation": [-75, 0, 0],
							"uv": {
								"north": {"uv": [38, 12], "uv_size": [3, 3.25]},
								"east": {"uv": [30, 49], "uv_size": [0.75, 3.25]},
								"south": {"uv": [38, 16], "uv_size": [3, 3.25]},
								"west": {"uv": [46, 49], "uv_size": [0.75, 3.25]},
								"up": {"uv": [49, 25], "uv_size": [3, 0.75]},
								"down": {"uv": [50, 5.75], "uv_size": [3, -0.75]}
							}
						},
						{
							"origin": [-0.6124, 23.7975, -6.8821],
							"size": [1.24, 0.73904, 11.39904],
							"inflate": 0.002,
							"uv": {
								"north": {"uv": [51, 23], "uv_size": [1.25, 0.75]},
								"east": {"uv": [38, 29], "uv_size": [11.5, 0.75]},
								"south": {"uv": [51, 28], "uv_size": [1.25, 0.75]},
								"west": {"uv": [40, 9], "uv_size": [11.5, 0.75]},
								"up": {"uv": [19, 26], "uv_size": [1.25, 11.5]},
								"down": {"uv": [3, 43.5], "uv_size": [1.25, -11.5]}
							}
						},
						{
							"origin": [-1.33808, 18.97435, -0.3966],
							"size": [2.71904, 0.91104, 1.66704],
							"inflate": 0.002,
							"pivot": [0.02307, 20.07398, 0.84915],
							"rotation": [-105.49998, -0.09816, -0.01908],
							"uv": {
								"north": {"uv": [31, 2], "uv_size": [2.75, 1]},
								"east": {"uv": [19, 14], "uv_size": [1.75, 1]},
								"south": {"uv": [47, 38], "uv_size": [2.75, 1]},
								"west": {"uv": [35, 32], "uv_size": [1.75, 1]},
								"up": {"uv": [21, 44], "uv_size": [2.75, 1.75]},
								"down": {"uv": [44, 38.75], "uv_size": [2.75, -1.75]}
							}
						},
						{
							"origin": [-1.33722, 19.76486, -1.51423],
							"size": [2.71904, 0.91104, 3.36704],
							"inflate": 0.002,
							"pivot": [0.02307, 20.07398, 0.84915],
							"rotation": [154.50007, 0.19633, 0.03816],
							"uv": {
								"north": {"uv": [48, 14], "uv_size": [2.75, 1]},
								"east": {"uv": [31, 16], "uv_size": [3.25, 1]},
								"south": {"uv": [48, 15], "uv_size": [2.75, 1]},
								"west": {"uv": [46, 36], "uv_size": [3.25, 1]},
								"up": {"uv": [29, 39], "uv_size": [2.75, 3.25]},
								"down": {"uv": [39, 40.25], "uv_size": [2.75, -3.25]}
							}
						}
					]
				},
				{
					"name": "bulletejec",
					"parent": "gun",
					"pivot": [0.03015, 27.67076, -4.62777],
					"cubes": [
						{
							"origin": [-0.92937, 26.42524, -5.34827],
							"size": [1.81904, 1.49104, 3.241],
							"inflate": 0.002,
							"uv": {
								"north": {"uv": [14, 48], "uv_size": [1.75, 1.5]},
								"east": {"uv": [43, 33], "uv_size": [3.25, 1.5]},
								"south": {"uv": [21, 48], "uv_size": [1.75, 1.5]},
								"west": {"uv": [44, 27], "uv_size": [3.25, 1.5]},
								"up": {"uv": [42, 37], "uv_size": [1.75, 3.25]},
								"down": {"uv": [42, 44.25], "uv_size": [1.75, -3.25]}
							}
						}
					]
				},
				{
					"name": "slide",
					"parent": "gun",
					"pivot": [-1.002, 27.1205, -13.64587],
					"cubes": [
						{
							"origin": [-2.09265, 24.01675, -11.8518],
							"size": [0.66096, 1.06496, 18.557],
							"inflate": -0.002,
							"pivot": [-2.09217, 25.53723, -11.25939],
							"rotation": [0, 0, -46],
							"uv": {
								"north": {"uv": [39, 7], "uv_size": [0.75, 1]},
								"east": {"uv": [26, 20], "uv_size": [18.5, 1]},
								"south": {"uv": [51, 45], "uv_size": [0.75, 1]},
								"west": {"uv": [26, 21], "uv_size": [18.5, 1]},
								"up": {"uv": [23, 25], "uv_size": [0.75, 18.5]},
								"down": {"uv": [5, 50.5], "uv_size": [0.75, -18.5]}
							}
						},
						{
							"origin": [1.16101, 23.92393, -11.8518],
							"size": [0.76096, 1.06496, 18.557],
							"inflate": -0.002,
							"pivot": [2.14017, 25.23323, -11.25939],
							"rotation": [0, 0, 46],
							"uv": {
								"north": {"uv": [51, 46], "uv_size": [0.75, 1]},
								"east": {"uv": [26, 22], "uv_size": [18.5, 1]},
								"south": {"uv": [51, 49], "uv_size": [0.75, 1]},
								"west": {"uv": [26, 23], "uv_size": [18.5, 1]},
								"up": {"uv": [32, 29], "uv_size": [0.75, 18.5]},
								"down": {"uv": [16, 51.5], "uv_size": [0.75, -18.5]}
							}
						},
						{
							"origin": [1.06446, 27.25879, -11.8418],
							"size": [0.75952, 1.07152, 18.6015],
							"inflate": 0.001,
							"pivot": [1.34504, 27.41964, -9.73711],
							"rotation": [0, 0, -42],
							"uv": {
								"north": {"uv": [52, 22], "uv_size": [0.75, 1]},
								"east": {"uv": [26, 24], "uv_size": [18.5, 1]},
								"south": {"uv": [52, 25], "uv_size": [0.75, 1]},
								"west": {"uv": [26, 25], "uv_size": [18.5, 1]},
								"up": {"uv": [17, 33], "uv_size": [0.75, 18.5]},
								"down": {"uv": [18, 51.5], "uv_size": [0.75, -18.5]}
							}
						},
						{
							"origin": [-1.78327, 27.24268, -2.24927],
							"size": [0.75952, 1.07152, 9.01152],
							"inflate": 0.001,
							"pivot": [-1.30433, 27.40353, -9.73711],
							"rotation": [0, 0, 43],
							"uv": {
								"north": {"uv": [52, 4], "uv_size": [0.75, 1]},
								"east": {"uv": [28, 19], "uv_size": [9, 1]},
								"south": {"uv": [10, 52], "uv_size": [0.75, 1]},
								"west": {"uv": [37, 36], "uv_size": [9, 1]},
								"up": {"uv": [10, 42], "uv_size": [0.75, 9]},
								"down": {"uv": [11, 51], "uv_size": [0.75, -9]}
							}
						},
						{
							"origin": [-1.02937, 27.82524, -2.24827],
							"size": [2.11904, 0.59104, 9.041],
							"inflate": 0.002,
							"uv": {
								"north": {"uv": [51, 13], "uv_size": [2, 0.5]},
								"east": {"uv": [45, 10], "uv_size": [9, 0.5]},
								"south": {"uv": [51, 14], "uv_size": [2, 0.5]},
								"west": {"uv": [45, 11], "uv_size": [9, 0.5]},
								"up": {"uv": [12, 26], "uv_size": [2, 9]},
								"down": {"uv": [14, 35], "uv_size": [2, -9]}
							}
						},
						{
							"origin": [-1.02937, 27.72524, -11.84827],
							"size": [2.11904, 0.69104, 6.541],
							"inflate": 0.002,
							"uv": {
								"north": {"uv": [50, 8], "uv_size": [2, 0.75]},
								"east": {"uv": [42, 4], "uv_size": [6.5, 0.75]},
								"south": {"uv": [50, 17], "uv_size": [2, 0.75]},
								"west": {"uv": [43, 17], "uv_size": [6.5, 0.75]},
								"up": {"uv": [24, 33], "uv_size": [2, 6.5]},
								"down": {"uv": [33, 32.5], "uv_size": [2, -6.5]}
							}
						},
						{
							"origin": [-1.78327, 27.24268, -11.8418],
							"size": [0.75952, 1.07152, 6.5015],
							"inflate": 0.001,
							"pivot": [-1.30433, 27.40353, -20.93711],
							"rotation": [0, 0, 43],
							"uv": {
								"north": {"uv": [52, 16], "uv_size": [0.75, 1]},
								"east": {"uv": [40, 35], "uv_size": [6.5, 1]},
								"south": {"uv": [17, 52], "uv_size": [0.75, 1]},
								"west": {"uv": [41, 26], "uv_size": [6.5, 1]},
								"up": {"uv": [31, 43], "uv_size": [0.75, 6.5]},
								"down": {"uv": [0, 50.5], "uv_size": [0.75, -6.5]}
							}
						},
						{
							"origin": [-0.82937, 24.72524, -11.8473],
							"size": [1.91904, 1.49104, 0.641],
							"inflate": 0.002,
							"uv": {
								"north": {"uv": [46, 47], "uv_size": [2, 1.5]},
								"east": {"uv": [0, 51], "uv_size": [0.75, 1.5]},
								"south": {"uv": [12, 48], "uv_size": [2, 1.5]},
								"west": {"uv": [4, 51], "uv_size": [0.75, 1.5]},
								"up": {"uv": [25, 46], "uv_size": [2, 0.75]},
								"down": {"uv": [29, 46.75], "uv_size": [2, -0.75]}
							}
						},
						{
							"origin": [-0.242, 27.53643, -11.52221],
							"size": [0.542, 1.184, 0.812],
							"uv": {
								"north": {"uv": [34, 52], "uv_size": [0.5, 1.25]},
								"east": {"uv": [5, 51], "uv_size": [0.75, 1.25]},
								"south": {"uv": [35, 52], "uv_size": [0.5, 1.25]},
								"west": {"uv": [7, 51], "uv_size": [0.75, 1.25]},
								"up": {"uv": [49, 52], "uv_size": [0.5, 0.75]},
								"down": {"uv": [52, 49.75], "uv_size": [0.5, -0.75]}
							}
						},
						{
							"origin": [-0.231, 27.77261, -11.59626],
							"size": [0.532, 0.784, 0.312],
							"pivot": [0.056, 28.42854, -11.0947],
							"rotation": [-20, 0, 0],
							"uv": {
								"north": {"uv": [5, 53], "uv_size": [0.5, 0.75]},
								"east": {"uv": [26, 53], "uv_size": [0.25, 0.75]},
								"south": {"uv": [53, 5], "uv_size": [0.5, 0.75]},
								"west": {"uv": [53, 26], "uv_size": [0.25, 0.75]},
								"up": {"uv": [53, 27], "uv_size": [0.5, 0.25]},
								"down": {"uv": [53, 28.25], "uv_size": [0.5, -0.25]}
							}
						},
						{
							"origin": [-0.237, 28.64355, -11.02047],
							"size": [0.532, 0.784, 0.612],
							"pivot": [0.045, 28.69948, -11.71891],
							"rotation": [-45, 0, 0],
							"uv": {
								"north": {"uv": [17, 53], "uv_size": [0.5, 0.75]},
								"east": {"uv": [18, 53], "uv_size": [0.5, 0.75]},
								"south": {"uv": [19, 53], "uv_size": [0.5, 0.75]},
								"west": {"uv": [20, 53], "uv_size": [0.5, 0.75]},
								"up": {"uv": [25, 53], "uv_size": [0.5, 0.5]},
								"down": {"uv": [53, 25.5], "uv_size": [0.5, -0.5]}
							}
						},
						{
							"origin": [-0.53582, 27.94524, 6.21237],
							"size": [0.228, 0.59, 0.36],
							"pivot": [-1.13483, 28.22016, 6.01743],
							"rotation": [29.3, 0, 0.1],
							"uv": {
								"north": {"uv": [53, 34], "uv_size": [0.25, 0.5]},
								"east": {"uv": [36, 53], "uv_size": [0.25, 0.5]},
								"south": {"uv": [53, 36], "uv_size": [0.25, 0.5]},
								"west": {"uv": [37, 53], "uv_size": [0.25, 0.5]},
								"up": {"uv": [53, 49], "uv_size": [0.25, 0.25]},
								"down": {"uv": [50, 53.25], "uv_size": [0.25, -0.25]}
							}
						},
						{
							"origin": [-0.53606, 28.1045, 6.0583],
							"size": [0.228, 0.49, 0.26],
							"pivot": [-1.13507, 28.07942, 5.86336],
							"rotation": [40.3, 0, 0.1],
							"uv": {
								"north": {"uv": [53, 31], "uv_size": [0.25, 0.5]},
								"east": {"uv": [32, 53], "uv_size": [0.25, 0.5]},
								"south": {"uv": [53, 32], "uv_size": [0.25, 0.5]},
								"west": {"uv": [53, 33], "uv_size": [0.25, 0.5]},
								"up": {"uv": [53, 48], "uv_size": [0.25, 0.25]},
								"down": {"uv": [49, 53.25], "uv_size": [0.25, -0.25]}
							}
						},
						{
							"origin": [-0.53486, 27.14546, 5.87718],
							"size": [0.228, 1.62, 0.47],
							"uv": {
								"north": {"uv": [10, 53], "uv_size": [0.25, 1.5]},
								"east": {"uv": [22, 52], "uv_size": [0.5, 1.5]},
								"south": {"uv": [11, 53], "uv_size": [0.25, 1.5]},
								"west": {"uv": [24, 52], "uv_size": [0.5, 1.5]},
								"up": {"uv": [30, 53], "uv_size": [0.25, 0.5]},
								"down": {"uv": [53, 30.5], "uv_size": [0.25, -0.5]}
							}
						},
						{
							"origin": [-0.53516, 27.1773, 5.67889],
							"size": [0.228, 1.42, 0.47],
							"uv": {
								"north": {"uv": [53, 12], "uv_size": [0.25, 1.5]},
								"east": {"uv": [27, 52], "uv_size": [0.5, 1.5]},
								"south": {"uv": [14, 53], "uv_size": [0.25, 1.5]},
								"west": {"uv": [28, 52], "uv_size": [0.5, 1.5]},
								"up": {"uv": [38, 53], "uv_size": [0.25, 0.5]},
								"down": {"uv": [53, 38.5], "uv_size": [0.25, -0.5]}
							}
						},
						{
							"origin": [0.36484, 27.1773, 5.67889],
							"size": [0.228, 1.42, 0.47],
							"uv": {
								"north": {"uv": [16, 53], "uv_size": [0.25, 1.5]},
								"east": {"uv": [52, 32], "uv_size": [0.5, 1.5]},
								"south": {"uv": [53, 16], "uv_size": [0.25, 1.5]},
								"west": {"uv": [33, 52], "uv_size": [0.5, 1.5]},
								"up": {"uv": [53, 47], "uv_size": [0.25, 0.5]},
								"down": {"uv": [48, 53.5], "uv_size": [0.25, -0.5]}
							}
						},
						{
							"origin": [0.36394, 28.1045, 6.0583],
							"size": [0.228, 0.49, 0.26],
							"pivot": [-0.23507, 28.07942, 5.86336],
							"rotation": [40.3, 0, 0.1],
							"uv": {
								"north": {"uv": [45, 53], "uv_size": [0.25, 0.5]},
								"east": {"uv": [46, 53], "uv_size": [0.25, 0.5]},
								"south": {"uv": [53, 46], "uv_size": [0.25, 0.5]},
								"west": {"uv": [47, 53], "uv_size": [0.25, 0.5]},
								"up": {"uv": [53, 51], "uv_size": [0.25, 0.25]},
								"down": {"uv": [52, 53.25], "uv_size": [0.25, -0.25]}
							}
						},
						{
							"origin": [0.36514, 27.14546, 5.87718],
							"size": [0.228, 1.62, 0.47],
							"uv": {
								"north": {"uv": [53, 14], "uv_size": [0.25, 1.5]},
								"east": {"uv": [29, 52], "uv_size": [0.5, 1.5]},
								"south": {"uv": [15, 53], "uv_size": [0.25, 1.5]},
								"west": {"uv": [31, 52], "uv_size": [0.5, 1.5]},
								"up": {"uv": [43, 53], "uv_size": [0.25, 0.5]},
								"down": {"uv": [44, 53.5], "uv_size": [0.25, -0.5]}
							}
						},
						{
							"origin": [0.36418, 27.94524, 6.21237],
							"size": [0.228, 0.59, 0.36],
							"pivot": [-0.23483, 28.22016, 6.01743],
							"rotation": [29.3, 0, 0.1],
							"uv": {
								"north": {"uv": [39, 53], "uv_size": [0.25, 0.5]},
								"east": {"uv": [40, 53], "uv_size": [0.25, 0.5]},
								"south": {"uv": [41, 53], "uv_size": [0.25, 0.5]},
								"west": {"uv": [42, 53], "uv_size": [0.25, 0.5]},
								"up": {"uv": [53, 50], "uv_size": [0.25, 0.25]},
								"down": {"uv": [51, 53.25], "uv_size": [0.25, -0.25]}
							}
						},
						{
							"origin": [-1.192, 26.6645, 2.34613],
							"size": [2.432, 1.064, 4.408],
							"uv": {
								"north": {"uv": [48, 28], "uv_size": [2.5, 1]},
								"east": {"uv": [45, 12], "uv_size": [4.5, 1]},
								"south": {"uv": [49, 4], "uv_size": [2.5, 1]},
								"west": {"uv": [45, 13], "uv_size": [4.5, 1]},
								"up": {"uv": [35, 12], "uv_size": [2.5, 4.5]},
								"down": {"uv": [26, 39.5], "uv_size": [2.5, -4.5]}
							}
						},
						{
							"origin": [-1.02937, 26.26463, 4.88958],
							"size": [2.119, 1.35904, 3.59904],
							"inflate": 0.002,
							"pivot": [-0.04207, 26.94415, 6.2891],
							"rotation": [-83, 0, 0],
							"uv": {
								"north": {"uv": [49, 20], "uv_size": [2, 1.25]},
								"east": {"uv": [45, 20], "uv_size": [3.5, 1.25]},
								"south": {"uv": [49, 22], "uv_size": [2, 1.25]},
								"west": {"uv": [45, 22], "uv_size": [3.5, 1.25]},
								"up": {"uv": [41, 14], "uv_size": [2, 3.5]},
								"down": {"uv": [36, 44.5], "uv_size": [2, -3.5]}
							}
						},
						{
							"origin": [-1.46372, 26.25287, 5.5606],
							"size": [2.919, 1.35904, 2.79904],
							"inflate": 0.002,
							"pivot": [-0.07642, 26.93239, 6.16012],
							"rotation": [-83, 0, 0],
							"uv": {
								"north": {"uv": [47, 7], "uv_size": [3, 1.25]},
								"east": {"uv": [28, 47], "uv_size": [2.75, 1.25]},
								"south": {"uv": [25, 47], "uv_size": [3, 1.25]},
								"west": {"uv": [47, 33], "uv_size": [2.75, 1.25]},
								"up": {"uv": [24, 40], "uv_size": [3, 2.75]},
								"down": {"uv": [40, 34.75], "uv_size": [3, -2.75]}
							}
						},
						{
							"origin": [-1.762, 25.2205, -11.85027],
							"size": [0.96, 2.4, 6.541],
							"uv": {
								"north": {"uv": [19, 47], "uv_size": [1, 2.5]},
								"east": {"uv": [26, 26], "uv_size": [6.5, 2.5]},
								"south": {"uv": [23, 48], "uv_size": [1, 2.5]},
								"west": {"uv": [28, 9], "uv_size": [6.5, 2.5]},
								"up": {"uv": [18, 3], "uv_size": [1, 6.5]},
								"down": {"uv": [34, 8.5], "uv_size": [1, -6.5]}
							}
						},
						{
							"origin": [-1.76, 26.2205, -6.20927],
							"size": [0.96, 0.6, 0.952],
							"pivot": [-1.282, 25.8705, -5.43327],
							"rotation": [-45, 0, 0],
							"uv": {
								"north": {"uv": [45, 52], "uv_size": [1, 0.5]},
								"east": {"uv": [52, 46], "uv_size": [1, 0.5]},
								"south": {"uv": [47, 52], "uv_size": [1, 0.5]},
								"west": {"uv": [48, 52], "uv_size": [1, 0.5]},
								"up": {"uv": [25, 13], "uv_size": [1, 1]},
								"down": {"uv": [37, 20], "uv_size": [1, -1]}
							}
						},
						{
							"origin": [-1.762, 25.2205, -5.30927],
							"size": [0.96, 1.3, 3.152],
							"uv": {
								"north": {"uv": [45, 50], "uv_size": [1, 1.25]},
								"east": {"uv": [42, 45], "uv_size": [3.25, 1.25]},
								"south": {"uv": [50, 49], "uv_size": [1, 1.25]},
								"west": {"uv": [46, 5], "uv_size": [3.25, 1.25]},
								"up": {"uv": [25, 9], "uv_size": [1, 3.25]},
								"down": {"uv": [7, 50.25], "uv_size": [1, -3.25]}
							}
						},
						{
							"origin": [-1.762, 25.2205, -2.25027],
							"size": [0.96, 2.4, 9.012],
							"uv": {
								"north": {"uv": [32, 48], "uv_size": [1, 2.5]},
								"east": {"uv": [25, 3], "uv_size": [9, 2.5]},
								"south": {"uv": [20, 49], "uv_size": [1, 2.5]},
								"west": {"uv": [25, 6], "uv_size": [9, 2.5]},
								"up": {"uv": [2, 34], "uv_size": [1, 9]},
								"down": {"uv": [19, 47], "uv_size": [1, -9]}
							}
						},
						{
							"origin": [-0.846, 26.2865, -5.90387],
							"size": [1.52, 1.52, 0.22],
							"uv": {
								"north": {"uv": [49, 30], "uv_size": [1.5, 1.5]},
								"east": {"uv": [53, 6], "uv_size": [0.25, 1.5]},
								"south": {"uv": [49, 45], "uv_size": [1.5, 1.5]},
								"west": {"uv": [7, 53], "uv_size": [0.25, 1.5]},
								"up": {"uv": [53, 8], "uv_size": [1.5, 0.25]},
								"down": {"uv": [53, 9.25], "uv_size": [1.5, -0.25]}
							}
						},
						{
							"origin": [0.55, 25.2205, -11.85027],
							"size": [1.26, 2.4, 18.612],
							"uv": {
								"north": {"uv": [42, 47], "uv_size": [1.25, 2.5]},
								"east": {"uv": [0, 12], "uv_size": [18.5, 2.5]},
								"south": {"uv": [44, 47], "uv_size": [1.25, 2.5]},
								"west": {"uv": [12, 0], "uv_size": [18.5, 2.5]},
								"up": {"uv": [24, 14], "uv_size": [1.25, 18.5]},
								"down": {"uv": [21, 43.5], "uv_size": [1.25, -18.5]}
							}
						},
						{
							"origin": [-1.474, 24.50651, 3.91376],
							"size": [2.954, 3.216, 1.644],
							"pivot": [0.00766, 24.16451, 4.70776],
							"rotation": [-82.41804, 0, 0],
							"uv": {
								"north": {"uv": [33, 37], "uv_size": [3, 3.25]},
								"east": {"uv": [6, 43], "uv_size": [1.75, 3.25]},
								"south": {"uv": [36, 37], "uv_size": [3, 3.25]},
								"west": {"uv": [43, 10], "uv_size": [1.75, 3.25]},
								"up": {"uv": [41, 27], "uv_size": [3, 1.75]},
								"down": {"uv": [42, 3.75], "uv_size": [3, -1.75]}
							}
						},
						{
							"origin": [-0.26, 26.06426, 6.18453],
							"size": [0.541, 0.55904, 2.39904],
							"inflate": 0.002,
							"pivot": [0.0095, 25.74378, 7.43405],
							"rotation": [22, 0, 0],
							"uv": {
								"north": {"uv": [23, 53], "uv_size": [0.5, 0.5]},
								"east": {"uv": [50, 38], "uv_size": [2.5, 0.5]},
								"south": {"uv": [53, 23], "uv_size": [0.5, 0.5]},
								"west": {"uv": [42, 50], "uv_size": [2.5, 0.5]},
								"up": {"uv": [36, 50], "uv_size": [0.5, 2.5]},
								"down": {"uv": [37, 52.5], "uv_size": [0.5, -2.5]}
							}
						},
						{
							"origin": [-0.461, 23.77829, 6.67079],
							"size": [0.941, 0.85904, 2.09904],
							"inflate": 0.002,
							"pivot": [0.05948, 24.35781, -2.72969],
							"rotation": [10, 0, 0],
							"uv": {
								"north": {"uv": [20, 52], "uv_size": [1, 0.75]},
								"east": {"uv": [50, 29], "uv_size": [2, 0.75]},
								"south": {"uv": [52, 21], "uv_size": [1, 0.75]},
								"west": {"uv": [50, 33], "uv_size": [2, 0.75]},
								"up": {"uv": [50, 6], "uv_size": [1, 2]},
								"down": {"uv": [50, 14], "uv_size": [1, -2]}
							}
						}
					]
				},
				{
					"name": "bone",
					"parent": "gun",
					"pivot": [1.126, 24.0805, -3.53787]
				},
				{
					"name": "trigger",
					"parent": "gun",
					"pivot": [0.024, 23.58021, -2.2112],
					"rotation": [-10, 0, 0],
					"cubes": [
						{
							"origin": [-0.432, 21.29125, -2.57931],
							"size": [0.912, 2.288, 0.708],
							"inflate": -0.1,
							"pivot": [0.024, 22.68613, -1.86173],
							"rotation": [-6, 0, 0],
							"uv": {
								"north": {"uv": [47, 49], "uv_size": [1, 2.25]},
								"east": {"uv": [25, 50], "uv_size": [0.75, 2.25]},
								"south": {"uv": [48, 49], "uv_size": [1, 2.25]},
								"west": {"uv": [26, 50], "uv_size": [0.75, 2.25]},
								"up": {"uv": [11, 52], "uv_size": [1, 0.75]},
								"down": {"uv": [16, 52.75], "uv_size": [1, -0.75]}
							}
						},
						{
							"origin": [-0.427, 19.51433, -2.8734],
							"size": [0.912, 1.888, 0.708],
							"inflate": -0.1,
							"pivot": [0.019, 21.11796, -2.02512],
							"rotation": [-37, 0, 0],
							"uv": {
								"north": {"uv": [40, 10], "uv_size": [1, 2]},
								"east": {"uv": [27, 50], "uv_size": [0.75, 2]},
								"south": {"uv": [42, 30], "uv_size": [1, 2]},
								"west": {"uv": [28, 50], "uv_size": [0.75, 2]},
								"up": {"uv": [52, 17], "uv_size": [1, 0.75]},
								"down": {"uv": [18, 52.75], "uv_size": [1, -0.75]}
							}
						}
					]
				},
				{
					"name": "magazine",
					"parent": "main",
					"pivot": [0.7, 10.05, -3.95],
					"cubes": [
						{
							"origin": [-0.8175, 13.86409, 0.53428],
							"size": [2.07, 10.35, 2.553],
							"pivot": [-0.3, 21.50584, 1.96603],
							"rotation": [18, 0, 0],
							"uv": {
								"north": {"uv": [6, 26], "uv_size": [2, 10.25]},
								"east": {"uv": [6, 15], "uv_size": [2.5, 10.25]},
								"south": {"uv": [8, 26], "uv_size": [2, 10.25]},
								"west": {"uv": [9, 15], "uv_size": [2.5, 10.25]},
								"up": {"uv": [43, 14], "uv_size": [2, 2.5]},
								"down": {"uv": [25, 45.5], "uv_size": [2, -2.5]}
							}
						},
						{
							"origin": [-1.16219, 13.8644, 0.53459],
							"size": [0.68938, 10.34938, 2.55238],
							"inflate": 0.001,
							"pivot": [-0.3, 21.50584, 1.96603],
							"rotation": [18, 0, 0],
							"uv": {
								"north": {"uv": [20, 38], "uv_size": [0.75, 10.25]},
								"east": {"uv": [12, 15], "uv_size": [2.5, 10.25]},
								"south": {"uv": [33, 41], "uv_size": [0.75, 10.25]},
								"west": {"uv": [15, 15], "uv_size": [2.5, 10.25]},
								"up": {"uv": [14, 50], "uv_size": [0.75, 2.5]},
								"down": {"uv": [15, 52.5], "uv_size": [0.75, -2.5]}
							}
						}
					]
				},
				{
					"name": "bullet",
					"parent": "magazine",
					"pivot": [0.05, 24.7, -9.4],
					"cubes": [
						{
							"origin": [-1.24154, 23.6123, 0.97578],
							"size": [0.566, 0.566, 1.739],
							"inflate": 0.2,
							"pivot": [-0.3, 21.50584, 1.96603],
							"rotation": [16.87458, -6.35808, 20.05594],
							"uv": {
								"north": {"uv": [53, 20], "uv_size": [0.5, 0.5]},
								"east": {"uv": [51, 30], "uv_size": [1.75, 0.5]},
								"south": {"uv": [21, 53], "uv_size": [0.5, 0.5]},
								"west": {"uv": [51, 31], "uv_size": [1.75, 0.5]},
								"up": {"uv": [32, 51], "uv_size": [0.5, 1.75]},
								"down": {"uv": [38, 52.75], "uv_size": [0.5, -1.75]}
							}
						}
					]
				},
				{
					"name": "magazine2",
					"parent": "main",
					"pivot": [0.7, 10.05, -3.95],
					"cubes": [
						{
							"origin": [-0.8299, 13.8484, 0.55079],
							"size": [2.07, 10.35, 2.553],
							"pivot": [-0.3124, 21.49015, 1.98254],
							"rotation": [18, 0, 0],
							"uv": {
								"north": {"uv": [26, 9], "uv_size": [2, 10.25]},
								"east": {"uv": [18, 15], "uv_size": [2.5, 10.25]},
								"south": {"uv": [10, 26], "uv_size": [2, 10.25]},
								"west": {"uv": [19, 3], "uv_size": [2.5, 10.25]},
								"up": {"uv": [29, 43], "uv_size": [2, 2.5]},
								"down": {"uv": [43, 32.5], "uv_size": [2, -2.5]}
							}
						},
						{
							"origin": [-1.17459, 13.84871, 0.5511],
							"size": [0.68938, 10.34938, 2.55238],
							"inflate": 0.001,
							"pivot": [-0.3124, 21.49015, 1.98254],
							"rotation": [18, 0, 0],
							"uv": {
								"north": {"uv": [34, 41], "uv_size": [0.75, 10.25]},
								"east": {"uv": [21, 14], "uv_size": [2.5, 10.25]},
								"south": {"uv": [35, 41], "uv_size": [0.75, 10.25]},
								"west": {"uv": [22, 3], "uv_size": [2.5, 10.25]},
								"up": {"uv": [19, 50], "uv_size": [0.75, 2.5]},
								"down": {"uv": [21, 52.5], "uv_size": [0.75, -2.5]}
							}
						}
					]
				},
				{
					"name": "bullet2",
					"parent": "magazine2",
					"pivot": [-0.3624, 30.08431, -17.1835],
					"cubes": [
						{
							"origin": [-1.25394, 23.59661, 0.99229],
							"size": [0.566, 0.566, 1.739],
							"inflate": 0.2,
							"pivot": [-0.3124, 21.49015, 1.98254],
							"rotation": [16.87458, -6.35808, 20.05594],
							"uv": {
								"north": {"uv": [53, 21], "uv_size": [0.5, 0.5]},
								"east": {"uv": [39, 51], "uv_size": [1.75, 0.5]},
								"south": {"uv": [53, 22], "uv_size": [0.5, 0.5]},
								"west": {"uv": [41, 51], "uv_size": [1.75, 0.5]},
								"up": {"uv": [43, 51], "uv_size": [0.5, 1.75]},
								"down": {"uv": [44, 52.75], "uv_size": [0.5, -1.75]}
							}
						}
					]
				},
				{
					"name": "rightarm",
					"parent": "main",
					"pivot": [-5.2, 15.5, 25.8],
					"rotation": [-101.81106, -12.40003, -2.46982],
					"cubes": [
						{
							"origin": [-9.2, -8.5, 21.8],
							"size": [8, 24, 8],
							"uv": {
								"north": {"uv": [23.75, 20.25], "uv_size": [8, 24]},
								"east": {"uv": [15.75, 20.25], "uv_size": [8, 24]},
								"south": {"uv": [39.75, 20.25], "uv_size": [8, 24]},
								"west": {"uv": [31.75, 20.25], "uv_size": [8, 24]},
								"up": {"uv": [23.75, 12.25], "uv_size": [8, 8]},
								"down": {"uv": [9.2, 65.2], "uv_size": [-8, -8]}
							}
						}
					]
				},
				{
					"name": "leftarm",
					"parent": "main",
					"pivot": [10.7, 15.3, 12.4],
					"rotation": [-119.61483, 1.67666, -38.31282],
					"cubes": [
						{
							"origin": [3.82256, -0.95844, 5.99404],
							"size": [8, 24, 8],
							"uv": {
								"north": {"uv": [23.5, 16.75], "uv_size": [8, 24]},
								"east": {"uv": [15.5, 16.75], "uv_size": [8, 24]},
								"south": {"uv": [39.5, 16.75], "uv_size": [8, 24]},
								"west": {"uv": [31.5, 16.75], "uv_size": [8, 24]},
								"up": {"uv": [23.5, 8.75], "uv_size": [8, 8]},
								"down": {"uv": [8, 81.00596], "uv_size": [-8, -8]}
							}
						}
					]
				},
				{
					"name": "muzzleflash",
					"parent": "main",
					"pivot": [0, 26.75, -12.85],
					"cubes": [
						{
							"origin": [-0.5, 26.25, -13.35],
							"size": [1, 1, 1],
							"inflate": -0.4,
							"uv": {
								"north": {"uv": [26, 13], "uv_size": [1, 1]},
								"east": {"uv": [43, 19], "uv_size": [1, 1]},
								"south": {"uv": [8, 50], "uv_size": [1, 1]},
								"west": {"uv": [4, 54], "uv_size": [1, 1]},
								"up": {"uv": [17, 54], "uv_size": [1, 1]},
								"down": {"uv": [18, 55], "uv_size": [1, -1]}
							}
						}
					]
				},
				{
					"name": "scope",
					"parent": "main",
					"pivot": [0.03, 28.55, 17.5],
					"cubes": [
						{
							"origin": [-0.47, 28.05, 17],
							"size": [1, 1, 1],
							"inflate": -0.4,
							"uv": {
								"north": {"uv": [2, 23], "uv_size": [1, 1]},
								"east": {"uv": [8, 27], "uv_size": [1, 1]},
								"south": {"uv": [38, 28], "uv_size": [1, 1]},
								"west": {"uv": [41, 27], "uv_size": [1, 1]},
								"up": {"uv": [33, 48], "uv_size": [1, 1]},
								"down": {"uv": [40, 54], "uv_size": [1, -1]}
							}
						}
					]
				}
			]
		}
	]
}