{
	"format_version": "1.12.0",
	"minecraft:geometry": [
		{
			"description": {
				"identifier": "geometry.unknown",
				"texture_width": 87,
				"texture_height": 87,
				"visible_bounds_width": 8,
				"visible_bounds_height": 4,
				"visible_bounds_offset": [0, 1, 0]
			},
			"bones": [
				{
					"name": "main",
					"pivot": [0, 23.3, 6.3]
				},
				{
					"name": "gun",
					"parent": "main",
					"pivot": [0.784, 16.3665, 3.41613],
					"cubes": [
						{
							"origin": [-1.41236, 14.4223, 0.59089],
							"size": [2.84, 10.356, 5.32],
							"pivot": [0.00764, 20.3503, 3.25089],
							"rotation": [17.08474, 0, 0],
							"uv": {
								"north": {"uv": [0, 14], "uv_size": [3, 10.375]},
								"east": {"uv": [0, 0], "uv_size": [5.375, 10.375]},
								"south": {"uv": [3, 14], "uv_size": [3, 10.375]},
								"west": {"uv": [6, 0], "uv_size": [5.375, 10.375]},
								"up": {"uv": [21, 28], "uv_size": [3, 5.375]},
								"down": {"uv": [26, 33.375], "uv_size": [3, -5.375]}
							}
						},
						{
							"origin": [-1.477, 24.02426, 3.78586],
							"size": [2.964, 3.216, 1.444],
							"pivot": [0.00766, 24.18226, 4.67986],
							"rotation": [-90.41804, 0, 0],
							"uv": {
								"north": {"uv": [38, 10], "uv_size": [3, 3.25]},
								"east": {"uv": [10, 47], "uv_size": [1.5, 3.25]},
								"south": {"uv": [38, 36], "uv_size": [3, 3.25]},
								"west": {"uv": [12, 47], "uv_size": [1.5, 3.25]},
								"up": {"uv": [49, 9], "uv_size": [3, 1.5]},
								"down": {"uv": [49, 25.5], "uv_size": [3, -1.5]}
							}
						},
						{
							"origin": [-1.469, 23.50651, 5.11376],
							"size": [2.954, 3.116, 1.444],
							"pivot": [0.00766, 24.16451, 4.70776],
							"rotation": [-63.41804, 0, 0],
							"uv": {
								"north": {"uv": [26, 39], "uv_size": [3, 3.125]},
								"east": {"uv": [49, 5], "uv_size": [1.5, 3.125]},
								"south": {"uv": [33, 40], "uv_size": [3, 3.125]},
								"west": {"uv": [49, 16], "uv_size": [1.5, 3.125]},
								"up": {"uv": [49, 26], "uv_size": [3, 1.5]},
								"down": {"uv": [49, 29.5], "uv_size": [3, -1.5]}
							}
						},
						{
							"origin": [-1.469, 18.50651, 6.81376],
							"size": [2.954, 2.916, 1.444],
							"pivot": [0.00766, 24.16451, 4.70776],
							"rotation": [-122.41804, 0, 0],
							"uv": {
								"north": {"uv": [42, 24], "uv_size": [3, 2.875]},
								"east": {"uv": [17, 50], "uv_size": [1.5, 2.875]},
								"south": {"uv": [40, 42], "uv_size": [3, 2.875]},
								"west": {"uv": [38, 50], "uv_size": [1.5, 2.875]},
								"up": {"uv": [46, 49], "uv_size": [3, 1.5]},
								"down": {"uv": [49, 50.5], "uv_size": [3, -1.5]}
							}
						},
						{
							"origin": [-1.56166, 20.37887, -5.69247],
							"size": [2.988, 4.084, 0.408],
							"inflate": -0.1,
							"uv": {
								"north": {"uv": [26, 34], "uv_size": [3, 4.125]},
								"east": {"uv": [49, 55], "uv_size": [0.375, 4.125]},
								"south": {"uv": [35, 8], "uv_size": [3, 4.125]},
								"west": {"uv": [50, 55], "uv_size": [0.375, 4.125]},
								"up": {"uv": [55, 56], "uv_size": [3, 0.375]},
								"down": {"uv": [57, 0.375], "uv_size": [3, -0.375]}
							}
						},
						{
							"origin": [-1.5522, 20.37887, -5.89247],
							"size": [2.978, 4.084, 0.408],
							"inflate": -0.1,
							"pivot": [0.03234, 20.34342, -5.58584],
							"rotation": [-3, 0, 0],
							"uv": {
								"north": {"uv": [33, 35], "uv_size": [3, 4.125]},
								"east": {"uv": [51, 55], "uv_size": [0.375, 4.125]},
								"south": {"uv": [2, 36], "uv_size": [3, 4.125]},
								"west": {"uv": [2, 56], "uv_size": [0.375, 4.125]},
								"up": {"uv": [57, 1], "uv_size": [3, 0.375]},
								"down": {"uv": [57, 2.375], "uv_size": [3, -0.375]}
							}
						},
						{
							"origin": [-0.532, 23.54581, -5.99066],
							"size": [1.112, 1.284, 0.808],
							"inflate": -0.1,
							"pivot": [0.024, 24.13781, -5.58666],
							"rotation": [-90, -0.1, 0],
							"uv": {
								"north": {"uv": [29, 56], "uv_size": [1.125, 1.25]},
								"east": {"uv": [57, 36], "uv_size": [0.75, 1.25]},
								"south": {"uv": [39, 56], "uv_size": [1.125, 1.25]},
								"west": {"uv": [37, 57], "uv_size": [0.75, 1.25]},
								"up": {"uv": [57, 55], "uv_size": [1.125, 0.75]},
								"down": {"uv": [5, 58.75], "uv_size": [1.125, -0.75]}
							}
						},
						{
							"origin": [-1.527, 23.06242, -5.03877],
							"size": [2.902, 1.288, 0.808],
							"inflate": -0.1,
							"pivot": [0.024, 24.32642, -4.63477],
							"rotation": [-55, 0, 0],
							"uv": {
								"north": {"uv": [10, 53], "uv_size": [2.875, 1.25]},
								"east": {"uv": [38, 57], "uv_size": [0.75, 1.25]},
								"south": {"uv": [15, 53], "uv_size": [2.875, 1.25]},
								"west": {"uv": [57, 38], "uv_size": [0.75, 1.25]},
								"up": {"uv": [54, 51], "uv_size": [2.875, 0.75]},
								"down": {"uv": [55, 32.75], "uv_size": [2.875, -0.75]}
							}
						},
						{
							"origin": [-1.532, 20.9855, -5.0463],
							"size": [2.912, 0.888, 0.508],
							"inflate": -0.1,
							"pivot": [0.024, 21.3295, -5.1423],
							"rotation": [-138.5, 0, 0],
							"uv": {
								"north": {"uv": [35, 13], "uv_size": [2.875, 0.875]},
								"east": {"uv": [44, 58], "uv_size": [0.5, 0.875]},
								"south": {"uv": [42, 27], "uv_size": [2.875, 0.875]},
								"west": {"uv": [58, 45], "uv_size": [0.5, 0.875]},
								"up": {"uv": [55, 50], "uv_size": [2.875, 0.5]},
								"down": {"uv": [36, 56.5], "uv_size": [2.875, -0.5]}
							}
						},
						{
							"origin": [-0.532, 22.72829, -2.80398],
							"size": [1.112, 1.988, 1.008],
							"inflate": -0.1,
							"pivot": [0.024, 23.92642, -2.13477],
							"rotation": [-126, 0, 0],
							"uv": {
								"north": {"uv": [31, 55], "uv_size": [1.125, 2]},
								"east": {"uv": [1, 55], "uv_size": [1, 2]},
								"south": {"uv": [33, 55], "uv_size": [1.125, 2]},
								"west": {"uv": [12, 55], "uv_size": [1, 2]},
								"up": {"uv": [57, 3], "uv_size": [1.125, 1]},
								"down": {"uv": [5, 58], "uv_size": [1.125, -1]}
							}
						},
						{
							"origin": [-1.532, 22.86242, -6.93877],
							"size": [2.912, 1.188, 0.808],
							"inflate": -0.1,
							"pivot": [0.024, 24.32642, -6.53477],
							"rotation": [62, 0, 0],
							"uv": {
								"north": {"uv": [51, 17], "uv_size": [2.875, 1.375]},
								"east": {"uv": [22, 57], "uv_size": [0.75, 1.375]},
								"south": {"uv": [51, 22], "uv_size": [2.875, 1.375]},
								"west": {"uv": [57, 22], "uv_size": [0.75, 1.375]},
								"up": {"uv": [43, 55], "uv_size": [2.875, 0.75]},
								"down": {"uv": [55, 45.75], "uv_size": [2.875, -0.75]}
							}
						},
						{
							"origin": [-1.5648, 20.36887, -5.60114],
							"size": [2.9928, 0.6128, 5.7888],
							"inflate": -0.11,
							"pivot": [1.2856, 20.19527, -1.11074],
							"rotation": [0, -0.1, 0],
							"uv": {
								"north": {"uv": [46, 55], "uv_size": [3, 0.625]},
								"east": {"uv": [52, 29], "uv_size": [5.75, 0.625]},
								"south": {"uv": [55, 46], "uv_size": [3, 0.625]},
								"west": {"uv": [53, 4], "uv_size": [5.75, 0.625]},
								"up": {"uv": [12, 3], "uv_size": [3, 5.75]},
								"down": {"uv": [15, 8.75], "uv_size": [3, -5.75]}
							}
						},
						{
							"origin": [-1.5124, 23.79651, -6.78259],
							"size": [0.94, 1.23904, 11.29904],
							"inflate": 0.002,
							"uv": {
								"north": {"uv": [9, 56], "uv_size": [0.94, 1.23904]},
								"east": {"uv": [26, 22], "uv_size": [15.875, 1.25]},
								"south": {"uv": [18, 56], "uv_size": [1, 1.25]},
								"west": {"uv": [26, 24], "uv_size": [15.875, 1.25]},
								"up": {"uv": [29, 28], "uv_size": [1, 15.875]},
								"down": {"uv": [30, 43.875], "uv_size": [1, -15.875]}
							}
						},
						{
							"origin": [0.5876, 23.79651, -6.88259],
							"size": [0.94, 1.23904, 11.39904],
							"inflate": 0.002,
							"uv": {
								"north": {"uv": [56, 43], "uv_size": [0.94, 1.23904]},
								"east": {"uv": [26, 26], "uv_size": [15.875, 1.25]},
								"south": {"uv": [46, 56], "uv_size": [1, 1.25]},
								"west": {"uv": [28, 3], "uv_size": [15.875, 1.25]},
								"up": {"uv": [31, 28], "uv_size": [1, 15.875]},
								"down": {"uv": [32, 43.875], "uv_size": [1, -15.875]}
							}
						},
						{
							"origin": [-0.6124, 23.7975, -6.8821],
							"size": [1.24, 0.73904, 11.39904],
							"inflate": 0.002,
							"uv": {
								"north": {"uv": [57, 43], "uv_size": [1.24, 0.73904]},
								"east": {"uv": [31, 0], "uv_size": [15.875, 0.75]},
								"south": {"uv": [57, 44], "uv_size": [1.25, 0.75]},
								"west": {"uv": [31, 1], "uv_size": [15.875, 0.75]},
								"up": {"uv": [11, 25], "uv_size": [1.25, 15.875]},
								"down": {"uv": [13, 40.875], "uv_size": [1.25, -15.875]}
							}
						},
						{
							"origin": [0.5876, 23.79651, -11.48259],
							"size": [0.94, 1.23904, 0.59904],
							"inflate": 0.002,
							"uv": {
								"north": {"uv": [84.76, 72.76096], "uv_size": [0.94, 1.23904]},
								"east": {"uv": [66.125, 85.75], "uv_size": [15.875, 1.25]},
								"south": {"uv": [74.75, 85.75], "uv_size": [1, 1.25]},
								"west": {"uv": [68.125, 64.75], "uv_size": [1.575, 1.25]},
								"up": {"uv": [86, 71.125], "uv_size": [1, 15.875]},
								"down": {"uv": [87, 73.775], "uv_size": [0, -2.65]}
							}
						},
						{
							"origin": [-0.6124, 23.7975, -11.4821],
							"size": [1.24, 0.73904, 0.59904],
							"inflate": 0.002,
							"uv": {
								"north": {"uv": [85.76, 72.76096], "uv_size": [1.24, 0.73904]},
								"east": {"uv": [71.125, 59.75], "uv_size": [15.875, 0.75]},
								"south": {"uv": [85.75, 73.75], "uv_size": [1.25, 0.75]},
								"west": {"uv": [71.125, 62.75], "uv_size": [15.875, 0.75]},
								"up": {"uv": [66, 68.125], "uv_size": [1.25, 15.875]},
								"down": {"uv": [69.4, 70.775], "uv_size": [-1.15, -2.65]}
							}
						},
						{
							"origin": [-1.5124, 23.79651, -11.48259],
							"size": [0.94, 1.23904, 0.59904],
							"inflate": 0.002,
							"uv": {
								"north": {"uv": [37.76, 85.76096], "uv_size": [0.94, 1.23904]},
								"east": {"uv": [80.375, 80.25], "uv_size": [1.625, 2.75]},
								"south": {"uv": [46.75, 85.75], "uv_size": [1, 1.25]},
								"west": {"uv": [66.125, 85.75], "uv_size": [15.875, 1.25]},
								"up": {"uv": [83.75, 83.375], "uv_size": [1.25, 3.625]},
								"down": {"uv": [86.15, 73.775], "uv_size": [-1.15, -2.65]}
							}
						},
						{
							"origin": [-1.5124, 23.79651, -10.38259],
							"size": [0.94, 1.23904, 0.59904],
							"inflate": 0.002,
							"uv": {
								"north": {"uv": [37.76, 85.76096], "uv_size": [0.94, 1.23904]},
								"east": {"uv": [66.125, 81.75], "uv_size": [1.625, 1.25]},
								"south": {"uv": [46.75, 85.75], "uv_size": [1, 1.25]},
								"west": {"uv": [66.125, 85.75], "uv_size": [15.875, 1.25]},
								"up": {"uv": [84, 71.125], "uv_size": [1, 15.875]},
								"down": {"uv": [86.15, 73.775], "uv_size": [-1.15, -2.65]}
							}
						},
						{
							"origin": [-0.6124, 23.7975, -10.3821],
							"size": [1.24, 0.73904, 0.59904],
							"inflate": 0.002,
							"uv": {
								"north": {"uv": [85.76, 72.76096], "uv_size": [1.24, 0.73904]},
								"east": {"uv": [71.125, 59.75], "uv_size": [15.875, 0.75]},
								"south": {"uv": [85.75, 73.75], "uv_size": [1.25, 0.75]},
								"west": {"uv": [71.125, 62.75], "uv_size": [15.875, 0.75]},
								"up": {"uv": [66, 68.125], "uv_size": [1.25, 15.875]},
								"down": {"uv": [69.4, 70.775], "uv_size": [-1.15, -2.65]}
							}
						},
						{
							"origin": [0.5876, 23.79651, -10.38259],
							"size": [0.94, 1.23904, 0.59904],
							"inflate": 0.002,
							"uv": {
								"north": {"uv": [84.76, 72.76096], "uv_size": [0.94, 1.23904]},
								"east": {"uv": [66.125, 85.75], "uv_size": [15.875, 1.25]},
								"south": {"uv": [74.75, 85.75], "uv_size": [1, 1.25]},
								"west": {"uv": [79.525, 66.05], "uv_size": [1.575, 2.65]},
								"up": {"uv": [86, 71.125], "uv_size": [1, 15.875]},
								"down": {"uv": [87, 73.775], "uv_size": [0, -2.65]}
							}
						},
						{
							"origin": [-1.5124, 23.79651, -9.28259],
							"size": [0.94, 1.23904, 0.59904],
							"inflate": 0.002,
							"uv": {
								"north": {"uv": [37.76, 85.76096], "uv_size": [0.94, 1.23904]},
								"east": {"uv": [66.125, 81.75], "uv_size": [1.625, 1.25]},
								"south": {"uv": [46.75, 85.75], "uv_size": [1, 1.25]},
								"west": {"uv": [66.125, 85.75], "uv_size": [15.875, 1.25]},
								"up": {"uv": [84, 71.125], "uv_size": [1, 15.875]},
								"down": {"uv": [86.15, 73.775], "uv_size": [-1.15, -2.65]}
							}
						},
						{
							"origin": [-0.6124, 23.7975, -9.2821],
							"size": [1.24, 0.73904, 0.59904],
							"inflate": 0.002,
							"uv": {
								"north": {"uv": [85.76, 72.76096], "uv_size": [1.24, 0.73904]},
								"east": {"uv": [71.125, 59.75], "uv_size": [15.875, 0.75]},
								"south": {"uv": [85.75, 73.75], "uv_size": [1.25, 0.75]},
								"west": {"uv": [71.125, 62.75], "uv_size": [15.875, 0.75]},
								"up": {"uv": [66, 68.125], "uv_size": [1.25, 15.875]},
								"down": {"uv": [69.4, 70.775], "uv_size": [-1.15, -2.65]}
							}
						},
						{
							"origin": [0.5876, 23.79651, -9.28259],
							"size": [0.94, 1.23904, 0.59904],
							"inflate": 0.002,
							"uv": {
								"north": {"uv": [84.76, 72.76096], "uv_size": [0.94, 1.23904]},
								"east": {"uv": [66.125, 85.75], "uv_size": [15.875, 1.25]},
								"south": {"uv": [74.75, 85.75], "uv_size": [1, 1.25]},
								"west": {"uv": [79.525, 66.05], "uv_size": [1.575, 2.65]},
								"up": {"uv": [86, 71.125], "uv_size": [1, 15.875]},
								"down": {"uv": [87, 73.775], "uv_size": [0, -2.65]}
							}
						},
						{
							"origin": [-1.5124, 23.79651, -8.08259],
							"size": [0.94, 1.23904, 0.59904],
							"inflate": 0.002,
							"uv": {
								"north": {"uv": [37.76, 85.76096], "uv_size": [0.94, 1.23904]},
								"east": {"uv": [66.125, 81.75], "uv_size": [1.625, 1.25]},
								"south": {"uv": [46.75, 85.75], "uv_size": [1, 1.25]},
								"west": {"uv": [66.125, 85.75], "uv_size": [15.875, 1.25]},
								"up": {"uv": [84, 71.125], "uv_size": [1, 15.875]},
								"down": {"uv": [86.15, 73.775], "uv_size": [-1.15, -2.65]}
							}
						},
						{
							"origin": [-0.6124, 23.7975, -8.0821],
							"size": [1.24, 0.73904, 0.59904],
							"inflate": 0.002,
							"uv": {
								"north": {"uv": [85.76, 72.76096], "uv_size": [1.24, 0.73904]},
								"east": {"uv": [71.125, 59.75], "uv_size": [15.875, 0.75]},
								"south": {"uv": [85.75, 73.75], "uv_size": [1.25, 0.75]},
								"west": {"uv": [71.125, 62.75], "uv_size": [15.875, 0.75]},
								"up": {"uv": [66, 68.125], "uv_size": [1.25, 15.875]},
								"down": {"uv": [69.4, 70.775], "uv_size": [-1.15, -2.65]}
							}
						},
						{
							"origin": [0.5876, 23.79651, -8.08259],
							"size": [0.94, 1.23904, 0.59904],
							"inflate": 0.002,
							"uv": {
								"north": {"uv": [84.76, 72.76096], "uv_size": [0.94, 1.23904]},
								"east": {"uv": [66.125, 85.75], "uv_size": [15.875, 1.25]},
								"south": {"uv": [74.75, 85.75], "uv_size": [1, 1.25]},
								"west": {"uv": [68.125, 64.75], "uv_size": [1.575, 2.65]},
								"up": {"uv": [86, 71.125], "uv_size": [1, 15.875]},
								"down": {"uv": [87, 73.775], "uv_size": [0, -2.65]}
							}
						},
						{
							"origin": [-0.6124, 24.1975, -10.8821],
							"size": [1.24, 0.33904, 4.29904],
							"inflate": 0.002,
							"uv": {
								"north": {"uv": [85.76, 72.76096], "uv_size": [1.24, 0.73904]},
								"east": {"uv": [71.125, 59.75], "uv_size": [15.875, 0.75]},
								"south": {"uv": [85.75, 73.75], "uv_size": [1.25, 0.75]},
								"west": {"uv": [71.125, 62.75], "uv_size": [15.875, 0.75]},
								"up": {"uv": [66, 68.125], "uv_size": [1.25, 15.875]},
								"down": {"uv": [67, 84], "uv_size": [1.25, -8.5]}
							}
						},
						{
							"origin": [-1.4124, 24.19651, -10.88259],
							"size": [0.84, 0.83904, 4.29904],
							"inflate": 0.002,
							"uv": {
								"north": {"uv": [37.76, 85.76096], "uv_size": [0.94, 1.23904]},
								"east": {"uv": [66.125, 81.75], "uv_size": [15.875, 1.25]},
								"south": {"uv": [46.75, 85.75], "uv_size": [1, 1.25]},
								"west": {"uv": [66.125, 85.75], "uv_size": [15.875, 1.25]},
								"up": {"uv": [84, 71.125], "uv_size": [1, 15.875]},
								"down": {"uv": [84, 87], "uv_size": [1, -15.875]}
							}
						},
						{
							"origin": [0.5876, 24.19651, -10.88259],
							"size": [0.84, 0.83904, 3.99904],
							"inflate": 0.002,
							"uv": {
								"north": {"uv": [84.76, 72.76096], "uv_size": [0.94, 1.23904]},
								"east": {"uv": [66.125, 85.75], "uv_size": [15.875, 1.25]},
								"south": {"uv": [74.75, 85.75], "uv_size": [1, 1.25]},
								"west": {"uv": [68.125, 64.75], "uv_size": [15.875, 1.25]},
								"up": {"uv": [86, 71.125], "uv_size": [1, 15.875]},
								"down": {"uv": [86, 87], "uv_size": [1, -15.875]}
							}
						},
						{
							"origin": [-1.43552, 22.61022, -1.35079],
							"size": [2.71904, 0.91104, 1.36704],
							"inflate": 0.002,
							"pivot": [0.024, 21.86574, -0.81727],
							"rotation": [-116.5, -0.1, 0],
							"uv": {
								"north": {"uv": [54, 38], "uv_size": [2.75, 0.875]},
								"east": {"uv": [38, 53], "uv_size": [1.375, 0.875]},
								"south": {"uv": [54, 39], "uv_size": [2.75, 0.875]},
								"west": {"uv": [56, 49], "uv_size": [1.375, 0.875]},
								"up": {"uv": [52, 45], "uv_size": [2.75, 1.375]},
								"down": {"uv": [46, 53.375], "uv_size": [2.75, -1.375]}
							}
						},
						{
							"origin": [-1.43552, 19.20868, -2.26143],
							"size": [2.71904, 0.91104, 3.36704],
							"inflate": 0.002,
							"pivot": [0.024, 20.1642, 0.27209],
							"rotation": [160.5, 0.2, 0],
							"uv": {
								"north": {"uv": [46, 54], "uv_size": [2.75, 0.875]},
								"east": {"uv": [40, 2], "uv_size": [3.25, 0.875]},
								"south": {"uv": [49, 54], "uv_size": [2.75, 0.875]},
								"west": {"uv": [41, 13], "uv_size": [3.25, 0.875]},
								"up": {"uv": [2, 41], "uv_size": [2.75, 3.25]},
								"down": {"uv": [11, 44.25], "uv_size": [2.75, -3.25]}
							}
						}
					]
				},
				{
					"name": "bulletejec",
					"parent": "gun",
					"pivot": [0.03015, 27.67076, -4.62777],
					"cubes": [
						{
							"origin": [-0.82937, 26.42524, -3.34827],
							"size": [1.71904, 1.39104, 3.241],
							"inflate": 0.002,
							"uv": {
								"north": {"uv": [39, 54], "uv_size": [1.75, 1.375]},
								"east": {"uv": [50, 11], "uv_size": [3.25, 1.375]},
								"south": {"uv": [52, 54], "uv_size": [1.75, 1.375]},
								"west": {"uv": [50, 36], "uv_size": [3.25, 1.375]},
								"up": {"uv": [41, 45], "uv_size": [1.75, 3.25]},
								"down": {"uv": [46, 16.25], "uv_size": [1.75, -3.25]}
							}
						}
					]
				},
				{
					"name": "slide",
					"parent": "gun",
					"pivot": [-1.002, 27.1205, -13.64587],
					"cubes": [
						{
							"origin": [-2.09265, 24.01675, -11.4518],
							"size": [0.66096, 1.06496, 18.157],
							"inflate": -0.002,
							"pivot": [-2.09217, 25.53723, -11.25939],
							"rotation": [0, 0, -46],
							"uv": {
								"north": {"uv": [14, 58], "uv_size": [0.625, 1.125]},
								"east": {"uv": [26, 14], "uv_size": [18.125, 1.125]},
								"south": {"uv": [58, 16], "uv_size": [0.625, 1.125]},
								"west": {"uv": [26, 16], "uv_size": [18.125, 1.125]},
								"up": {"uv": [5, 36], "uv_size": [0.625, 18.125]},
								"down": {"uv": [6, 54.125], "uv_size": [0.625, -18.125]}
							}
						},
						{
							"origin": [1.16101, 23.92393, -11.4518],
							"size": [0.76096, 1.06496, 18.157],
							"inflate": -0.002,
							"pivot": [2.14017, 25.23323, -11.25939],
							"rotation": [0, 0, 46],
							"uv": {
								"north": {"uv": [56, 57], "uv_size": [0.75, 1.125]},
								"east": {"uv": [26, 18], "uv_size": [18.125, 1.125]},
								"south": {"uv": [57, 57], "uv_size": [0.75, 1.125]},
								"west": {"uv": [26, 20], "uv_size": [18.125, 1.125]},
								"up": {"uv": [24, 33], "uv_size": [0.75, 18.125]},
								"down": {"uv": [25, 51.125], "uv_size": [0.75, -18.125]}
							}
						},
						{
							"origin": [1.06446, 27.25879, -0.24927],
							"size": [0.75952, 1.07152, 7.01152],
							"inflate": 0.001,
							"pivot": [1.34504, 27.41964, -9.73711],
							"rotation": [0, 0, -42],
							"uv": {
								"north": {"uv": [0, 58], "uv_size": [0.75, 1.125]},
								"east": {"uv": [12, 9], "uv_size": [7, 1.125]},
								"south": {"uv": [3, 58], "uv_size": [0.75, 1.125]},
								"west": {"uv": [44, 2], "uv_size": [7, 1.125]},
								"up": {"uv": [15, 46], "uv_size": [0.75, 7]},
								"down": {"uv": [16, 53], "uv_size": [0.75, -7]}
							}
						},
						{
							"origin": [-1.78327, 27.24268, -0.24927],
							"size": [0.75952, 1.07152, 7.01152],
							"inflate": 0.001,
							"pivot": [-1.30433, 27.40353, -9.73711],
							"rotation": [0, 0, 43],
							"uv": {
								"north": {"uv": [58, 5], "uv_size": [0.75, 1.125]},
								"east": {"uv": [29, 44], "uv_size": [7, 1.125]},
								"south": {"uv": [7, 58], "uv_size": [0.75, 1.125]},
								"west": {"uv": [7, 45], "uv_size": [7, 1.125]},
								"up": {"uv": [29, 46], "uv_size": [0.75, 7]},
								"down": {"uv": [30, 53], "uv_size": [0.75, -7]}
							}
						},
						{
							"origin": [-1.02937, 27.82524, -0.24827],
							"size": [2.11904, 0.59104, 7.041],
							"inflate": 0.002,
							"uv": {
								"north": {"uv": [56, 40], "uv_size": [2.125, 0.625]},
								"east": {"uv": [51, 5], "uv_size": [7, 0.625]},
								"south": {"uv": [56, 41], "uv_size": [2.125, 0.625]},
								"west": {"uv": [51, 6], "uv_size": [7, 0.625]},
								"up": {"uv": [33, 28], "uv_size": [2.125, 7]},
								"down": {"uv": [21, 41], "uv_size": [2.125, -7]}
							}
						},
						{
							"origin": [1.06446, 27.25879, -11.4518],
							"size": [0.75952, 1.07152, 8.241],
							"inflate": 0.001,
							"pivot": [1.34504, 27.41964, -20.93711],
							"rotation": [0, 0, -42],
							"uv": {
								"north": {"uv": [10, 58], "uv_size": [0.75, 1.125]},
								"east": {"uv": [41, 38], "uv_size": [8.25, 1.125]},
								"south": {"uv": [11, 58], "uv_size": [0.75, 1.125]},
								"west": {"uv": [42, 22], "uv_size": [8.25, 1.125]},
								"up": {"uv": [37, 45], "uv_size": [0.75, 8.25]},
								"down": {"uv": [40, 53.25], "uv_size": [0.75, -8.25]}
							}
						},
						{
							"origin": [-1.02937, 27.82524, -11.44827],
							"size": [2.11904, 0.59104, 8.241],
							"inflate": 0.002,
							"uv": {
								"north": {"uv": [56, 42], "uv_size": [2.125, 0.625]},
								"east": {"uv": [47, 43], "uv_size": [8.25, 0.625]},
								"south": {"uv": [43, 56], "uv_size": [2.125, 0.625]},
								"west": {"uv": [47, 44], "uv_size": [8.25, 0.625]},
								"up": {"uv": [15, 28], "uv_size": [2.125, 8.25]},
								"down": {"uv": [18, 36.25], "uv_size": [2.125, -8.25]}
							}
						},
						{
							"origin": [-1.78327, 27.24268, -11.4518],
							"size": [0.75952, 1.07152, 8.241],
							"inflate": 0.001,
							"pivot": [-1.30433, 27.40353, -20.93711],
							"rotation": [0, 0, 43],
							"uv": {
								"north": {"uv": [8, 58], "uv_size": [0.75, 1.125]},
								"east": {"uv": [41, 11], "uv_size": [8.25, 1.125]},
								"south": {"uv": [9, 58], "uv_size": [0.75, 1.125]},
								"west": {"uv": [41, 36], "uv_size": [8.25, 1.125]},
								"up": {"uv": [45, 24], "uv_size": [0.75, 8.25]},
								"down": {"uv": [36, 53.25], "uv_size": [0.75, -8.25]}
							}
						},
						{
							"origin": [-0.82937, 25.72524, -11.4473],
							"size": [1.81904, 0.49104, 0.241],
							"inflate": 0.002,
							"uv": {
								"north": {"uv": [41, 57], "uv_size": [1.875, 0.5]},
								"east": {"uv": [59, 19], "uv_size": [0.25, 0.5]},
								"south": {"uv": [43, 57], "uv_size": [1.875, 0.5]},
								"west": {"uv": [26, 59], "uv_size": [0.25, 0.5]},
								"up": {"uv": [58, 38], "uv_size": [1.875, 0.25]},
								"down": {"uv": [39, 58.25], "uv_size": [1.875, -0.25]}
							}
						},
						{
							"origin": [-0.166, 28.13207, -10.53634],
							"size": [0.542, 0.684, 0.912],
							"pivot": [0.703, 27.85607, -10.22834],
							"rotation": [10, 0, 0],
							"uv": {
								"north": {"uv": [5, 59], "uv_size": [0.5, 0.625]},
								"east": {"uv": [58, 30], "uv_size": [0.875, 0.625]},
								"south": {"uv": [59, 5], "uv_size": [0.5, 0.625]},
								"west": {"uv": [58, 31], "uv_size": [0.875, 0.625]},
								"up": {"uv": [58, 39], "uv_size": [0.5, 0.875]},
								"down": {"uv": [41, 58.875], "uv_size": [0.5, -0.875]}
							}
						},
						{
							"origin": [-0.161, 27.87175, -10.49841],
							"size": [0.532, 0.684, 0.912],
							"pivot": [0.713, 27.79575, -10.29041],
							"rotation": [66, 0, 0],
							"uv": {
								"north": {"uv": [6, 59], "uv_size": [0.5, 0.625]},
								"east": {"uv": [32, 58], "uv_size": [0.875, 0.625]},
								"south": {"uv": [59, 6], "uv_size": [0.5, 0.625]},
								"west": {"uv": [58, 32], "uv_size": [0.875, 0.625]},
								"up": {"uv": [42, 58], "uv_size": [0.5, 0.875]},
								"down": {"uv": [43, 58.875], "uv_size": [0.5, -0.875]}
							}
						},
						{
							"origin": [0.462, 27.3105, 6.12413],
							"size": [0.528, 1.52, 0.17],
							"uv": {
								"north": {"uv": [34, 57], "uv_size": [0.625, 1.5]},
								"east": {"uv": [20, 59], "uv_size": [0.125, 1.5]},
								"south": {"uv": [36, 57], "uv_size": [0.625, 1.5]},
								"west": {"uv": [21, 59], "uv_size": [0.125, 1.5]},
								"up": {"uv": [27, 59], "uv_size": [0.625, 0.125]},
								"down": {"uv": [28, 59.125], "uv_size": [0.625, -0.125]}
							}
						},
						{
							"origin": [0.462, 28.17329, 4.78536],
							"size": [0.528, 0.49, 1.76],
							"pivot": [0.60092, 27.06829, 5.66536],
							"rotation": [14.3, 0, 0.1],
							"uv": {
								"north": {"uv": [17, 59], "uv_size": [0.625, 0.375]},
								"east": {"uv": [17, 58], "uv_size": [1.75, 0.375]},
								"south": {"uv": [59, 17], "uv_size": [0.625, 0.375]},
								"west": {"uv": [58, 18], "uv_size": [1.75, 0.375]},
								"up": {"uv": [13, 57], "uv_size": [0.625, 1.75]},
								"down": {"uv": [57, 15.75], "uv_size": [0.625, -1.75]}
							}
						},
						{
							"origin": [0.462, 28.069, 6.57077],
							"size": [0.528, 0.59, 0.16],
							"pivot": [0.60092, 27.064, 5.85077],
							"rotation": [14.8, 0, 0.1],
							"uv": {
								"north": {"uv": [58, 53], "uv_size": [0.625, 0.625]},
								"east": {"uv": [29, 59], "uv_size": [0.125, 0.625]},
								"south": {"uv": [58, 54], "uv_size": [0.625, 0.625]},
								"west": {"uv": [30, 59], "uv_size": [0.125, 0.625]},
								"up": {"uv": [59, 30], "uv_size": [0.625, 0.125]},
								"down": {"uv": [31, 59.125], "uv_size": [0.625, -0.125]}
							}
						},
						{
							"origin": [-0.91, 27.3105, 6.12413],
							"size": [0.628, 1.52, 0.17],
							"uv": {
								"north": {"uv": [45, 57], "uv_size": [0.625, 1.5]},
								"east": {"uv": [22, 59], "uv_size": [0.125, 1.5]},
								"south": {"uv": [57, 47], "uv_size": [0.625, 1.5]},
								"west": {"uv": [59, 22], "uv_size": [0.125, 1.5]},
								"up": {"uv": [59, 33], "uv_size": [0.625, 0.125]},
								"down": {"uv": [34, 59.125], "uv_size": [0.625, -0.125]}
							}
						},
						{
							"origin": [-0.91308, 28.069, 6.57077],
							"size": [0.628, 0.59, 0.16],
							"pivot": [-0.39908, 27.064, 5.85077],
							"rotation": [14.8, 0, 0.1],
							"uv": {
								"north": {"uv": [58, 56], "uv_size": [0.625, 0.625]},
								"east": {"uv": [59, 31], "uv_size": [0.125, 0.625]},
								"south": {"uv": [58, 57], "uv_size": [0.625, 0.625]},
								"west": {"uv": [32, 59], "uv_size": [0.125, 0.625]},
								"up": {"uv": [59, 32], "uv_size": [0.625, 0.125]},
								"down": {"uv": [33, 59.125], "uv_size": [0.625, -0.125]}
							}
						},
						{
							"origin": [-0.91308, 28.17277, 4.78536],
							"size": [0.628, 0.49, 1.76],
							"pivot": [-0.39908, 27.06777, 5.66536],
							"rotation": [14.3, 0, 0.1],
							"uv": {
								"north": {"uv": [18, 59], "uv_size": [0.625, 0.375]},
								"east": {"uv": [58, 20], "uv_size": [1.75, 0.375]},
								"south": {"uv": [19, 59], "uv_size": [0.625, 0.375]},
								"west": {"uv": [58, 21], "uv_size": [1.75, 0.375]},
								"up": {"uv": [57, 16], "uv_size": [0.625, 1.75]},
								"down": {"uv": [20, 58.75], "uv_size": [0.625, -1.75]}
							}
						},
						{
							"origin": [-1.192, 26.6645, 2.34613],
							"size": [2.432, 1.064, 4.408],
							"uv": {
								"north": {"uv": [36, 54], "uv_size": [2.375, 1.125]},
								"east": {"uv": [47, 45], "uv_size": [4.375, 1.125]},
								"south": {"uv": [54, 36], "uv_size": [2.375, 1.125]},
								"west": {"uv": [47, 47], "uv_size": [4.375, 1.125]},
								"up": {"uv": [17, 37], "uv_size": [2.375, 4.375]},
								"down": {"uv": [38, 9.375], "uv_size": [2.375, -4.375]}
							}
						},
						{
							"origin": [-1.0293, 26.18746, 5.19799],
							"size": [2.119, 1.35904, 2.19904],
							"inflate": 0.002,
							"pivot": [-0.042, 26.86698, 6.59751],
							"rotation": [-70, 0, 0],
							"uv": {
								"north": {"uv": [54, 20], "uv_size": [2.125, 1.375]},
								"east": {"uv": [54, 15], "uv_size": [2.25, 1.375]},
								"south": {"uv": [54, 22], "uv_size": [2.125, 1.375]},
								"west": {"uv": [54, 17], "uv_size": [2.25, 1.375]},
								"up": {"uv": [48, 13], "uv_size": [2.125, 2.25]},
								"down": {"uv": [48, 35.25], "uv_size": [2.125, -2.25]}
							}
						},
						{
							"origin": [-1.461, 23.37829, 6.67079],
							"size": [2.941, 1.35904, 1.09904],
							"inflate": 0.002,
							"pivot": [0.05948, 24.05781, -1.82969],
							"rotation": [10, 0, 0],
							"uv": {
								"north": {"uv": [51, 13], "uv_size": [3, 1.375]},
								"east": {"uv": [55, 52], "uv_size": [1.125, 1.375]},
								"south": {"uv": [51, 15], "uv_size": [3, 1.375]},
								"west": {"uv": [55, 54], "uv_size": [1.125, 1.375]},
								"up": {"uv": [54, 11], "uv_size": [3, 1.125]},
								"down": {"uv": [54, 14.125], "uv_size": [3, -1.125]}
							}
						},
						{
							"origin": [-1.762, 25.2205, -11.45027],
							"size": [0.96, 2.4, 8.241],
							"uv": {
								"north": {"uv": [37, 5], "uv_size": [1, 2.375]},
								"east": {"uv": [15, 25], "uv_size": [8.25, 2.375]},
								"south": {"uv": [18, 53], "uv_size": [1, 2.375]},
								"west": {"uv": [28, 5], "uv_size": [8.25, 2.375]},
								"up": {"uv": [14, 41], "uv_size": [1, 8.25]},
								"down": {"uv": [19, 50.25], "uv_size": [1, -8.25]}
							}
						},
						{
							"origin": [-1.762, 25.2205, -3.20927],
							"size": [0.96, 1.3, 2.952],
							"uv": {
								"north": {"uv": [47, 56], "uv_size": [1, 1.25]},
								"east": {"uv": [52, 49], "uv_size": [3, 1.25]},
								"south": {"uv": [56, 47], "uv_size": [1, 1.25]},
								"west": {"uv": [52, 52], "uv_size": [3, 1.25]},
								"up": {"uv": [18, 3], "uv_size": [1, 3]},
								"down": {"uv": [18, 9], "uv_size": [1, -3]}
							}
						},
						{
							"origin": [-1.762, 25.2205, -0.25027],
							"size": [0.96, 2.4, 7.012],
							"uv": {
								"north": {"uv": [54, 54], "uv_size": [1, 2.375]},
								"east": {"uv": [28, 8], "uv_size": [7, 2.375]},
								"south": {"uv": [0, 55], "uv_size": [1, 2.375]},
								"west": {"uv": [28, 11], "uv_size": [7, 2.375]},
								"up": {"uv": [4, 45], "uv_size": [1, 7]},
								"down": {"uv": [45, 20], "uv_size": [1, -7]}
							}
						},
						{
							"origin": [-1.22464, 26.71201, -11.57477],
							"size": [0.64772, 0.57172, 8.35172],
							"inflate": -0.002,
							"pivot": [0.024, 27.0127, -7.10537],
							"rotation": [0, 0, -46],
							"uv": {
								"north": {"uv": [58, 49], "uv_size": [0.625, 0.625]},
								"east": {"uv": [46, 30], "uv_size": [8.375, 0.625]},
								"south": {"uv": [58, 50], "uv_size": [0.625, 0.625]},
								"west": {"uv": [46, 31], "uv_size": [8.375, 0.625]},
								"up": {"uv": [43, 46], "uv_size": [0.625, 8.375]},
								"down": {"uv": [44, 54.375], "uv_size": [0.625, -8.375]}
							}
						},
						{
							"origin": [-0.63417, 25.91125, -11.57837],
							"size": [1.30928, 0.56828, 8.34828],
							"inflate": 0.002,
							"uv": {
								"north": {"uv": [58, 12], "uv_size": [1.25, 0.625]},
								"east": {"uv": [45, 20], "uv_size": [8.375, 0.625]},
								"south": {"uv": [58, 13], "uv_size": [1.25, 0.625]},
								"west": {"uv": [45, 21], "uv_size": [8.375, 0.625]},
								"up": {"uv": [7, 36], "uv_size": [1.25, 8.375]},
								"down": {"uv": [9, 44.375], "uv_size": [1.25, -8.375]}
							}
						},
						{
							"origin": [0.62492, 26.71201, -11.57477],
							"size": [0.64772, 0.57172, 8.35172],
							"inflate": -0.002,
							"pivot": [0.024, 27.0127, -7.10537],
							"rotation": [0, 0, 46],
							"uv": {
								"north": {"uv": [48, 58], "uv_size": [0.625, 0.625]},
								"east": {"uv": [31, 2], "uv_size": [8.375, 0.625]},
								"south": {"uv": [58, 48], "uv_size": [0.625, 0.625]},
								"west": {"uv": [44, 4], "uv_size": [8.375, 0.625]},
								"up": {"uv": [35, 46], "uv_size": [0.625, 8.375]},
								"down": {"uv": [46, 48.375], "uv_size": [0.625, -8.375]}
							}
						},
						{
							"origin": [-0.63417, 27.35525, -11.57837],
							"size": [1.30928, 0.56828, 8.34828],
							"inflate": 0.002,
							"pivot": [0.024, 27.69661, -7.10537],
							"rotation": [0, 0, 180],
							"uv": {
								"north": {"uv": [58, 14], "uv_size": [1.25, 0.625]},
								"east": {"uv": [47, 41], "uv_size": [8.375, 0.625]},
								"south": {"uv": [58, 15], "uv_size": [1.25, 0.625]},
								"west": {"uv": [47, 42], "uv_size": [8.375, 0.625]},
								"up": {"uv": [36, 36], "uv_size": [1.25, 8.375]},
								"down": {"uv": [15, 45.375], "uv_size": [1.25, -8.375]}
							}
						},
						{
							"origin": [0.07816, 27.92392, -11.57477],
							"size": [0.64772, 0.57172, 8.35172],
							"inflate": -0.002,
							"pivot": [0.024, 27.69661, -7.10537],
							"rotation": [0, 0, -134],
							"uv": {
								"north": {"uv": [58, 52], "uv_size": [0.625, 0.625]},
								"east": {"uv": [47, 1], "uv_size": [8.375, 0.625]},
								"south": {"uv": [53, 58], "uv_size": [0.625, 0.625]},
								"west": {"uv": [47, 40], "uv_size": [8.375, 0.625]},
								"up": {"uv": [8, 47], "uv_size": [0.625, 8.375]},
								"down": {"uv": [9, 55.375], "uv_size": [0.625, -8.375]}
							}
						},
						{
							"origin": [-0.67788, 27.92392, -11.57477],
							"size": [0.64772, 0.57172, 8.35172],
							"inflate": -0.002,
							"pivot": [0.024, 27.69661, -7.10537],
							"rotation": [0, 0, 134],
							"uv": {
								"north": {"uv": [58, 51], "uv_size": [0.625, 0.625]},
								"east": {"uv": [46, 32], "uv_size": [8.375, 0.625]},
								"south": {"uv": [52, 58], "uv_size": [0.625, 0.625]},
								"west": {"uv": [47, 0], "uv_size": [8.375, 0.625]},
								"up": {"uv": [45, 46], "uv_size": [0.625, 8.375]},
								"down": {"uv": [7, 55.375], "uv_size": [0.625, -8.375]}
							}
						},
						{
							"origin": [0.5085, 26.291, -11.5794],
							"size": [0.57, 1.387, 8.35],
							"uv": {
								"north": {"uv": [54, 57], "uv_size": [0.625, 1.375]},
								"east": {"uv": [36, 32], "uv_size": [8.375, 1.375]},
								"south": {"uv": [55, 57], "uv_size": [0.625, 1.375]},
								"west": {"uv": [36, 34], "uv_size": [8.375, 1.375]},
								"up": {"uv": [33, 46], "uv_size": [0.625, 8.375]},
								"down": {"uv": [34, 54.375], "uv_size": [0.625, -8.375]}
							}
						},
						{
							"origin": [-0.846, 24.3865, -10.40387],
							"size": [1.52, 1.52, 1.52],
							"uv": {
								"north": {"uv": [55, 2], "uv_size": [1.5, 1.5]},
								"east": {"uv": [5, 55], "uv_size": [1.5, 1.5]},
								"south": {"uv": [55, 7], "uv_size": [1.5, 1.5]},
								"west": {"uv": [10, 55], "uv_size": [1.5, 1.5]},
								"up": {"uv": [15, 55], "uv_size": [1.5, 1.5]},
								"down": {"uv": [24, 56.5], "uv_size": [1.5, -1.5]}
							}
						},
						{
							"origin": [-0.846, 26.3865, -3.70387],
							"size": [1.52, 1.52, 0.22],
							"uv": {
								"north": {"uv": [26, 55], "uv_size": [1.5, 1.5]},
								"east": {"uv": [58, 58], "uv_size": [0.25, 1.5]},
								"south": {"uv": [55, 30], "uv_size": [1.5, 1.5]},
								"west": {"uv": [1, 59], "uv_size": [0.25, 1.5]},
								"up": {"uv": [59, 3], "uv_size": [1.5, 0.25]},
								"down": {"uv": [59, 4.25], "uv_size": [1.5, -0.25]}
							}
						},
						{
							"origin": [-1.0305, 26.291, -11.5794],
							"size": [0.57, 1.387, 8.35],
							"uv": {
								"north": {"uv": [57, 51], "uv_size": [0.625, 1.375]},
								"east": {"uv": [36, 28], "uv_size": [8.375, 1.375]},
								"south": {"uv": [57, 53], "uv_size": [0.625, 1.375]},
								"west": {"uv": [36, 30], "uv_size": [8.375, 1.375]},
								"up": {"uv": [31, 46], "uv_size": [0.625, 8.375]},
								"down": {"uv": [32, 54.375], "uv_size": [0.625, -8.375]}
							}
						},
						{
							"origin": [0.44748, 24.58808, -11.49072],
							"size": [0.5016, 1.22056, 7.7],
							"uv": {
								"north": {"uv": [24, 58], "uv_size": [0.5, 1.25]},
								"east": {"uv": [41, 7], "uv_size": [7.75, 1.25]},
								"south": {"uv": [25, 58], "uv_size": [0.5, 1.25]},
								"west": {"uv": [41, 9], "uv_size": [7.75, 1.25]},
								"up": {"uv": [19, 51], "uv_size": [0.5, 7.75]},
								"down": {"uv": [4, 59.75], "uv_size": [0.5, -7.75]}
							}
						},
						{
							"origin": [-0.55783, 24.25414, -11.48872],
							"size": [1.15169, 0.49961, 7.69801],
							"inflate": 0.002,
							"uv": {
								"north": {"uv": [58, 29], "uv_size": [1.125, 0.5]},
								"east": {"uv": [52, 27], "uv_size": [7.75, 0.5]},
								"south": {"uv": [30, 58], "uv_size": [1.125, 0.5]},
								"west": {"uv": [52, 28], "uv_size": [7.75, 0.5]},
								"up": {"uv": [17, 42], "uv_size": [1.125, 7.75]},
								"down": {"uv": [38, 49.75], "uv_size": [1.125, -7.75]}
							}
						},
						{
							"origin": [0.54969, 24.95833, -11.4907],
							"size": [0.57047, 0.50359, 7.7],
							"inflate": -0.002,
							"pivot": [0.02112, 25.22317, -7.55272],
							"rotation": [0, 0, 46],
							"uv": {
								"north": {"uv": [16, 59], "uv_size": [0.625, 0.5]},
								"east": {"uv": [52, 25], "uv_size": [7.75, 0.5]},
								"south": {"uv": [59, 16], "uv_size": [0.625, 0.5]},
								"west": {"uv": [52, 26], "uv_size": [7.75, 0.5]},
								"up": {"uv": [23, 49], "uv_size": [0.625, 7.75]},
								"down": {"uv": [41, 56.75], "uv_size": [0.625, -7.75]}
							}
						},
						{
							"origin": [-1.07793, 24.95833, -11.4907],
							"size": [0.57047, 0.50359, 7.7],
							"pivot": [0.02112, 25.22317, -7.55272],
							"rotation": [0, 0, -46],
							"uv": {
								"north": {"uv": [13, 59], "uv_size": [0.625, 0.5]},
								"east": {"uv": [52, 10], "uv_size": [7.75, 0.5]},
								"south": {"uv": [15, 59], "uv_size": [0.625, 0.5]},
								"west": {"uv": [52, 24], "uv_size": [7.75, 0.5]},
								"up": {"uv": [21, 49], "uv_size": [0.625, 7.75]},
								"down": {"uv": [22, 56.75], "uv_size": [0.625, -7.75]}
							}
						},
						{
							"origin": [-0.90684, 24.58808, -11.49072],
							"size": [0.5016, 1.22056, 7.7],
							"uv": {
								"north": {"uv": [58, 22], "uv_size": [0.5, 1.25]},
								"east": {"uv": [38, 40], "uv_size": [7.75, 1.25]},
								"south": {"uv": [23, 58], "uv_size": [0.5, 1.25]},
								"west": {"uv": [41, 5], "uv_size": [7.75, 1.25]},
								"up": {"uv": [42, 49], "uv_size": [0.5, 7.75]},
								"down": {"uv": [14, 57.75], "uv_size": [0.5, -7.75]}
							}
						},
						{
							"origin": [0.06854, 26.02481, -11.4907],
							"size": [0.57047, 0.50359, 7.7],
							"inflate": -0.002,
							"pivot": [0.02112, 25.82502, -7.55272],
							"rotation": [0, 0, -134],
							"uv": {
								"north": {"uv": [59, 11], "uv_size": [0.625, 0.5]},
								"east": {"uv": [46, 51], "uv_size": [7.75, 0.5]},
								"south": {"uv": [12, 59], "uv_size": [0.625, 0.5]},
								"west": {"uv": [52, 9], "uv_size": [7.75, 0.5]},
								"up": {"uv": [28, 47], "uv_size": [0.625, 7.75]},
								"down": {"uv": [20, 56.75], "uv_size": [0.625, -7.75]}
							}
						},
						{
							"origin": [-0.461, 23.47829, 7.57079],
							"size": [0.941, 0.85904, 2.49904],
							"inflate": 0.002,
							"pivot": [0.05948, 24.05781, -1.82969],
							"rotation": [10, 0, 0],
							"uv": {
								"north": {"uv": [42.25, 18], "uv_size": [1.25, 1.25]},
								"east": {"uv": [12, 45], "uv_size": [1, 1.25]},
								"south": {"uv": [42.25, 20], "uv_size": [1.25, 1.25]},
								"west": {"uv": [13, 45], "uv_size": [1, 1.25]},
								"up": {"uv": [45.75, 11], "uv_size": [3, 1]},
								"down": {"uv": [8.75, 46], "uv_size": [3, -1]}
							}
						},
						{
							"origin": [-0.26, 25.76426, 7.08453],
							"size": [0.541, 0.55904, 2.39904],
							"inflate": 0.002,
							"pivot": [0.0095, 25.44378, 8.33405],
							"rotation": [22, 0, 0],
							"uv": {
								"north": {"uv": [42.75, 18], "uv_size": [0.75, 1.25]},
								"east": {"uv": [14.25, 45], "uv_size": [-1.25, 1.25]},
								"south": {"uv": [42.75, 20], "uv_size": [0.75, 1.25]},
								"west": {"uv": [15.25, 45], "uv_size": [-1.25, 1.25]},
								"up": {"uv": [56.25, 11], "uv_size": [0.75, 1]},
								"down": {"uv": [11, 46], "uv_size": [0.75, -1]}
							}
						},
						{
							"origin": [-0.55783, 25.52486, -11.48872],
							"size": [1.15169, 0.49961, 7.69801],
							"inflate": 0.002,
							"pivot": [0.02112, 25.82502, -7.55272],
							"rotation": [0, 0, 180],
							"uv": {
								"north": {"uv": [26, 58], "uv_size": [1.125, 0.5]},
								"east": {"uv": [51, 34], "uv_size": [7.75, 0.5]},
								"south": {"uv": [28, 58], "uv_size": [1.125, 0.5]},
								"west": {"uv": [51, 35], "uv_size": [7.75, 0.5]},
								"up": {"uv": [20, 41], "uv_size": [1.125, 7.75]},
								"down": {"uv": [22, 48.75], "uv_size": [1.125, -7.75]}
							}
						},
						{
							"origin": [-0.59678, 26.02481, -11.4907],
							"size": [0.57047, 0.50359, 7.7],
							"inflate": -0.002,
							"pivot": [0.02112, 25.82502, -7.55272],
							"rotation": [0, 0, 134],
							"uv": {
								"north": {"uv": [59, 7], "uv_size": [0.625, 0.5]},
								"east": {"uv": [51, 19], "uv_size": [7.75, 0.5]},
								"south": {"uv": [59, 8], "uv_size": [0.625, 0.5]},
								"west": {"uv": [51, 33], "uv_size": [7.75, 0.5]},
								"up": {"uv": [26, 47], "uv_size": [0.625, 7.75]},
								"down": {"uv": [27, 54.75], "uv_size": [0.625, -7.75]}
							}
						},
						{
							"origin": [0.55, 25.2205, -11.45027],
							"size": [1.26, 2.4, 18.212],
							"uv": {
								"north": {"uv": [24, 52], "uv_size": [1.25, 2.375]},
								"east": {"uv": [0, 11], "uv_size": [18.25, 2.375]},
								"south": {"uv": [29, 53], "uv_size": [1.25, 2.375]},
								"west": {"uv": [12, 0], "uv_size": [18.25, 2.375]},
								"up": {"uv": [24, 14], "uv_size": [1.25, 18.25]},
								"down": {"uv": [0, 43.25], "uv_size": [1.25, -18.25]}
							}
						}
					]
				},
				{
					"name": "bone",
					"parent": "gun",
					"pivot": [1.126, 24.0805, -3.53787]
				},
				{
					"name": "trigger",
					"parent": "gun",
					"pivot": [0.024, 23.78021, -2.1112],
					"rotation": [-11, 0, 0],
					"cubes": [
						{
							"origin": [-0.432, 22.19009, -2.42154],
							"size": [0.912, 1.788, 0.608],
							"inflate": -0.1,
							"pivot": [0.024, 23.72642, -2.13477],
							"rotation": [-6, 0, 0],
							"uv": {
								"north": {"uv": [56, 0], "uv_size": [0.875, 1.75]},
								"east": {"uv": [15, 57], "uv_size": [0.625, 1.75]},
								"south": {"uv": [3, 56], "uv_size": [0.875, 1.75]},
								"west": {"uv": [16, 57], "uv_size": [0.625, 1.75]},
								"up": {"uv": [33, 58], "uv_size": [0.875, 0.625]},
								"down": {"uv": [35, 58.625], "uv_size": [0.875, -0.625]}
							}
						},
						{
							"origin": [-0.432, 20.77458, -2.65355],
							"size": [0.912, 1.788, 0.608],
							"inflate": -0.1,
							"pivot": [0.024, 22.28021, -2.3112],
							"rotation": [-49, 0, 0],
							"uv": {
								"north": {"uv": [7, 56], "uv_size": [0.875, 1.75]},
								"east": {"uv": [57, 20], "uv_size": [0.625, 1.75]},
								"south": {"uv": [8, 56], "uv_size": [0.875, 1.75]},
								"west": {"uv": [21, 57], "uv_size": [0.625, 1.75]},
								"up": {"uv": [58, 36], "uv_size": [0.875, 0.625]},
								"down": {"uv": [58, 37.625], "uv_size": [0.875, -0.625]}
							}
						}
					]
				},
				{
					"name": "magazine",
					"parent": "main",
					"pivot": [0.7, 10.05, -3.95],
					"cubes": [
						{
							"origin": [-0.8175, 13.86409, 0.53428],
							"size": [2.07, 10.35, 2.553],
							"pivot": [-0.3, 21.50584, 1.96603],
							"rotation": [18, 0, 0],
							"uv": {
								"north": {"uv": [2, 25], "uv_size": [2.125, 10.375]},
								"east": {"uv": [6, 14], "uv_size": [2.5, 10.375]},
								"south": {"uv": [25, 3], "uv_size": [2.125, 10.375]},
								"west": {"uv": [9, 14], "uv_size": [2.5, 10.375]},
								"up": {"uv": [45, 33], "uv_size": [2.125, 2.5]},
								"down": {"uv": [46, 19.5], "uv_size": [2.125, -2.5]}
							}
						},
						{
							"origin": [-1.16219, 13.8644, 0.53459],
							"size": [0.68938, 10.34938, 2.55238],
							"inflate": 0.001,
							"pivot": [-0.3, 21.50584, 1.96603],
							"rotation": [18, 0, 0],
							"uv": {
								"north": {"uv": [0, 44], "uv_size": [0.75, 10.375]},
								"east": {"uv": [12, 14], "uv_size": [2.5, 10.375]},
								"south": {"uv": [1, 44], "uv_size": [0.75, 10.375]},
								"west": {"uv": [15, 14], "uv_size": [2.5, 10.375]},
								"up": {"uv": [17, 55], "uv_size": [0.75, 2.5]},
								"down": {"uv": [28, 57.5], "uv_size": [0.75, -2.5]}
							}
						}
					]
				},
				{
					"name": "bullet",
					"parent": "magazine",
					"pivot": [0.05, 24.7, -9.4],
					"cubes": [
						{
							"origin": [-1.24154, 23.6123, 0.97578],
							"size": [0.566, 0.566, 1.739],
							"inflate": 0.2,
							"pivot": [-0.3, 21.50584, 1.96603],
							"rotation": [16.87458, -6.35808, 20.05594],
							"uv": {
								"north": {"uv": [46, 58], "uv_size": [0.625, 0.625]},
								"east": {"uv": [57, 7], "uv_size": [1.75, 0.625]},
								"south": {"uv": [58, 46], "uv_size": [0.625, 0.625]},
								"west": {"uv": [57, 8], "uv_size": [1.75, 0.625]},
								"up": {"uv": [53, 56], "uv_size": [0.625, 1.75]},
								"down": {"uv": [1, 58.75], "uv_size": [0.625, -1.75]}
							}
						}
					]
				},
				{
					"name": "magazine2",
					"parent": "main",
					"pivot": [0.7, 10.05, -3.95],
					"cubes": [
						{
							"origin": [-0.8299, 13.8484, 0.55079],
							"size": [2.07, 10.35, 2.553],
							"pivot": [-0.3124, 21.49015, 1.98254],
							"rotation": [18, 0, 0],
							"uv": {
								"north": {"uv": [5, 25], "uv_size": [2.125, 10.375]},
								"east": {"uv": [18, 14], "uv_size": [2.5, 10.375]},
								"south": {"uv": [8, 25], "uv_size": [2.125, 10.375]},
								"west": {"uv": [19, 3], "uv_size": [2.5, 10.375]},
								"up": {"uv": [46, 24], "uv_size": [2.125, 2.5]},
								"down": {"uv": [46, 29.5], "uv_size": [2.125, -2.5]}
							}
						},
						{
							"origin": [-1.17459, 13.84871, 0.5511],
							"size": [0.68938, 10.34938, 2.55238],
							"inflate": 0.001,
							"pivot": [-0.3124, 21.49015, 1.98254],
							"rotation": [18, 0, 0],
							"uv": {
								"north": {"uv": [2, 45], "uv_size": [0.75, 10.375]},
								"east": {"uv": [21, 14], "uv_size": [2.5, 10.375]},
								"south": {"uv": [3, 45], "uv_size": [0.75, 10.375]},
								"west": {"uv": [22, 3], "uv_size": [2.5, 10.375]},
								"up": {"uv": [35, 55], "uv_size": [0.75, 2.5]},
								"down": {"uv": [55, 49.5], "uv_size": [0.75, -2.5]}
							}
						}
					]
				},
				{
					"name": "bullet2",
					"parent": "magazine2",
					"pivot": [-0.3624, 30.08431, -17.1835],
					"cubes": [
						{
							"origin": [-1.25394, 23.59661, 0.99229],
							"size": [0.566, 0.566, 1.739],
							"inflate": 0.2,
							"pivot": [-0.3124, 21.49015, 1.98254],
							"rotation": [16.87458, -6.35808, 20.05594],
							"uv": {
								"north": {"uv": [47, 58], "uv_size": [0.625, 0.625]},
								"east": {"uv": [10, 57], "uv_size": [1.75, 0.625]},
								"south": {"uv": [58, 47], "uv_size": [0.625, 0.625]},
								"west": {"uv": [57, 11], "uv_size": [1.75, 0.625]},
								"up": {"uv": [12, 57], "uv_size": [0.625, 1.75]},
								"down": {"uv": [57, 13.75], "uv_size": [0.625, -1.75]}
							}
						}
					]
				},
				{
					"name": "rightarm",
					"parent": "main",
					"pivot": [-5.2, 15.5, 25.8],
					"rotation": [-101.81106, -12.40003, -2.46982],
					"cubes": [
						{
							"origin": [-9.2, -8.5, 21.8],
							"size": [8, 24, 8],
							"uv": {
								"north": {"uv": [23.75, 20.25], "uv_size": [8, 24]},
								"east": {"uv": [15.75, 20.25], "uv_size": [8, 24]},
								"south": {"uv": [39.75, 20.25], "uv_size": [8, 24]},
								"west": {"uv": [31.75, 20.25], "uv_size": [8, 24]},
								"up": {"uv": [23.75, 12.25], "uv_size": [8, 8]},
								"down": {"uv": [9.2, 65.2], "uv_size": [-8, -8]}
							}
						}
					]
				},
				{
					"name": "leftarm",
					"parent": "main",
					"pivot": [10.7, 15.3, 12.4],
					"rotation": [-119.61483, 1.67666, -38.31282],
					"cubes": [
						{
							"origin": [3.82256, -0.95844, 5.99404],
							"size": [8, 24, 8],
							"uv": {
								"north": {"uv": [23.5, 16.75], "uv_size": [8, 24]},
								"east": {"uv": [15.5, 16.75], "uv_size": [8, 24]},
								"south": {"uv": [39.5, 16.75], "uv_size": [8, 24]},
								"west": {"uv": [31.5, 16.75], "uv_size": [8, 24]},
								"up": {"uv": [23.5, 8.75], "uv_size": [8, 8]},
								"down": {"uv": [8, 81.00596], "uv_size": [-8, -8]}
							}
						}
					]
				},
				{
					"name": "muzzleflash",
					"parent": "main",
					"pivot": [0, 26.95, -12.45],
					"cubes": [
						{
							"origin": [-0.5, 26.45, -12.95],
							"size": [1, 1, 1],
							"inflate": -0.4,
							"uv": {
								"north": {"uv": [48, 16], "uv_size": [1, 1]},
								"east": {"uv": [57, 18], "uv_size": [1, 1]},
								"south": {"uv": [23, 57], "uv_size": [1, 1]},
								"west": {"uv": [24, 57], "uv_size": [1, 1]},
								"up": {"uv": [25, 57], "uv_size": [1, 1]},
								"down": {"uv": [26, 58], "uv_size": [1, -1]}
							}
						}
					]
				},
				{
					"name": "scope",
					"parent": "main",
					"pivot": [0.1, 28.65, 18.3],
					"cubes": [
						{
							"origin": [-0.4, 28.15, 17],
							"size": [1, 1, 1],
							"inflate": -0.4,
							"uv": {
								"north": {"uv": [27, 57], "uv_size": [1, 1]},
								"east": {"uv": [57, 30], "uv_size": [1, 1]},
								"south": {"uv": [31, 57], "uv_size": [1, 1]},
								"west": {"uv": [57, 31], "uv_size": [1, 1]},
								"up": {"uv": [32, 57], "uv_size": [1, 1]},
								"down": {"uv": [33, 58], "uv_size": [1, -1]}
							}
						}
					]
				}
			]
		}
	]
}