{
	"format_version": "1.12.0",
	"minecraft:geometry": [
		{
			"description": {
				"identifier": "geometry.unknown",
				"texture_width": 64,
				"texture_height": 64,
				"visible_bounds_width": 8,
				"visible_bounds_height": 6,
				"visible_bounds_offset": [0, 2, 0]
			},
			"bones": [
				{
					"name": "main",
					"pivot": [0, 23.3, 6.3]
				},
				{
					"name": "gun",
					"parent": "main",
					"pivot": [0.784, 16.3665, 3.41613],
					"cubes": [
						{
							"origin": [-1.41236, 14.4223, 0.59089],
							"size": [2.84, 11.356, 4.92],
							"pivot": [0.00764, 20.3503, 3.25089],
							"rotation": [17.08474, 0, 0],
							"uv": {
								"north": {"uv": [0, 12], "uv_size": [2.75, 11.25]},
								"east": {"uv": [0, 0], "uv_size": [5, 11.25]},
								"south": {"uv": [3, 12], "uv_size": [2.75, 11.25]},
								"west": {"uv": [5, 0], "uv_size": [5, 11.25]},
								"up": {"uv": [32, 27], "uv_size": [2.75, 5]},
								"down": {"uv": [28, 37], "uv_size": [2.75, -5]}
							}
						},
						{
							"origin": [-1.61236, 14.6223, 0.89089],
							"size": [3.24, 8.656, 4.42],
							"pivot": [0.00764, 20.3503, 3.25089],
							"rotation": [17.08474, 0, 0],
							"uv": {
								"north": {"uv": [6, 12], "uv_size": [3.25, 8.75]},
								"east": {"uv": [10, 0], "uv_size": [4.5, 8.75]},
								"south": {"uv": [15, 6], "uv_size": [3.25, 8.75]},
								"west": {"uv": [10, 9], "uv_size": [4.5, 8.75]},
								"up": {"uv": [28, 27], "uv_size": [3.25, 4.5]},
								"down": {"uv": [29, 12.5], "uv_size": [3.25, -4.5]}
							}
						},
						{
							"origin": [-1.469, 22.80651, 2.91376],
							"size": [2.954, 3.316, 2.944],
							"pivot": [0.00766, 24.16451, 4.70776],
							"rotation": [-34.41804, 0, 0],
							"uv": {
								"north": {"uv": [15, 37], "uv_size": [3, 3.25]},
								"east": {"uv": [28, 37], "uv_size": [3, 3.25]},
								"south": {"uv": [38, 15], "uv_size": [3, 3.25]},
								"west": {"uv": [38, 19], "uv_size": [3, 3.25]},
								"up": {"uv": [4, 39], "uv_size": [3, 3]},
								"down": {"uv": [40, 34], "uv_size": [3, -3]}
							}
						},
						{
							"origin": [-1.22464, 26.51201, -12.17477],
							"size": [0.64772, 0.57172, 8.95172],
							"inflate": -0.002,
							"pivot": [0.024, 26.8127, -7.10537],
							"rotation": [0, 0, -46],
							"uv": {
								"north": {"uv": [0, 55], "uv_size": [0.75, 0.5]},
								"east": {"uv": [44, 35], "uv_size": [9, 0.5]},
								"south": {"uv": [55, 0], "uv_size": [0.75, 0.5]},
								"west": {"uv": [45, 15], "uv_size": [9, 0.5]},
								"up": {"uv": [19, 42], "uv_size": [0.75, 9]},
								"down": {"uv": [20, 51], "uv_size": [0.75, -9]}
							}
						},
						{
							"origin": [-0.63417, 25.71125, -12.17837],
							"size": [1.30928, 0.56828, 8.94828],
							"inflate": 0.002,
							"uv": {
								"north": {"uv": [44, 54], "uv_size": [1.25, 0.5]},
								"east": {"uv": [44, 11], "uv_size": [9, 0.5]},
								"south": {"uv": [54, 45], "uv_size": [1.25, 0.5]},
								"west": {"uv": [44, 34], "uv_size": [9, 0.5]},
								"up": {"uv": [31, 34], "uv_size": [1.25, 9]},
								"down": {"uv": [33, 43], "uv_size": [1.25, -9]}
							}
						},
						{
							"origin": [0.62492, 26.51201, -12.17477],
							"size": [0.64772, 0.57172, 8.95172],
							"inflate": -0.002,
							"pivot": [0.024, 26.8127, -7.10537],
							"rotation": [0, 0, 46],
							"uv": {
								"north": {"uv": [54, 53], "uv_size": [0.75, 0.5]},
								"east": {"uv": [42, 2], "uv_size": [9, 0.5]},
								"south": {"uv": [54, 54], "uv_size": [0.75, 0.5]},
								"west": {"uv": [43, 14], "uv_size": [9, 0.5]},
								"up": {"uv": [30, 41], "uv_size": [0.75, 9]},
								"down": {"uv": [6, 51], "uv_size": [0.75, -9]}
							}
						},
						{
							"origin": [-0.63417, 27.15525, -12.17837],
							"size": [1.30928, 0.56828, 8.94828],
							"inflate": 0.002,
							"pivot": [0.024, 27.49661, -7.10537],
							"rotation": [0, 0, 180],
							"uv": {
								"north": {"uv": [54, 46], "uv_size": [1.25, 0.5]},
								"east": {"uv": [45, 39], "uv_size": [9, 0.5]},
								"south": {"uv": [54, 47], "uv_size": [1.25, 0.5]},
								"west": {"uv": [45, 40], "uv_size": [9, 0.5]},
								"up": {"uv": [0, 35], "uv_size": [1.25, 9]},
								"down": {"uv": [2, 44], "uv_size": [1.25, -9]}
							}
						},
						{
							"origin": [0.07816, 27.72392, -12.17477],
							"size": [0.64772, 0.57172, 8.95172],
							"inflate": -0.002,
							"pivot": [0.024, 27.49661, -7.10537],
							"rotation": [0, 0, -134],
							"uv": {
								"north": {"uv": [55, 3], "uv_size": [0.75, 0.5]},
								"east": {"uv": [45, 37], "uv_size": [9, 0.5]},
								"south": {"uv": [4, 55], "uv_size": [0.75, 0.5]},
								"west": {"uv": [45, 38], "uv_size": [9, 0.5]},
								"up": {"uv": [32, 43], "uv_size": [0.75, 9]},
								"down": {"uv": [33, 52], "uv_size": [0.75, -9]}
							}
						},
						{
							"origin": [-0.67788, 27.72392, -12.17477],
							"size": [0.64772, 0.57172, 8.95172],
							"inflate": -0.002,
							"pivot": [0.024, 27.49661, -7.10537],
							"rotation": [0, 0, 134],
							"uv": {
								"north": {"uv": [1, 55], "uv_size": [0.75, 0.5]},
								"east": {"uv": [45, 16], "uv_size": [9, 0.5]},
								"south": {"uv": [55, 1], "uv_size": [0.75, 0.5]},
								"west": {"uv": [45, 17], "uv_size": [9, 0.5]},
								"up": {"uv": [43, 27], "uv_size": [0.75, 9]},
								"down": {"uv": [31, 52], "uv_size": [0.75, -9]}
							}
						},
						{
							"origin": [0.5085, 26.091, -12.1794],
							"size": [0.57, 1.387, 8.95],
							"uv": {
								"north": {"uv": [27, 54], "uv_size": [0.5, 1.5]},
								"east": {"uv": [33, 8], "uv_size": [9, 1.5]},
								"south": {"uv": [28, 54], "uv_size": [0.5, 1.5]},
								"west": {"uv": [33, 10], "uv_size": [9, 1.5]},
								"up": {"uv": [42, 45], "uv_size": [0.5, 9]},
								"down": {"uv": [44, 54], "uv_size": [0.5, -9]}
							}
						},
						{
							"origin": [-1.0305, 26.091, -12.1794],
							"size": [0.57, 1.387, 8.95],
							"uv": {
								"north": {"uv": [26, 54], "uv_size": [0.5, 1.5]},
								"east": {"uv": [31, 3], "uv_size": [9, 1.5]},
								"south": {"uv": [54, 26], "uv_size": [0.5, 1.5]},
								"west": {"uv": [31, 32], "uv_size": [9, 1.5]},
								"up": {"uv": [14, 45], "uv_size": [0.5, 9]},
								"down": {"uv": [41, 54], "uv_size": [0.5, -9]}
							}
						},
						{
							"origin": [-1.469, 19.30651, 7.71376],
							"size": [2.954, 2.916, 1.444],
							"pivot": [0.00766, 24.16451, 4.70776],
							"rotation": [-132.41804, 0, 0],
							"uv": {
								"north": {"uv": [35, 40], "uv_size": [3, 3]},
								"east": {"uv": [45, 45], "uv_size": [1.5, 3]},
								"south": {"uv": [38, 40], "uv_size": [3, 3]},
								"west": {"uv": [46, 6], "uv_size": [1.5, 3]},
								"up": {"uv": [46, 0], "uv_size": [3, 1.5]},
								"down": {"uv": [46, 10.5], "uv_size": [3, -1.5]}
							}
						},
						{
							"origin": [-0.76305, 20.26743, -5.92988],
							"size": [1.488, 1.984, 0.508],
							"inflate": -0.1,
							"pivot": [0.03095, 20.30943, -6.02588],
							"rotation": [4, 0, 0],
							"uv": {
								"north": {"uv": [49, 30], "uv_size": [1.5, 2]},
								"east": {"uv": [20, 53], "uv_size": [0.5, 2]},
								"south": {"uv": [49, 32], "uv_size": [1.5, 2]},
								"west": {"uv": [53, 20], "uv_size": [0.5, 2]},
								"up": {"uv": [54, 19], "uv_size": [1.5, 0.5]},
								"down": {"uv": [54, 20.5], "uv_size": [1.5, -0.5]}
							}
						},
						{
							"origin": [-0.76305, 22.11745, -6.25712],
							"size": [1.488, 2.884, 0.508],
							"inflate": -0.1,
							"pivot": [0.03095, 21.15945, -6.35312],
							"rotation": [-11, 0, 0],
							"uv": {
								"north": {"uv": [28, 46], "uv_size": [1.5, 3]},
								"east": {"uv": [43, 52], "uv_size": [0.5, 3]},
								"south": {"uv": [2, 47], "uv_size": [1.5, 3]},
								"west": {"uv": [7, 53], "uv_size": [0.5, 3]},
								"up": {"uv": [54, 38], "uv_size": [1.5, 0.5]},
								"down": {"uv": [39, 54.5], "uv_size": [1.5, -0.5]}
							}
						},
						{
							"origin": [-0.532, 23.54581, -5.99066],
							"size": [1.112, 1.284, 0.808],
							"inflate": -0.1,
							"pivot": [0.024, 24.13781, -5.58666],
							"rotation": [-90, -0.1, 0],
							"uv": {
								"north": {"uv": [12, 53], "uv_size": [1, 1.25]},
								"east": {"uv": [53, 28], "uv_size": [0.75, 1.25]},
								"south": {"uv": [13, 53], "uv_size": [1, 1.25]},
								"west": {"uv": [30, 53], "uv_size": [0.75, 1.25]},
								"up": {"uv": [54, 21], "uv_size": [1, 0.75]},
								"down": {"uv": [54, 23.75], "uv_size": [1, -0.75]}
							}
						},
						{
							"origin": [-0.727, 21.96242, -5.13877],
							"size": [1.402, 1.988, 1.408],
							"inflate": -0.1,
							"pivot": [0.024, 24.32642, -3.93477],
							"rotation": [-55, 0, 0],
							"uv": {
								"north": {"uv": [36, 49], "uv_size": [1.5, 2]},
								"east": {"uv": [38, 49], "uv_size": [1.5, 2]},
								"south": {"uv": [49, 41], "uv_size": [1.5, 2]},
								"west": {"uv": [48, 49], "uv_size": [1.5, 2]},
								"up": {"uv": [38, 51], "uv_size": [1.5, 1.5]},
								"down": {"uv": [48, 52.5], "uv_size": [1.5, -1.5]}
							}
						},
						{
							"origin": [-0.532, 22.69508, -2.88358],
							"size": [1.112, 1.988, 1.008],
							"inflate": -0.1,
							"pivot": [0.024, 23.89321, -2.31436],
							"rotation": [-126, 0, 0],
							"uv": {
								"north": {"uv": [27, 20], "uv_size": [1, 2]},
								"east": {"uv": [10, 52], "uv_size": [1, 2]},
								"south": {"uv": [11, 52], "uv_size": [1, 2]},
								"west": {"uv": [18, 52], "uv_size": [1, 2]},
								"up": {"uv": [9, 28], "uv_size": [1, 1]},
								"down": {"uv": [21, 54], "uv_size": [1, -1]}
							}
						},
						{
							"origin": [-0.76491, 20.00703, -5.87435],
							"size": [1.4928, 0.6128, 4.3888],
							"inflate": -0.11,
							"pivot": [1.28549, 21.03343, -2.78395],
							"rotation": [-5, -0.1, 0],
							"uv": {
								"north": {"uv": [54, 17], "uv_size": [1.5, 0.5]},
								"east": {"uv": [51, 2], "uv_size": [4.5, 0.5]},
								"south": {"uv": [54, 18], "uv_size": [1.5, 0.5]},
								"west": {"uv": [51, 41], "uv_size": [4.5, 0.5]},
								"up": {"uv": [4, 42], "uv_size": [1.5, 4.5]},
								"down": {"uv": [12, 46.5], "uv_size": [1.5, -4.5]}
							}
						},
						{
							"origin": [-0.76928, 20.03248, -1.87545],
							"size": [1.4928, 0.6128, 5.3888],
							"inflate": -0.11,
							"pivot": [1.28112, 21.05888, -0.28505],
							"rotation": [5, -0.1, 0],
							"uv": {
								"north": {"uv": [34, 54], "uv_size": [1.5, 0.5]},
								"east": {"uv": [49, 5], "uv_size": [5.5, 0.5]},
								"south": {"uv": [54, 34], "uv_size": [1.5, 0.5]},
								"west": {"uv": [50, 22], "uv_size": [5.5, 0.5]},
								"up": {"uv": [12, 36], "uv_size": [1.5, 5.5]},
								"down": {"uv": [26, 43.5], "uv_size": [1.5, -5.5]}
							}
						},
						{
							"origin": [-1.5124, 23.79651, -7.88259],
							"size": [3.04, 1.23904, 7.69904],
							"inflate": 0.002,
							"uv": {
								"north": {"uv": [48, 20], "uv_size": [3, 1.25]},
								"east": {"uv": [35, 38], "uv_size": [7.75, 1.25]},
								"south": {"uv": [48, 26], "uv_size": [3, 1.25]},
								"west": {"uv": [40, 3], "uv_size": [7.75, 1.25]},
								"up": {"uv": [24, 6], "uv_size": [3, 7.75]},
								"down": {"uv": [24, 21.75], "uv_size": [3, -7.75]}
							}
						},
						{
							"origin": [-1.52, 27.43406, 0.06087],
							"size": [3.04, 3.13904, 1.39904],
							"inflate": 0.002,
							"pivot": [0.7916, 31.70358, -5.58161],
							"rotation": [-75, 0, 0],
							"uv": {
								"north": {"uv": [38, 27], "uv_size": [3, 3.25]},
								"east": {"uv": [44, 30], "uv_size": [1.5, 3.25]},
								"south": {"uv": [38, 34], "uv_size": [3, 3.25]},
								"west": {"uv": [44, 41], "uv_size": [1.5, 3.25]},
								"up": {"uv": [46, 23], "uv_size": [3, 1.5]},
								"down": {"uv": [46, 31.5], "uv_size": [3, -1.5]}
							}
						},
						{
							"origin": [-0.6124, 23.7975, -6.8821],
							"size": [1.24, 0.73904, 11.39904],
							"inflate": 0.002,
							"uv": {
								"north": {"uv": [53, 25], "uv_size": [1.25, 0.75]},
								"east": {"uv": [41, 18], "uv_size": [11.5, 0.75]},
								"south": {"uv": [53, 30], "uv_size": [1.25, 0.75]},
								"west": {"uv": [41, 19], "uv_size": [11.5, 0.75]},
								"up": {"uv": [21, 28], "uv_size": [1.25, 11.5]},
								"down": {"uv": [9, 40.5], "uv_size": [1.25, -11.5]}
							}
						},
						{
							"origin": [-1.03552, 22.11022, -1.65079],
							"size": [2.11904, 1.31104, 1.86704],
							"inflate": 0.002,
							"pivot": [0.024, 21.36574, -0.71727],
							"rotation": [-105.49998, -0.09816, -0.01908],
							"uv": {
								"north": {"uv": [4, 51], "uv_size": [2, 1.25]},
								"east": {"uv": [52, 3], "uv_size": [1.75, 1.25]},
								"south": {"uv": [12, 51], "uv_size": [2, 1.25]},
								"west": {"uv": [52, 6], "uv_size": [1.75, 1.25]},
								"up": {"uv": [41, 34], "uv_size": [2, 1.75]},
								"down": {"uv": [49, 1.75], "uv_size": [2, -1.75]}
							}
						}
					]
				},
				{
					"name": "bulletejec",
					"parent": "gun",
					"pivot": [0.03015, 27.67076, -4.62777],
					"cubes": [
						{
							"origin": [-0.92937, 26.42524, -3.34827],
							"size": [1.81904, 1.49104, 3.241],
							"inflate": 0.002,
							"uv": {
								"north": {"uv": [0, 51], "uv_size": [1.75, 1.5]},
								"east": {"uv": [44, 26], "uv_size": [3.25, 1.5]},
								"south": {"uv": [51, 0], "uv_size": [1.75, 1.5]},
								"west": {"uv": [44, 28], "uv_size": [3.25, 1.5]},
								"up": {"uv": [42, 8], "uv_size": [1.75, 3.25]},
								"down": {"uv": [36, 46.25], "uv_size": [1.75, -3.25]}
							}
						}
					]
				},
				{
					"name": "slide",
					"parent": "gun",
					"pivot": [-1.002, 27.1205, -13.64587],
					"cubes": [
						{
							"origin": [-2.09265, 24.01675, -8.7518],
							"size": [0.66096, 1.06496, 15.457],
							"inflate": -0.002,
							"pivot": [-2.09217, 25.53723, -11.25939],
							"rotation": [0, 0, -46],
							"uv": {
								"north": {"uv": [54, 15], "uv_size": [0.75, 1]},
								"east": {"uv": [28, 23], "uv_size": [15.5, 1]},
								"south": {"uv": [54, 16], "uv_size": [0.75, 1]},
								"west": {"uv": [28, 24], "uv_size": [15.5, 1]},
								"up": {"uv": [14, 29], "uv_size": [0.75, 15.5]},
								"down": {"uv": [8, 47.5], "uv_size": [0.75, -15.5]}
							}
						},
						{
							"origin": [-1.82071, 24.04728, -11.9518],
							"size": [0.66096, 1.06496, 4.157],
							"inflate": -0.002,
							"pivot": [-1.82023, 25.46776, -8.26212],
							"rotation": [0, 0, -46],
							"uv": {
								"north": {"uv": [36, 54], "uv_size": [0.75, 1]},
								"east": {"uv": [47, 46], "uv_size": [4.25, 1]},
								"south": {"uv": [37, 54], "uv_size": [0.75, 1]},
								"west": {"uv": [47, 47], "uv_size": [4.25, 1]},
								"up": {"uv": [8, 48], "uv_size": [0.75, 4.25]},
								"down": {"uv": [15, 53.25], "uv_size": [0.75, -4.25]}
							}
						},
						{
							"origin": [1.16101, 23.92393, -8.7518],
							"size": [0.76096, 1.06496, 15.457],
							"inflate": -0.002,
							"pivot": [2.14017, 25.23323, -11.25939],
							"rotation": [0, 0, 46],
							"uv": {
								"north": {"uv": [18, 54], "uv_size": [0.75, 1]},
								"east": {"uv": [28, 25], "uv_size": [15.5, 1]},
								"south": {"uv": [21, 54], "uv_size": [0.75, 1]},
								"west": {"uv": [28, 26], "uv_size": [15.5, 1]},
								"up": {"uv": [24, 33], "uv_size": [0.75, 15.5]},
								"down": {"uv": [25, 48.5], "uv_size": [0.75, -15.5]}
							}
						},
						{
							"origin": [0.81714, 23.98499, -11.9518],
							"size": [0.76096, 0.96496, 4.157],
							"inflate": -0.002,
							"pivot": [1.7963, 24.9943, -8.26212],
							"rotation": [0, 0, 46],
							"uv": {
								"north": {"uv": [33, 54], "uv_size": [0.75, 1]},
								"east": {"uv": [46, 25], "uv_size": [4.25, 1]},
								"south": {"uv": [54, 33], "uv_size": [0.75, 1]},
								"west": {"uv": [47, 45], "uv_size": [4.25, 1]},
								"up": {"uv": [23, 47], "uv_size": [0.75, 4.25]},
								"down": {"uv": [43, 51.25], "uv_size": [0.75, -4.25]}
							}
						},
						{
							"origin": [1.06446, 27.25879, -11.9518],
							"size": [0.75952, 1.07152, 18.71152],
							"inflate": 0.001,
							"pivot": [1.34504, 27.41964, -9.73711],
							"rotation": [0, 0, -42],
							"uv": {
								"north": {"uv": [54, 24], "uv_size": [0.75, 1]},
								"east": {"uv": [27, 6], "uv_size": [18.75, 1]},
								"south": {"uv": [54, 28], "uv_size": [0.75, 1]},
								"west": {"uv": [27, 7], "uv_size": [18.75, 1]},
								"up": {"uv": [23, 28], "uv_size": [0.75, 18.75]},
								"down": {"uv": [11, 47.75], "uv_size": [0.75, -18.75]}
							}
						},
						{
							"origin": [-1.78327, 27.24268, -0.24927],
							"size": [0.75952, 1.07152, 7.01152],
							"inflate": 0.001,
							"pivot": [-1.30433, 27.40353, -9.73711],
							"rotation": [0, 0, 43],
							"uv": {
								"north": {"uv": [29, 54], "uv_size": [0.75, 1]},
								"east": {"uv": [41, 20], "uv_size": [7, 1]},
								"south": {"uv": [54, 29], "uv_size": [0.75, 1]},
								"west": {"uv": [41, 21], "uv_size": [7, 1]},
								"up": {"uv": [0, 44], "uv_size": [0.75, 7]},
								"down": {"uv": [1, 51], "uv_size": [0.75, -7]}
							}
						},
						{
							"origin": [-1.02937, 27.82524, -0.24827],
							"size": [2.11904, 0.59104, 7.041],
							"inflate": 0.002,
							"uv": {
								"north": {"uv": [52, 47], "uv_size": [2, 0.5]},
								"east": {"uv": [48, 8], "uv_size": [7, 0.5]},
								"south": {"uv": [53, 13], "uv_size": [2, 0.5]},
								"west": {"uv": [48, 48], "uv_size": [7, 0.5]},
								"up": {"uv": [12, 29], "uv_size": [2, 7]},
								"down": {"uv": [6, 39], "uv_size": [2, -7]}
							}
						},
						{
							"origin": [-1.02937, 27.72524, -11.94827],
							"size": [2.11904, 0.69104, 8.741],
							"inflate": 0.002,
							"uv": {
								"north": {"uv": [33, 12], "uv_size": [2, 0.75]},
								"east": {"uv": [41, 22], "uv_size": [8.75, 0.75]},
								"south": {"uv": [41, 37], "uv_size": [2, 0.75]},
								"west": {"uv": [41, 36], "uv_size": [8.75, 0.75]},
								"up": {"uv": [19, 6], "uv_size": [2, 8.75]},
								"down": {"uv": [27, 16.75], "uv_size": [2, -8.75]}
							}
						},
						{
							"origin": [-1.78327, 27.24268, -11.9518],
							"size": [0.75952, 1.07152, 8.741],
							"inflate": 0.001,
							"pivot": [-1.30433, 27.40353, -20.93711],
							"rotation": [0, 0, 43],
							"uv": {
								"north": {"uv": [54, 31], "uv_size": [0.75, 1]},
								"east": {"uv": [31, 5], "uv_size": [8.75, 1]},
								"south": {"uv": [54, 32], "uv_size": [0.75, 1]},
								"west": {"uv": [40, 5], "uv_size": [8.75, 1]},
								"up": {"uv": [34, 43], "uv_size": [0.75, 8.75]},
								"down": {"uv": [35, 51.75], "uv_size": [0.75, -8.75]}
							}
						},
						{
							"origin": [-0.82937, 24.72524, -11.9473],
							"size": [1.91904, 1.49104, 3.741],
							"inflate": 0.002,
							"uv": {
								"north": {"uv": [45, 50], "uv_size": [2, 1.5]},
								"east": {"uv": [42, 0], "uv_size": [3.75, 1.5]},
								"south": {"uv": [50, 49], "uv_size": [2, 1.5]},
								"west": {"uv": [43, 12], "uv_size": [3.75, 1.5]},
								"up": {"uv": [4, 35], "uv_size": [2, 3.75]},
								"down": {"uv": [41, 30.75], "uv_size": [2, -3.75]}
							}
						},
						{
							"origin": [-0.142, 27.63643, -11.42221],
							"size": [0.342, 1.184, 0.912],
							"uv": {
								"north": {"uv": [12, 55], "uv_size": [0.25, 1.25]},
								"east": {"uv": [8, 53], "uv_size": [1, 1.25]},
								"south": {"uv": [13, 55], "uv_size": [0.25, 1.25]},
								"west": {"uv": [53, 11], "uv_size": [1, 1.25]},
								"up": {"uv": [55, 21], "uv_size": [0.25, 1]},
								"down": {"uv": [22, 56], "uv_size": [0.25, -1]}
							}
						},
						{
							"origin": [-0.131, 27.87261, -11.49626],
							"size": [0.332, 0.784, 0.312],
							"pivot": [0.056, 28.52854, -10.9947],
							"rotation": [-20, 0, 0],
							"uv": {
								"north": {"uv": [23, 55], "uv_size": [0.25, 0.75]},
								"east": {"uv": [55, 23], "uv_size": [0.25, 0.75]},
								"south": {"uv": [24, 55], "uv_size": [0.25, 0.75]},
								"west": {"uv": [55, 24], "uv_size": [0.25, 0.75]},
								"up": {"uv": [55, 28], "uv_size": [0.25, 0.25]},
								"down": {"uv": [29, 55.25], "uv_size": [0.25, -0.25]}
							}
						},
						{
							"origin": [-0.65, 27.34546, 5.57718],
							"size": [1.35, 1.22, 0.67],
							"uv": {
								"north": {"uv": [52, 43], "uv_size": [1.25, 1.25]},
								"east": {"uv": [53, 31], "uv_size": [0.75, 1.25]},
								"south": {"uv": [45, 52], "uv_size": [1.25, 1.25]},
								"west": {"uv": [53, 33], "uv_size": [0.75, 1.25]},
								"up": {"uv": [53, 35], "uv_size": [1.25, 0.75]},
								"down": {"uv": [36, 53.75], "uv_size": [1.25, -0.75]}
							}
						},
						{
							"origin": [-0.548, 27.34546, 5.7792],
							"size": [1.15, 1.32, 0.27],
							"uv": {
								"north": {"uv": [53, 0], "uv_size": [1.25, 1.25]},
								"east": {"uv": [16, 55], "uv_size": [0.25, 1.25]},
								"south": {"uv": [4, 53], "uv_size": [1.25, 1.25]},
								"west": {"uv": [17, 55], "uv_size": [0.25, 1.25]},
								"up": {"uv": [55, 8], "uv_size": [1.25, 0.25]},
								"down": {"uv": [55, 10.25], "uv_size": [1.25, -0.25]}
							}
						},
						{
							"origin": [0.25, 27.34546, 5.77718],
							"size": [0.35, 1.52, 0.27],
							"uv": {
								"north": {"uv": [54, 39], "uv_size": [0.5, 1.5]},
								"east": {"uv": [8, 55], "uv_size": [0.25, 1.5]},
								"south": {"uv": [41, 54], "uv_size": [0.5, 1.5]},
								"west": {"uv": [9, 55], "uv_size": [0.25, 1.5]},
								"up": {"uv": [25, 55], "uv_size": [0.5, 0.25]},
								"down": {"uv": [55, 25.25], "uv_size": [0.5, -0.25]}
							}
						},
						{
							"origin": [-0.55, 27.34546, 5.77718],
							"size": [0.35, 1.52, 0.27],
							"uv": {
								"north": {"uv": [42, 54], "uv_size": [0.5, 1.5]},
								"east": {"uv": [10, 55], "uv_size": [0.25, 1.5]},
								"south": {"uv": [54, 43], "uv_size": [0.5, 1.5]},
								"west": {"uv": [11, 55], "uv_size": [0.25, 1.5]},
								"up": {"uv": [55, 26], "uv_size": [0.5, 0.25]},
								"down": {"uv": [55, 27.25], "uv_size": [0.5, -0.25]}
							}
						},
						{
							"origin": [-1.192, 26.6645, 2.34613],
							"size": [2.432, 1.064, 4.408],
							"uv": {
								"north": {"uv": [35, 22], "uv_size": [2.5, 1]},
								"east": {"uv": [29, 16], "uv_size": [4.5, 1]},
								"south": {"uv": [50, 36], "uv_size": [2.5, 1]},
								"west": {"uv": [35, 31], "uv_size": [4.5, 1]},
								"up": {"uv": [35, 12], "uv_size": [2.5, 4.5]},
								"down": {"uv": [35, 21.5], "uv_size": [2.5, -4.5]}
							}
						},
						{
							"origin": [-1.02933, 26.20861, 5.09966],
							"size": [2.119, 1.35904, 1.39904],
							"inflate": 0.002,
							"pivot": [-0.04203, 26.88813, 6.49918],
							"rotation": [-75, 0, 0],
							"uv": {
								"north": {"uv": [51, 12], "uv_size": [2, 1.25]},
								"east": {"uv": [52, 26], "uv_size": [1.5, 1.25]},
								"south": {"uv": [19, 51], "uv_size": [2, 1.25]},
								"west": {"uv": [28, 52], "uv_size": [1.5, 1.25]},
								"up": {"uv": [2, 50], "uv_size": [2, 1.5]},
								"down": {"uv": [50, 44.5], "uv_size": [2, -1.5]}
							}
						},
						{
							"origin": [-1.02933, 25.83969, 6.04882],
							"size": [2.119, 1.35904, 2.59904],
							"inflate": 0.002,
							"pivot": [-0.02268, 26.51921, 6.64834],
							"rotation": [-67, 0, 0],
							"uv": {
								"north": {"uv": [51, 20], "uv_size": [2, 1.25]},
								"east": {"uv": [49, 9], "uv_size": [2.5, 1.25]},
								"south": {"uv": [21, 51], "uv_size": [2, 1.25]},
								"west": {"uv": [49, 23], "uv_size": [2.5, 1.25]},
								"up": {"uv": [44, 23], "uv_size": [2, 2.5]},
								"down": {"uv": [26, 46.5], "uv_size": [2, -2.5]}
							}
						},
						{
							"origin": [-1.762, 25.2205, -8.75027],
							"size": [0.96, 2.4, 5.541],
							"uv": {
								"north": {"uv": [7, 50], "uv_size": [1, 2.5]},
								"east": {"uv": [29, 13], "uv_size": [5.5, 2.5]},
								"south": {"uv": [30, 50], "uv_size": [1, 2.5]},
								"west": {"uv": [31, 0], "uv_size": [5.5, 2.5]},
								"up": {"uv": [40, 43], "uv_size": [1, 5.5]},
								"down": {"uv": [43, 46.5], "uv_size": [1, -5.5]}
							}
						},
						{
							"origin": [-1.762, 25.2205, -3.20927],
							"size": [0.96, 1.3, 2.952],
							"uv": {
								"north": {"uv": [53, 18], "uv_size": [1, 1.25]},
								"east": {"uv": [48, 28], "uv_size": [3, 1.25]},
								"south": {"uv": [19, 53], "uv_size": [1, 1.25]},
								"west": {"uv": [45, 48], "uv_size": [3, 1.25]},
								"up": {"uv": [18, 49], "uv_size": [1, 3]},
								"down": {"uv": [40, 52], "uv_size": [1, -3]}
							}
						},
						{
							"origin": [-1.762, 25.2205, -0.25027],
							"size": [0.96, 2.4, 7.012],
							"uv": {
								"north": {"uv": [47, 50], "uv_size": [1, 2.5]},
								"east": {"uv": [27, 17], "uv_size": [7, 2.5]},
								"south": {"uv": [6, 51], "uv_size": [1, 2.5]},
								"west": {"uv": [28, 20], "uv_size": [7, 2.5]},
								"up": {"uv": [9, 21], "uv_size": [1, 7]},
								"down": {"uv": [10, 48], "uv_size": [1, -7]}
							}
						},
						{
							"origin": [-0.846, 26.2865, -3.70387],
							"size": [1.52, 1.52, 0.22],
							"uv": {
								"north": {"uv": [50, 51], "uv_size": [1.5, 1.5]},
								"east": {"uv": [55, 4], "uv_size": [0.25, 1.5]},
								"south": {"uv": [2, 52], "uv_size": [1.5, 1.5]},
								"west": {"uv": [5, 55], "uv_size": [0.25, 1.5]},
								"up": {"uv": [55, 6], "uv_size": [1.5, 0.25]},
								"down": {"uv": [55, 7.25], "uv_size": [1.5, -0.25]}
							}
						},
						{
							"origin": [0.55, 25.2205, -8.75027],
							"size": [1.26, 2.4, 15.512],
							"uv": {
								"north": {"uv": [24, 49], "uv_size": [1.25, 2.5]},
								"east": {"uv": [15, 0], "uv_size": [15.5, 2.5]},
								"south": {"uv": [28, 49], "uv_size": [1.25, 2.5]},
								"west": {"uv": [15, 3], "uv_size": [15.5, 2.5]},
								"up": {"uv": [19, 26], "uv_size": [1.25, 15.5]},
								"down": {"uv": [26, 37.5], "uv_size": [1.25, -15.5]}
							}
						},
						{
							"origin": [0.55, 26.4205, -11.95],
							"size": [1.26, 1.2, 3.212],
							"uv": {
								"north": {"uv": [52, 45], "uv_size": [1.25, 1.25]},
								"east": {"uv": [15, 47], "uv_size": [3.25, 1.25]},
								"south": {"uv": [52, 49], "uv_size": [1.25, 1.25]},
								"west": {"uv": [36, 47], "uv_size": [3.25, 1.25]},
								"up": {"uv": [4, 47], "uv_size": [1.25, 3.25]},
								"down": {"uv": [12, 50.25], "uv_size": [1.25, -3.25]}
							}
						},
						{
							"origin": [-1.76572, 26.41248, -11.95],
							"size": [1.26, 1.2, 3.212],
							"uv": {
								"north": {"uv": [52, 51], "uv_size": [1.25, 1.25]},
								"east": {"uv": [48, 3], "uv_size": [3.25, 1.25]},
								"south": {"uv": [0, 53], "uv_size": [1.25, 1.25]},
								"west": {"uv": [48, 6], "uv_size": [3.25, 1.25]},
								"up": {"uv": [26, 47], "uv_size": [1.25, 3.25]},
								"down": {"uv": [10, 51.25], "uv_size": [1.25, -3.25]}
							}
						},
						{
							"origin": [-1.741, 23.68188, -11.72457],
							"size": [3.54, 1.23904, 0.17],
							"pivot": [0.04, 27.4014, -11.77505],
							"rotation": [90, 0, 0],
							"uv": {
								"north": {"uv": [46, 43], "uv_size": [3.5, 1.25]},
								"east": {"uv": [55, 13], "uv_size": [0.25, 1.25]},
								"south": {"uv": [47, 12], "uv_size": [3.5, 1.25]},
								"west": {"uv": [14, 55], "uv_size": [0.25, 1.25]},
								"up": {"uv": [54, 12], "uv_size": [3.5, 0.25]},
								"down": {"uv": [14, 54.25], "uv_size": [3.5, -0.25]}
							}
						},
						{
							"origin": [-1.765, 27.50775, -2.54247],
							"size": [0.44, 1.23904, 2.09904],
							"inflate": 0.002,
							"pivot": [0.772, 31.77727, -6.08495],
							"rotation": [-75, 0, 0],
							"uv": {
								"north": {"uv": [46, 54], "uv_size": [0.5, 1.25]},
								"east": {"uv": [51, 28], "uv_size": [2, 1.25]},
								"south": {"uv": [49, 54], "uv_size": [0.5, 1.25]},
								"west": {"uv": [51, 30], "uv_size": [2, 1.25]},
								"up": {"uv": [22, 53], "uv_size": [0.5, 2]},
								"down": {"uv": [53, 25], "uv_size": [0.5, -2]}
							}
						},
						{
							"origin": [1.563, 27.50775, -2.54247],
							"size": [0.24, 1.23904, 2.09904],
							"inflate": 0.002,
							"pivot": [0.8, 31.77727, -6.08495],
							"rotation": [-75, 0, 0],
							"uv": {
								"north": {"uv": [15, 55], "uv_size": [0.25, 1.25]},
								"east": {"uv": [51, 32], "uv_size": [2, 1.25]},
								"south": {"uv": [55, 15], "uv_size": [0.25, 1.25]},
								"west": {"uv": [36, 51], "uv_size": [2, 1.25]},
								"up": {"uv": [54, 51], "uv_size": [0.25, 2]},
								"down": {"uv": [52, 56], "uv_size": [0.25, -2]}
							}
						},
						{
							"origin": [-0.8023, 24.45496, -11.95],
							"size": [1.71904, 0.39104, 4.141],
							"inflate": 0.002,
							"uv": {
								"north": {"uv": [10, 54], "uv_size": [1.75, 0.5]},
								"east": {"uv": [51, 42], "uv_size": [4.25, 0.5]},
								"south": {"uv": [54, 11], "uv_size": [1.75, 0.5]},
								"west": {"uv": [52, 9], "uv_size": [4.25, 0.5]},
								"up": {"uv": [28, 41], "uv_size": [1.75, 4.25]},
								"down": {"uv": [41, 44.25], "uv_size": [1.75, -4.25]}
							}
						},
						{
							"origin": [-1.474, 23.60651, 3.91376],
							"size": [2.954, 3.816, 1.444],
							"pivot": [0.00766, 24.16451, 4.70776],
							"rotation": [-82.41804, 0, 0],
							"uv": {
								"north": {"uv": [35, 27], "uv_size": [3, 3.75]},
								"east": {"uv": [43, 37], "uv_size": [1.5, 3.75]},
								"south": {"uv": [35, 34], "uv_size": [3, 3.75]},
								"west": {"uv": [38, 43], "uv_size": [1.5, 3.75]},
								"up": {"uv": [46, 32], "uv_size": [3, 1.5]},
								"down": {"uv": [46, 42.5], "uv_size": [3, -1.5]}
							}
						},
						{
							"origin": [-0.461, 23.77829, 7.07079],
							"size": [0.941, 0.85904, 2.29904],
							"inflate": 0.002,
							"pivot": [0.05948, 24.35781, -2.72969],
							"rotation": [10, 0, 0],
							"uv": {
								"north": {"uv": [54, 37], "uv_size": [1, 0.75]},
								"east": {"uv": [52, 10], "uv_size": [2.25, 0.75]},
								"south": {"uv": [38, 54], "uv_size": [1, 0.75]},
								"west": {"uv": [52, 14], "uv_size": [2.25, 0.75]},
								"up": {"uv": [27, 51], "uv_size": [1, 2.25]},
								"down": {"uv": [9, 54.25], "uv_size": [1, -2.25]}
							}
						},
						{
							"origin": [-1.562, 25.2205, -11.95027],
							"size": [0.76, 2.4, 4.141],
							"uv": {
								"north": {"uv": [31, 52], "uv_size": [0.75, 2.5]},
								"east": {"uv": [37, 0], "uv_size": [4.25, 2.5]},
								"south": {"uv": [32, 52], "uv_size": [0.75, 2.5]},
								"west": {"uv": [38, 12], "uv_size": [4.25, 2.5]},
								"up": {"uv": [16, 49], "uv_size": [0.75, 4.25]},
								"down": {"uv": [17, 53.25], "uv_size": [0.75, -4.25]}
							}
						},
						{
							"origin": [0.55, 25.1205, -11.95027],
							"size": [1.06, 2.5, 3.612],
							"uv": {
								"north": {"uv": [51, 25], "uv_size": [1, 2.5]},
								"east": {"uv": [15, 41], "uv_size": [3.5, 2.5]},
								"south": {"uv": [26, 51], "uv_size": [1, 2.5]},
								"west": {"uv": [41, 15], "uv_size": [3.5, 2.5]},
								"up": {"uv": [34, 16], "uv_size": [1, 3.5]},
								"down": {"uv": [18, 40.5], "uv_size": [1, -3.5]}
							}
						}
					]
				},
				{
					"name": "bone",
					"parent": "gun",
					"pivot": [1.126, 24.0805, -3.53787]
				},
				{
					"name": "trigger",
					"parent": "gun",
					"pivot": [0.024, 23.88021, -2.4112],
					"rotation": [-10, 0, 0],
					"cubes": [
						{
							"origin": [-0.427, 22.17735, -2.58776],
							"size": [0.912, 1.788, 0.608],
							"inflate": -0.1,
							"pivot": [0.029, 23.44467, -1.96631],
							"rotation": [10, 0, 0],
							"uv": {
								"north": {"uv": [33, 52], "uv_size": [1, 1.75]},
								"east": {"uv": [3, 54], "uv_size": [0.5, 1.75]},
								"south": {"uv": [34, 52], "uv_size": [1, 1.75]},
								"west": {"uv": [54, 3], "uv_size": [0.5, 1.75]},
								"up": {"uv": [54, 49], "uv_size": [1, 0.5]},
								"down": {"uv": [50, 54.5], "uv_size": [1, -0.5]}
							}
						},
						{
							"origin": [-0.432, 20.58777, -2.54229],
							"size": [0.912, 1.688, 0.608],
							"inflate": -0.1,
							"pivot": [0.024, 21.91826, -1.76222],
							"rotation": [-29, 0, 0],
							"uv": {
								"north": {"uv": [35, 52], "uv_size": [1, 1.75]},
								"east": {"uv": [6, 54], "uv_size": [0.5, 1.75]},
								"south": {"uv": [40, 52], "uv_size": [1, 1.75]},
								"west": {"uv": [54, 6], "uv_size": [0.5, 1.75]},
								"up": {"uv": [54, 50], "uv_size": [1, 0.5]},
								"down": {"uv": [51, 54.5], "uv_size": [1, -0.5]}
							}
						}
					]
				},
				{
					"name": "magazine",
					"parent": "main",
					"pivot": [0.7, 10.05, -3.95],
					"cubes": [
						{
							"origin": [-0.8175, 13.86409, 0.53428],
							"size": [2.07, 10.35, 2.553],
							"pivot": [-0.3, 21.50584, 1.96603],
							"rotation": [18, 0, 0],
							"uv": {
								"north": {"uv": [13, 18], "uv_size": [2, 10.25]},
								"east": {"uv": [15, 15], "uv_size": [2.5, 10.25]},
								"south": {"uv": [24, 22], "uv_size": [2, 10.25]},
								"west": {"uv": [10, 18], "uv_size": [2.5, 10.25]},
								"up": {"uv": [2, 44], "uv_size": [2, 2.5]},
								"down": {"uv": [44, 10.5], "uv_size": [2, -2.5]}
							}
						},
						{
							"origin": [-1.16219, 13.8644, 0.53459],
							"size": [0.68938, 10.34938, 2.55238],
							"inflate": 0.001,
							"pivot": [-0.3, 21.50584, 1.96603],
							"rotation": [18, 0, 0],
							"uv": {
								"north": {"uv": [7, 39], "uv_size": [0.75, 10.25]},
								"east": {"uv": [18, 15], "uv_size": [2.5, 10.25]},
								"south": {"uv": [21, 40], "uv_size": [0.75, 10.25]},
								"west": {"uv": [6, 21], "uv_size": [2.5, 10.25]},
								"up": {"uv": [23, 52], "uv_size": [0.75, 2.5]},
								"down": {"uv": [52, 25.5], "uv_size": [0.75, -2.5]}
							}
						}
					]
				},
				{
					"name": "bullet",
					"parent": "magazine",
					"pivot": [0.05, 24.7, -9.4],
					"cubes": [
						{
							"origin": [-1.24154, 23.6123, 0.97578],
							"size": [0.566, 0.566, 1.739],
							"inflate": 0.2,
							"pivot": [-0.3, 21.50584, 1.96603],
							"rotation": [16.87458, -6.35808, 20.05594],
							"uv": {
								"north": {"uv": [18, 55], "uv_size": [0.5, 0.5]},
								"east": {"uv": [53, 36], "uv_size": [1.75, 0.5]},
								"south": {"uv": [19, 55], "uv_size": [0.5, 0.5]},
								"west": {"uv": [38, 53], "uv_size": [1.75, 0.5]},
								"up": {"uv": [47, 53], "uv_size": [0.5, 1.75]},
								"down": {"uv": [48, 54.75], "uv_size": [0.5, -1.75]}
							}
						}
					]
				},
				{
					"name": "magazine2",
					"parent": "main",
					"pivot": [0.7, 10.05, -3.95],
					"cubes": [
						{
							"origin": [-0.8299, 13.8484, 0.55079],
							"size": [2.07, 10.35, 2.553],
							"pivot": [-0.3124, 21.49015, 1.98254],
							"rotation": [18, 0, 0],
							"uv": {
								"north": {"uv": [15, 26], "uv_size": [2, 10.25]},
								"east": {"uv": [21, 6], "uv_size": [2.5, 10.25]},
								"south": {"uv": [17, 26], "uv_size": [2, 10.25]},
								"west": {"uv": [21, 17], "uv_size": [2.5, 10.25]},
								"up": {"uv": [15, 44], "uv_size": [2, 2.5]},
								"down": {"uv": [17, 46.5], "uv_size": [2, -2.5]}
							}
						},
						{
							"origin": [-1.17459, 13.84871, 0.5511],
							"size": [0.68938, 10.34938, 2.55238],
							"inflate": 0.001,
							"pivot": [-0.3124, 21.49015, 1.98254],
							"rotation": [18, 0, 0],
							"uv": {
								"north": {"uv": [22, 40], "uv_size": [0.75, 10.25]},
								"east": {"uv": [0, 24], "uv_size": [2.5, 10.25]},
								"south": {"uv": [9, 41], "uv_size": [0.75, 10.25]},
								"west": {"uv": [3, 24], "uv_size": [2.5, 10.25]},
								"up": {"uv": [24, 52], "uv_size": [0.75, 2.5]},
								"down": {"uv": [25, 54.5], "uv_size": [0.75, -2.5]}
							}
						}
					]
				},
				{
					"name": "bullet2",
					"parent": "magazine2",
					"pivot": [-0.3624, 30.08431, -17.1835],
					"cubes": [
						{
							"origin": [-1.25394, 23.59661, 0.99229],
							"size": [0.566, 0.566, 1.739],
							"inflate": 0.2,
							"pivot": [-0.3124, 21.49015, 1.98254],
							"rotation": [16.87458, -6.35808, 20.05594],
							"uv": {
								"north": {"uv": [20, 55], "uv_size": [0.5, 0.5]},
								"east": {"uv": [49, 53], "uv_size": [1.75, 0.5]},
								"south": {"uv": [21, 55], "uv_size": [0.5, 0.5]},
								"west": {"uv": [51, 53], "uv_size": [1.75, 0.5]},
								"up": {"uv": [53, 53], "uv_size": [0.5, 1.75]},
								"down": {"uv": [2, 55.75], "uv_size": [0.5, -1.75]}
							}
						}
					]
				},
				{
					"name": "rightarm",
					"parent": "main",
					"pivot": [-5.2, 15.5, 25.8],
					"rotation": [-101.81106, -12.40003, -2.46982],
					"cubes": [
						{
							"origin": [-9.2, -8.5, 21.8],
							"size": [8, 24, 8],
							"uv": {
								"north": {"uv": [23.75, 20.25], "uv_size": [8, 24]},
								"east": {"uv": [15.75, 20.25], "uv_size": [8, 24]},
								"south": {"uv": [39.75, 20.25], "uv_size": [8, 24]},
								"west": {"uv": [31.75, 20.25], "uv_size": [8, 24]},
								"up": {"uv": [23.75, 12.25], "uv_size": [8, 8]},
								"down": {"uv": [9.2, 65.2], "uv_size": [-8, -8]}
							}
						}
					]
				},
				{
					"name": "leftarm",
					"parent": "main",
					"pivot": [10.7, 15.3, 12.4],
					"rotation": [-119.61483, 1.67666, -38.31282],
					"cubes": [
						{
							"origin": [3.82256, -0.95844, 5.99404],
							"size": [8, 24, 8],
							"uv": {
								"north": {"uv": [23.5, 16.75], "uv_size": [8, 24]},
								"east": {"uv": [15.5, 16.75], "uv_size": [8, 24]},
								"south": {"uv": [39.5, 16.75], "uv_size": [8, 24]},
								"west": {"uv": [31.5, 16.75], "uv_size": [8, 24]},
								"up": {"uv": [23.5, 8.75], "uv_size": [8, 8]},
								"down": {"uv": [8, 81.00596], "uv_size": [-8, -8]}
							}
						}
					]
				},
				{
					"name": "muzzleflash",
					"parent": "main",
					"pivot": [0, 26.75, -12.65],
					"cubes": [
						{
							"origin": [-0.5, 26.25, -13.15],
							"size": [1, 1, 1],
							"inflate": -0.4,
							"uv": {
								"north": {"uv": [26, 13], "uv_size": [1, 1]},
								"east": {"uv": [43, 19], "uv_size": [1, 1]},
								"south": {"uv": [8, 50], "uv_size": [1, 1]},
								"west": {"uv": [4, 54], "uv_size": [1, 1]},
								"up": {"uv": [17, 54], "uv_size": [1, 1]},
								"down": {"uv": [18, 55], "uv_size": [1, -1]}
							}
						}
					]
				},
				{
					"name": "scope",
					"parent": "main",
					"pivot": [0.03, 28.75, 17.5],
					"cubes": [
						{
							"origin": [-0.47, 28.25, 17],
							"size": [1, 1, 1],
							"inflate": -0.4,
							"uv": {
								"north": {"uv": [2, 23], "uv_size": [1, 1]},
								"east": {"uv": [8, 27], "uv_size": [1, 1]},
								"south": {"uv": [38, 28], "uv_size": [1, 1]},
								"west": {"uv": [41, 27], "uv_size": [1, 1]},
								"up": {"uv": [33, 48], "uv_size": [1, 1]},
								"down": {"uv": [40, 54], "uv_size": [1, -1]}
							}
						}
					]
				}
			]
		}
	]
}