{
	"format_version": "1.12.0",
	"minecraft:geometry": [
		{
			"description": {
				"identifier": "geometry.unknown",
				"texture_width": 64,
				"texture_height": 64,
				"visible_bounds_width": 8,
				"visible_bounds_height": 4,
				"visible_bounds_offset": [0, 1, 0]
			},
			"bones": [
				{
					"name": "main",
					"pivot": [0, 23.3, 6.3]
				},
				{
					"name": "gun",
					"parent": "main",
					"pivot": [0.784, 16.3665, 3.41613],
					"cubes": [
						{
							"origin": [-1.85163, 14.4223, 0.59089],
							"size": [3.408, 10.456, 5.12],
							"pivot": [-0.14763, 20.3503, 3.25089],
							"rotation": [17.08474, 0, 0],
							"uv": {
								"north": {"uv": [0, 15], "uv_size": [2.75, 10.5]},
								"east": {"uv": [0, 0], "uv_size": [5, 10.5]},
								"south": {"uv": [3, 15], "uv_size": [2.75, 10.5]},
								"west": {"uv": [5, 0], "uv_size": [5, 10.5]},
								"up": {"uv": [3, 37], "uv_size": [2.75, 5]},
								"down": {"uv": [6, 42], "uv_size": [2.75, -5]}
							}
						},
						{
							"origin": [-2.60176, 24.01653, -16.66427],
							"size": [0.79235, 1.06496, 1.957],
							"inflate": -0.002,
							"pivot": [-2.60158, 25.53701, -11.27185],
							"rotation": [0, 0, -46],
							"uv": {
								"north": {"uv": [10, 60], "uv_size": [0.75, 1]},
								"east": {"uv": [56, 4], "uv_size": [2, 1]},
								"south": {"uv": [60, 11], "uv_size": [0.75, 1]},
								"west": {"uv": [56, 5], "uv_size": [2, 1]},
								"up": {"uv": [14, 57], "uv_size": [0.75, 2]},
								"down": {"uv": [19, 59], "uv_size": [0.75, -2]}
							}
						},
						{
							"origin": [1.2589, 23.86171, -16.66427],
							"size": [0.91235, 1.06496, 1.957],
							"inflate": -0.002,
							"pivot": [2.43349, 25.27102, -11.27185],
							"rotation": [0, 0, 46],
							"uv": {
								"north": {"uv": [60, 8], "uv_size": [0.75, 1]},
								"east": {"uv": [52, 22], "uv_size": [2, 1]},
								"south": {"uv": [9, 60], "uv_size": [0.75, 1]},
								"west": {"uv": [6, 53], "uv_size": [2, 1]},
								"up": {"uv": [4, 57], "uv_size": [0.75, 2]},
								"down": {"uv": [5, 59], "uv_size": [0.75, -2]}
							}
						},
						{
							"origin": [-0.526, 29.05804, -16.28952],
							"size": [0.6384, 0.484, 0.912],
							"pivot": [-0.1368, 29.0864, -16.11979],
							"rotation": [-143, 0, 180],
							"uv": {
								"north": {"uv": [21, 61], "uv_size": [0.5, 0.5]},
								"east": {"uv": [55, 60], "uv_size": [1, 0.5]},
								"south": {"uv": [61, 21], "uv_size": [0.5, 0.5]},
								"west": {"uv": [60, 55], "uv_size": [1, 0.5]},
								"up": {"uv": [56, 60], "uv_size": [0.5, 1]},
								"down": {"uv": [60, 57], "uv_size": [0.5, -1]}
							}
						},
						{
							"origin": [-2.2836, 26.99683, -18.50233],
							"size": [4.2968, 1.49104, 2.441],
							"inflate": 0.002,
							"pivot": [1.87898, 30.58835, -10.94578],
							"rotation": [21, 0, 0],
							"uv": {
								"north": {"uv": [11, 49], "uv_size": [3.5, 1.5]},
								"east": {"uv": [8, 52], "uv_size": [2.5, 1.5]},
								"south": {"uv": [49, 19], "uv_size": [3.5, 1.5]},
								"west": {"uv": [33, 52], "uv_size": [2.5, 1.5]},
								"up": {"uv": [42, 39], "uv_size": [3.5, 2.5]},
								"down": {"uv": [42, 44.5], "uv_size": [3.5, -2.5]}
							}
						},
						{
							"origin": [-0.518, 29.06414, -16.19457],
							"size": [0.6504, 0.284, 0.812],
							"pivot": [-0.1308, 28.9925, -15.9523],
							"rotation": [180, 0, 180],
							"uv": {
								"north": {"uv": [61, 43], "uv_size": [0.5, 0.25]},
								"east": {"uv": [61, 33], "uv_size": [0.75, 0.25]},
								"south": {"uv": [61, 44], "uv_size": [0.5, 0.25]},
								"west": {"uv": [61, 34], "uv_size": [0.75, 0.25]},
								"up": {"uv": [61, 3], "uv_size": [0.5, 0.75]},
								"down": {"uv": [61, 4.75], "uv_size": [0.5, -0.75]}
							}
						},
						{
							"origin": [-0.518, 29.013, -15.72292],
							"size": [0.6504, 0.884, 0.312],
							"pivot": [-0.1308, 29.04135, -16.08065],
							"rotation": [180, 0, 180],
							"uv": {
								"north": {"uv": [60, 48], "uv_size": [0.5, 1]},
								"east": {"uv": [61, 19], "uv_size": [0.25, 1]},
								"south": {"uv": [60, 54], "uv_size": [0.5, 1]},
								"west": {"uv": [20, 61], "uv_size": [0.25, 1]},
								"up": {"uv": [39, 61], "uv_size": [0.5, 0.25]},
								"down": {"uv": [40, 61.25], "uv_size": [0.5, -0.25]}
							}
						},
						{
							"origin": [-1.04179, 28.29307, -17.38],
							"size": [0.77646, 0.77172, 14.15172],
							"inflate": -0.002,
							"pivot": [-0.07994, 28.16575, -7.10533],
							"rotation": [0, 0, 134],
							"uv": {
								"north": {"uv": [60, 46], "uv_size": [0.75, 0.75]},
								"east": {"uv": [40, 15], "uv_size": [14.25, 0.75]},
								"south": {"uv": [47, 60], "uv_size": [0.75, 0.75]},
								"west": {"uv": [40, 16], "uv_size": [14.25, 0.75]},
								"up": {"uv": [20, 41], "uv_size": [0.75, 14.25]},
								"down": {"uv": [21, 55.25], "uv_size": [0.75, -14.25]}
							}
						},
						{
							"origin": [-1.27883, 27.50991, -17.38],
							"size": [0.77646, 0.77172, 14.15172],
							"inflate": -0.002,
							"pivot": [-0.9906, 28.04577, -10.30651],
							"rotation": [0, 0, -134],
							"uv": {
								"north": {"uv": [60, 47], "uv_size": [0.75, 0.75]},
								"east": {"uv": [40, 17], "uv_size": [14.25, 0.75]},
								"south": {"uv": [48, 60], "uv_size": [0.75, 0.75]},
								"west": {"uv": [40, 18], "uv_size": [14.25, 0.75]},
								"up": {"uv": [25, 41], "uv_size": [0.75, 14.25]},
								"down": {"uv": [26, 55.25], "uv_size": [0.75, -14.25]}
							}
						},
						{
							"origin": [-0.92669, 28.1122, -17.37837],
							"size": [1.57194, 0.56828, 14.14828],
							"inflate": 0.002,
							"pivot": [-0.13648, 28.45356, -7.10537],
							"rotation": [0, 0, 180],
							"uv": {
								"north": {"uv": [60, 20], "uv_size": [1.25, 0.5]},
								"east": {"uv": [45, 37], "uv_size": [14.25, 0.5]},
								"south": {"uv": [22, 60], "uv_size": [1.25, 0.5]},
								"west": {"uv": [45, 38], "uv_size": [14.25, 0.5]},
								"up": {"uv": [11, 34], "uv_size": [1.25, 14.25]},
								"down": {"uv": [13, 48.25], "uv_size": [1.25, -14.25]}
							}
						},
						{
							"origin": [0.8488, 25.9205, -17.25027],
							"size": [1.152, 1.7, 2.541],
							"uv": {
								"north": {"uv": [36, 52], "uv_size": [1, 1.75]},
								"east": {"uv": [0, 51], "uv_size": [2.5, 1.75]},
								"south": {"uv": [21, 56], "uv_size": [1, 1.75]},
								"west": {"uv": [51, 7], "uv_size": [2.5, 1.75]},
								"up": {"uv": [55, 13], "uv_size": [1, 2.5]},
								"down": {"uv": [55, 18.5], "uv_size": [1, -2.5]}
							}
						},
						{
							"origin": [0.8488, 25.2205, -15.05027],
							"size": [1.152, 0.1, 0.341],
							"uv": {
								"north": {"uv": [23, 61], "uv_size": [1, 0.25]},
								"east": {"uv": [46, 61], "uv_size": [0.25, 0.25]},
								"south": {"uv": [61, 23], "uv_size": [1, 0.25]},
								"west": {"uv": [61, 46], "uv_size": [0.25, 0.25]},
								"up": {"uv": [61, 24], "uv_size": [1, 0.25]},
								"down": {"uv": [61, 25.25], "uv_size": [1, -0.25]}
							}
						},
						{
							"origin": [-2.2712, 25.2205, -15.05027],
							"size": [1.152, 0.1, 0.341],
							"uv": {
								"north": {"uv": [61, 26], "uv_size": [1, 0.25]},
								"east": {"uv": [47, 61], "uv_size": [0.25, 0.25]},
								"south": {"uv": [61, 27], "uv_size": [1, 0.25]},
								"west": {"uv": [61, 47], "uv_size": [0.25, 0.25]},
								"up": {"uv": [61, 29], "uv_size": [1, 0.25]},
								"down": {"uv": [61, 30.25], "uv_size": [1, -0.25]}
							}
						},
						{
							"origin": [1.3288, 25.0205, -16.85027],
							"size": [0.312, 2.7, 7.341],
							"uv": {
								"north": {"uv": [60, 12], "uv_size": [0.25, 2.75]},
								"east": {"uv": [23, 7], "uv_size": [6.25, 2.75]},
								"south": {"uv": [13, 60], "uv_size": [0.25, 2.75]},
								"west": {"uv": [22, 34], "uv_size": [6.25, 2.75]},
								"up": {"uv": [29, 56], "uv_size": [0.25, 6.25]},
								"down": {"uv": [50, 62.25], "uv_size": [0.25, -6.25]}
							}
						},
						{
							"origin": [-1.9112, 25.0205, -16.85027],
							"size": [0.312, 2.6, 7.341],
							"uv": {
								"north": {"uv": [43, 60], "uv_size": [0.25, 2.5]},
								"east": {"uv": [34, 22], "uv_size": [6.25, 2.5]},
								"south": {"uv": [44, 60], "uv_size": [0.25, 2.5]},
								"west": {"uv": [30, 34], "uv_size": [6.25, 2.5]},
								"up": {"uv": [51, 56], "uv_size": [0.25, 6.25]},
								"down": {"uv": [52, 62.25], "uv_size": [0.25, -6.25]}
							}
						},
						{
							"origin": [0.8488, 27.6205, -17.25027],
							"size": [1.152, 1, 14.041],
							"uv": {
								"north": {"uv": [58, 53], "uv_size": [1, 1]},
								"east": {"uv": [34, 25], "uv_size": [14, 1]},
								"south": {"uv": [58, 54], "uv_size": [1, 1]},
								"west": {"uv": [34, 26], "uv_size": [14, 1]},
								"up": {"uv": [1, 37], "uv_size": [1, 14]},
								"down": {"uv": [2, 51], "uv_size": [1, -14]}
							}
						},
						{
							"origin": [-2.2712, 25.9205, -17.25027],
							"size": [1.152, 1.7, 2.541],
							"uv": {
								"north": {"uv": [8, 50], "uv_size": [1, 1.75]},
								"east": {"uv": [50, 48], "uv_size": [2.5, 1.75]},
								"south": {"uv": [13, 51], "uv_size": [1, 1.75]},
								"west": {"uv": [49, 50], "uv_size": [2.5, 1.75]},
								"up": {"uv": [40, 19], "uv_size": [1, 2.5]},
								"down": {"uv": [2, 57.5], "uv_size": [1, -2.5]}
							}
						},
						{
							"origin": [-2.2712, 27.6205, -17.25027],
							"size": [1.152, 1, 14.041],
							"uv": {
								"north": {"uv": [36, 21], "uv_size": [1, 1]},
								"east": {"uv": [32, 2], "uv_size": [14, 1]},
								"south": {"uv": [46, 2], "uv_size": [1, 1]},
								"west": {"uv": [32, 31], "uv_size": [14, 1]},
								"up": {"uv": [36, 7], "uv_size": [1, 14]},
								"down": {"uv": [0, 51], "uv_size": [1, -14]}
							}
						},
						{
							"origin": [-1.99244, 28.52524, -7.94827],
							"size": [3.74365, 0.69104, 0.541],
							"inflate": 0.002,
							"uv": {
								"north": {"uv": [55, 55], "uv_size": [3, 0.75]},
								"east": {"uv": [61, 11], "uv_size": [0.5, 0.75]},
								"south": {"uv": [56, 0], "uv_size": [3, 0.75]},
								"west": {"uv": [12, 61], "uv_size": [0.5, 0.75]},
								"up": {"uv": [35, 57], "uv_size": [3, 0.5]},
								"down": {"uv": [57, 35.5], "uv_size": [3, -0.5]}
							}
						},
						{
							"origin": [-1.99244, 28.52524, -9.04827],
							"size": [3.74365, 0.69104, 0.541],
							"inflate": 0.002,
							"uv": {
								"north": {"uv": [56, 1], "uv_size": [3, 0.75]},
								"east": {"uv": [61, 12], "uv_size": [0.5, 0.75]},
								"south": {"uv": [56, 2], "uv_size": [3, 0.75]},
								"west": {"uv": [61, 13], "uv_size": [0.5, 0.75]},
								"up": {"uv": [57, 39], "uv_size": [3, 0.5]},
								"down": {"uv": [57, 40.5], "uv_size": [3, -0.5]}
							}
						},
						{
							"origin": [-1.99244, 28.52524, -11.24827],
							"size": [3.74365, 0.69104, 0.541],
							"inflate": 0.002,
							"uv": {
								"north": {"uv": [52, 55], "uv_size": [3, 0.75]},
								"east": {"uv": [61, 9], "uv_size": [0.5, 0.75]},
								"south": {"uv": [55, 52], "uv_size": [3, 0.75]},
								"west": {"uv": [10, 61], "uv_size": [0.5, 0.75]},
								"up": {"uv": [57, 27], "uv_size": [3, 0.5]},
								"down": {"uv": [57, 28.5], "uv_size": [3, -0.5]}
							}
						},
						{
							"origin": [-1.99244, 28.52524, -10.14827],
							"size": [3.74365, 0.69104, 0.541],
							"inflate": 0.002,
							"uv": {
								"north": {"uv": [55, 53], "uv_size": [3, 0.75]},
								"east": {"uv": [61, 10], "uv_size": [0.5, 0.75]},
								"south": {"uv": [55, 54], "uv_size": [3, 0.75]},
								"west": {"uv": [11, 61], "uv_size": [0.5, 0.75]},
								"up": {"uv": [32, 57], "uv_size": [3, 0.5]},
								"down": {"uv": [57, 34.5], "uv_size": [3, -0.5]}
							}
						},
						{
							"origin": [-1.99244, 28.52524, -12.34827],
							"size": [3.74365, 0.69104, 0.541],
							"inflate": 0.002,
							"uv": {
								"north": {"uv": [55, 50], "uv_size": [3, 0.75]},
								"east": {"uv": [61, 8], "uv_size": [0.5, 0.75]},
								"south": {"uv": [55, 51], "uv_size": [3, 0.75]},
								"west": {"uv": [9, 61], "uv_size": [0.5, 0.75]},
								"up": {"uv": [57, 22], "uv_size": [3, 0.5]},
								"down": {"uv": [57, 23.5], "uv_size": [3, -0.5]}
							}
						},
						{
							"origin": [-1.99244, 28.52524, -13.44827],
							"size": [3.74365, 0.69104, 0.541],
							"inflate": 0.002,
							"uv": {
								"north": {"uv": [55, 47], "uv_size": [3, 0.75]},
								"east": {"uv": [61, 7], "uv_size": [0.5, 0.75]},
								"south": {"uv": [49, 55], "uv_size": [3, 0.75]},
								"west": {"uv": [8, 61], "uv_size": [0.5, 0.75]},
								"up": {"uv": [57, 14], "uv_size": [3, 0.5]},
								"down": {"uv": [57, 15.5], "uv_size": [3, -0.5]}
							}
						},
						{
							"origin": [-1.39244, 28.72524, -6.84827],
							"size": [2.54365, 0.49104, 3.641],
							"inflate": 0.002,
							"uv": {
								"north": {"uv": [58, 52], "uv_size": [2, 0.5]},
								"east": {"uv": [56, 20], "uv_size": [3.75, 0.5]},
								"south": {"uv": [53, 58], "uv_size": [2, 0.5]},
								"west": {"uv": [56, 31], "uv_size": [3.75, 0.5]},
								"up": {"uv": [43, 45], "uv_size": [2, 3.75]},
								"down": {"uv": [45, 48.75], "uv_size": [2, -3.75]}
							}
						},
						{
							"origin": [-1.39244, 28.72524, -17.24827],
							"size": [2.54365, 0.49104, 3.341],
							"inflate": 0.002,
							"uv": {
								"north": {"uv": [58, 50], "uv_size": [2, 0.5]},
								"east": {"uv": [46, 56], "uv_size": [3.25, 0.5]},
								"south": {"uv": [58, 51], "uv_size": [2, 0.5]},
								"west": {"uv": [56, 48], "uv_size": [3.25, 0.5]},
								"up": {"uv": [47, 27], "uv_size": [2, 3.25]},
								"down": {"uv": [30, 50.25], "uv_size": [2, -3.25]}
							}
						},
						{
							"origin": [0.81682, 28.11996, -6.84927],
							"size": [0.91182, 0.94, 3.641],
							"inflate": 0.001,
							"pivot": [1.27273, 28.52154, -5.17877],
							"rotation": [0, 0, -50],
							"uv": {
								"north": {"uv": [60, 6], "uv_size": [0.75, 1]},
								"east": {"uv": [51, 9], "uv_size": [3.75, 1]},
								"south": {"uv": [7, 60], "uv_size": [0.75, 1]},
								"west": {"uv": [51, 29], "uv_size": [3.75, 1]},
								"up": {"uv": [27, 51], "uv_size": [0.75, 3.75]},
								"down": {"uv": [28, 56.75], "uv_size": [0.75, -3.75]}
							}
						},
						{
							"origin": [-1.96987, 28.11996, -6.84927],
							"size": [0.91182, 0.94, 3.641],
							"inflate": 0.001,
							"pivot": [-1.51396, 28.52154, -5.17877],
							"rotation": [0, 0, 50],
							"uv": {
								"north": {"uv": [60, 7], "uv_size": [0.75, 1]},
								"east": {"uv": [51, 43], "uv_size": [3.75, 1]},
								"south": {"uv": [8, 60], "uv_size": [0.75, 1]},
								"west": {"uv": [51, 44], "uv_size": [3.75, 1]},
								"up": {"uv": [9, 54], "uv_size": [0.75, 3.75]},
								"down": {"uv": [10, 57.75], "uv_size": [0.75, -3.75]}
							}
						},
						{
							"origin": [-1.96987, 28.11996, -17.24],
							"size": [0.91182, 0.94, 3.341],
							"inflate": 0.001,
							"pivot": [-1.51396, 28.52154, -15.57803],
							"rotation": [0, 0, 50],
							"uv": {
								"north": {"uv": [59, 54], "uv_size": [0.75, 1]},
								"east": {"uv": [33, 54], "uv_size": [3.25, 1]},
								"south": {"uv": [6, 60], "uv_size": [0.75, 1]},
								"west": {"uv": [54, 33], "uv_size": [3.25, 1]},
								"up": {"uv": [30, 55], "uv_size": [0.75, 3.25]},
								"down": {"uv": [31, 58.25], "uv_size": [0.75, -3.25]}
							}
						},
						{
							"origin": [0.81682, 28.11996, -17.24],
							"size": [0.91182, 0.94, 3.341],
							"inflate": 0.001,
							"pivot": [1.27273, 28.52154, -15.57603],
							"rotation": [0, 0, -50],
							"uv": {
								"north": {"uv": [35, 59], "uv_size": [0.75, 1]},
								"east": {"uv": [54, 30], "uv_size": [3.25, 1]},
								"south": {"uv": [36, 59], "uv_size": [0.75, 1]},
								"west": {"uv": [54, 32], "uv_size": [3.25, 1]},
								"up": {"uv": [24, 55], "uv_size": [0.75, 3.25]},
								"down": {"uv": [27, 58.25], "uv_size": [0.75, -3.25]}
							}
						},
						{
							"origin": [-1.9292, 23.96129, 3.78391],
							"size": [3.5568, 4.016, 0.744],
							"pivot": [-0.14761, 24.21929, 4.67791],
							"rotation": [-90.41804, 0, 0],
							"uv": {
								"north": {"uv": [25, 37], "uv_size": [3, 4]},
								"east": {"uv": [28, 49], "uv_size": [0.75, 4]},
								"south": {"uv": [30, 37], "uv_size": [3, 4]},
								"west": {"uv": [14, 51], "uv_size": [0.75, 4]},
								"up": {"uv": [55, 9], "uv_size": [3, 0.75]},
								"down": {"uv": [55, 29.75], "uv_size": [3, -0.75]}
							}
						},
						{
							"origin": [-1.9292, 27.22426, 4.58586],
							"size": [3.5568, 2.216, 0.344],
							"pivot": [-0.14761, 24.18226, 5.37986],
							"rotation": [-90.41804, 0, 0],
							"uv": {
								"north": {"uv": [46, 19], "uv_size": [3, 2.25]},
								"east": {"uv": [49, 60], "uv_size": [0.25, 2.25]},
								"south": {"uv": [46, 39], "uv_size": [3, 2.25]},
								"west": {"uv": [60, 50], "uv_size": [0.25, 2.25]},
								"up": {"uv": [43, 59], "uv_size": [3, 0.25]},
								"down": {"uv": [46, 59.25], "uv_size": [3, -0.25]}
							}
						},
						{
							"origin": [-1.9256, 23.11633, 9.89371],
							"size": [3.5568, 2.216, 0.344],
							"pivot": [-0.1508, 24.72433, 10.01571],
							"rotation": [-84.41804, 0, 0],
							"uv": {
								"north": {"uv": [46, 42], "uv_size": [3, 2.25]},
								"east": {"uv": [53, 60], "uv_size": [0.25, 2.25]},
								"south": {"uv": [47, 0], "uv_size": [3, 2.25]},
								"west": {"uv": [54, 60], "uv_size": [0.25, 2.25]},
								"up": {"uv": [59, 49], "uv_size": [3, 0.25]},
								"down": {"uv": [59, 53.25], "uv_size": [3, -0.25]}
							}
						},
						{
							"origin": [-1.8092, 22.14143, 3.8765],
							"size": [3.3048, 4.416, 2.644],
							"pivot": [-0.27721, 24.09943, 4.6705],
							"rotation": [-48.41804, 0, 0],
							"uv": {
								"north": {"uv": [37, 7], "uv_size": [2.75, 4.5]},
								"east": {"uv": [37, 12], "uv_size": [2.75, 4.5]},
								"south": {"uv": [37, 17], "uv_size": [2.75, 4.5]},
								"west": {"uv": [22, 37], "uv_size": [2.75, 4.5]},
								"up": {"uv": [45, 3], "uv_size": [2.75, 2.75]},
								"down": {"uv": [6, 47.75], "uv_size": [2.75, -2.75]}
							}
						},
						{
							"origin": [-1.9196, 18.50651, 6.81376],
							"size": [3.5448, 2.916, 1.444],
							"pivot": [-0.14761, 24.16451, 4.70776],
							"rotation": [-122.41804, 0, 0],
							"uv": {
								"north": {"uv": [22, 42], "uv_size": [3, 3]},
								"east": {"uv": [43, 49], "uv_size": [1.5, 3]},
								"south": {"uv": [42, 36], "uv_size": [3, 3]},
								"west": {"uv": [45, 49], "uv_size": [1.5, 3]},
								"up": {"uv": [49, 46], "uv_size": [3, 1.5]},
								"down": {"uv": [50, 1.5], "uv_size": [3, -1.5]}
							}
						},
						{
							"origin": [-1.17079, 20.37887, -4.49247],
							"size": [1.9856, 2.484, 0.408],
							"inflate": -0.1,
							"uv": {
								"north": {"uv": [6, 50], "uv_size": [1.75, 2.5]},
								"east": {"uv": [20, 57], "uv_size": [0.5, 2.5]},
								"south": {"uv": [47, 50], "uv_size": [1.75, 2.5]},
								"west": {"uv": [25, 57], "uv_size": [0.5, 2.5]},
								"up": {"uv": [5, 59], "uv_size": [1.75, 0.5]},
								"down": {"uv": [7, 59.5], "uv_size": [1.75, -0.5]}
							}
						},
						{
							"origin": [-1.95084, 22.65, -4.49247],
							"size": [3.5456, 1.484, 0.408],
							"inflate": -0.1,
							"uv": {
								"north": {"uv": [50, 2], "uv_size": [3, 1.5]},
								"east": {"uv": [59, 58], "uv_size": [0.5, 1.5]},
								"south": {"uv": [50, 4], "uv_size": [3, 1.5]},
								"west": {"uv": [60, 0], "uv_size": [0.5, 1.5]},
								"up": {"uv": [57, 12], "uv_size": [3, 0.5]},
								"down": {"uv": [57, 13.5], "uv_size": [3, -0.5]}
							}
						},
						{
							"origin": [-2.06719, 21.49588, -4.49],
							"size": [1.3856, 1.484, 0.408],
							"inflate": -0.1,
							"pivot": [-0.23724, 22.0559, -1.68469],
							"rotation": [0, 0, 45],
							"uv": {
								"north": {"uv": [15, 56], "uv_size": [1.25, 1.5]},
								"east": {"uv": [60, 2], "uv_size": [0.5, 1.5]},
								"south": {"uv": [56, 16], "uv_size": [1.25, 1.5]},
								"west": {"uv": [3, 60], "uv_size": [0.5, 1.5]},
								"up": {"uv": [60, 38], "uv_size": [1.25, 0.5]},
								"down": {"uv": [60, 39.5], "uv_size": [1.25, -0.5]}
							}
						},
						{
							"origin": [0.27627, 21.39682, -4.49],
							"size": [1.3856, 1.484, 0.408],
							"inflate": -0.1,
							"pivot": [-0.28695, 22.0559, -1.68469],
							"rotation": [0, 0, -45],
							"uv": {
								"north": {"uv": [17, 56], "uv_size": [1.25, 1.5]},
								"east": {"uv": [4, 60], "uv_size": [0.5, 1.5]},
								"south": {"uv": [56, 18], "uv_size": [1.25, 1.5]},
								"west": {"uv": [5, 60], "uv_size": [0.5, 1.5]},
								"up": {"uv": [60, 40], "uv_size": [1.25, 0.5]},
								"down": {"uv": [60, 41.5], "uv_size": [1.25, -0.5]}
							}
						},
						{
							"origin": [-1.1352, 20.96001, 0.68349],
							"size": [1.7744, 0.788, 0.408],
							"inflate": -0.1,
							"pivot": [-0.23724, 22.0559, -1.68469],
							"rotation": [-138.5, 0, 0],
							"uv": {
								"north": {"uv": [21, 58], "uv_size": [1.5, 0.75]},
								"east": {"uv": [60, 59], "uv_size": [0.5, 0.75]},
								"south": {"uv": [58, 24], "uv_size": [1.5, 0.75]},
								"west": {"uv": [60, 60], "uv_size": [0.5, 0.75]},
								"up": {"uv": [33, 59], "uv_size": [1.5, 0.5]},
								"down": {"uv": [59, 33.5], "uv_size": [1.5, -0.5]}
							}
						},
						{
							"origin": [-1.9752, 24.76607, -2.54671],
							"size": [3.5744, 1.288, 0.808],
							"inflate": -0.1,
							"pivot": [-0.23724, 22.0559, -1.68469],
							"rotation": [52, 0, 0],
							"uv": {
								"north": {"uv": [51, 27], "uv_size": [3, 1.25]},
								"east": {"uv": [55, 58], "uv_size": [0.75, 1.25]},
								"south": {"uv": [30, 51], "uv_size": [3, 1.25]},
								"west": {"uv": [56, 58], "uv_size": [0.75, 1.25]},
								"up": {"uv": [32, 55], "uv_size": [3, 0.75]},
								"down": {"uv": [35, 55.75], "uv_size": [3, -0.75]}
							}
						},
						{
							"origin": [-1.9692, 20.52118, -4.85628],
							"size": [3.4544, 1.288, 0.808],
							"inflate": -0.1,
							"pivot": [-0.23724, 22.0559, -1.68469],
							"rotation": [-52, 0, 0],
							"uv": {
								"north": {"uv": [51, 39], "uv_size": [3, 1.25]},
								"east": {"uv": [57, 58], "uv_size": [0.75, 1.25]},
								"south": {"uv": [51, 41], "uv_size": [3, 1.25]},
								"west": {"uv": [58, 58], "uv_size": [0.75, 1.25]},
								"up": {"uv": [46, 55], "uv_size": [3, 0.75]},
								"down": {"uv": [55, 46.75], "uv_size": [3, -0.75]}
							}
						},
						{
							"origin": [-1.89136, 20.36, -1.6035],
							"size": [3.42736, 0.6128, 1.7888],
							"inflate": -0.11,
							"pivot": [-0.23724, 22.0559, -1.68469],
							"rotation": [0, -0.1, 0],
							"uv": {
								"north": {"uv": [56, 49], "uv_size": [3, 0.5]},
								"east": {"uv": [58, 55], "uv_size": [1.75, 0.5]},
								"south": {"uv": [53, 56], "uv_size": [3, 0.5]},
								"west": {"uv": [3, 59], "uv_size": [1.75, 0.5]},
								"up": {"uv": [6, 48], "uv_size": [3, 1.75]},
								"down": {"uv": [47, 49.75], "uv_size": [3, -1.75]}
							}
						},
						{
							"origin": [-1.17136, 20.36887, -4.3035],
							"size": [1.98736, 0.6128, 2.9888],
							"inflate": -0.11,
							"pivot": [-0.23724, 22.0559, -1.68469],
							"rotation": [0, -0.1, 0],
							"uv": {
								"north": {"uv": [21, 59], "uv_size": [1.75, 0.5]},
								"east": {"uv": [11, 57], "uv_size": [3, 0.5]},
								"south": {"uv": [59, 21], "uv_size": [1.75, 0.5]},
								"west": {"uv": [57, 11], "uv_size": [3, 0.5]},
								"up": {"uv": [49, 7], "uv_size": [1.75, 3]},
								"down": {"uv": [9, 52], "uv_size": [1.75, -3]}
							}
						},
						{
							"origin": [-1.28805, 20.37, -1.77819],
							"size": [0.90736, 0.6128, 1.4888],
							"inflate": -0.11,
							"pivot": [-0.11808, 22.0459, -1.68452],
							"rotation": [0, -43.1, 0],
							"uv": {
								"north": {"uv": [61, 5], "uv_size": [0.75, 0.5]},
								"east": {"uv": [60, 28], "uv_size": [1.25, 0.5]},
								"south": {"uv": [6, 61], "uv_size": [0.75, 0.5]},
								"west": {"uv": [36, 60], "uv_size": [1.25, 0.5]},
								"up": {"uv": [0, 59], "uv_size": [0.75, 1.25]},
								"down": {"uv": [59, 1.25], "uv_size": [0.75, -1.25]}
							}
						},
						{
							"origin": [0.0214, 20.37, -1.77483],
							"size": [0.90736, 0.6128, 1.4888],
							"inflate": -0.11,
							"pivot": [-0.23724, 22.0559, -1.68469],
							"rotation": [0, 43.1, 0],
							"uv": {
								"north": {"uv": [61, 6], "uv_size": [0.75, 0.5]},
								"east": {"uv": [60, 36], "uv_size": [1.25, 0.5]},
								"south": {"uv": [7, 61], "uv_size": [0.75, 0.5]},
								"west": {"uv": [60, 37], "uv_size": [1.25, 0.5]},
								"up": {"uv": [1, 59], "uv_size": [0.75, 1.25]},
								"down": {"uv": [59, 3.25], "uv_size": [0.75, -1.25]}
							}
						},
						{
							"origin": [-1.96608, 23.79651, -5.78259],
							"size": [3.6488, 1.23904, 8.79904],
							"inflate": 0.002,
							"uv": {
								"north": {"uv": [51, 32], "uv_size": [3, 1.25]},
								"east": {"uv": [40, 7], "uv_size": [8.75, 1.25]},
								"south": {"uv": [51, 34], "uv_size": [3, 1.25]},
								"west": {"uv": [40, 9], "uv_size": [8.75, 1.25]},
								"up": {"uv": [20, 3], "uv_size": [3, 8.75]},
								"down": {"uv": [19, 29.75], "uv_size": [3, -8.75]}
							}
						},
						{
							"origin": [-1.97208, 24.49651, -16.68259],
							"size": [3.6488, 0.53904, 10.89904],
							"inflate": 0.002,
							"uv": {
								"north": {"uv": [57, 7], "uv_size": [3, 0.5]},
								"east": {"uv": [48, 25], "uv_size": [11, 0.5]},
								"south": {"uv": [57, 8], "uv_size": [3, 0.5]},
								"west": {"uv": [48, 26], "uv_size": [11, 0.5]},
								"up": {"uv": [10, 12], "uv_size": [3, 11]},
								"down": {"uv": [13, 23], "uv_size": [3, -11]}
							}
						},
						{
							"origin": [-1.85208, 23.79651, -11.28259],
							"size": [3.4088, 1.23904, 0.59904],
							"inflate": 0.002,
							"uv": {
								"north": {"uv": [43, 52], "uv_size": [2.75, 1.25]},
								"east": {"uv": [60, 22], "uv_size": [0.5, 1.25]},
								"south": {"uv": [52, 46], "uv_size": [2.75, 1.25]},
								"west": {"uv": [24, 60], "uv_size": [0.5, 1.25]},
								"up": {"uv": [57, 41], "uv_size": [2.75, 0.5]},
								"down": {"uv": [57, 42.5], "uv_size": [2.75, -0.5]}
							}
						},
						{
							"origin": [-1.85208, 23.79651, -12.38259],
							"size": [3.4088, 1.23904, 0.59904],
							"inflate": 0.002,
							"uv": {
								"north": {"uv": [53, 4], "uv_size": [2.75, 1.25]},
								"east": {"uv": [30, 60], "uv_size": [0.5, 1.25]},
								"south": {"uv": [11, 53], "uv_size": [2.75, 1.25]},
								"west": {"uv": [31, 60], "uv_size": [0.5, 1.25]},
								"up": {"uv": [57, 57], "uv_size": [2.75, 0.5]},
								"down": {"uv": [58, 4.5], "uv_size": [2.75, -0.5]}
							}
						},
						{
							"origin": [-1.85208, 23.79651, -13.48259],
							"size": [3.4088, 1.23904, 0.59904],
							"inflate": 0.002,
							"uv": {
								"north": {"uv": [53, 19], "uv_size": [2.75, 1.25]},
								"east": {"uv": [60, 31], "uv_size": [0.5, 1.25]},
								"south": {"uv": [30, 53], "uv_size": [2.75, 1.25]},
								"west": {"uv": [32, 60], "uv_size": [0.5, 1.25]},
								"up": {"uv": [58, 5], "uv_size": [2.75, 0.5]},
								"down": {"uv": [9, 58.5], "uv_size": [2.75, -0.5]}
							}
						},
						{
							"origin": [-1.85208, 23.79651, -14.58259],
							"size": [3.4088, 1.23904, 0.59904],
							"inflate": 0.002,
							"uv": {
								"north": {"uv": [46, 53], "uv_size": [2.75, 1.25]},
								"east": {"uv": [33, 60], "uv_size": [0.5, 1.25]},
								"south": {"uv": [53, 48], "uv_size": [2.75, 1.25]},
								"west": {"uv": [34, 60], "uv_size": [0.5, 1.25]},
								"up": {"uv": [58, 9], "uv_size": [2.75, 0.5]},
								"down": {"uv": [15, 58.5], "uv_size": [2.75, -0.5]}
							}
						},
						{
							"origin": [-1.85208, 23.79651, -15.68259],
							"size": [3.4088, 1.23904, 0.59904],
							"inflate": 0.002,
							"uv": {
								"north": {"uv": [6, 54], "uv_size": [2.75, 1.25]},
								"east": {"uv": [60, 34], "uv_size": [0.5, 1.25]},
								"south": {"uv": [54, 7], "uv_size": [2.75, 1.25]},
								"west": {"uv": [35, 60], "uv_size": [0.5, 1.25]},
								"up": {"uv": [58, 16], "uv_size": [2.75, 0.5]},
								"down": {"uv": [58, 17.5], "uv_size": [2.75, -0.5]}
							}
						},
						{
							"origin": [-1.85208, 23.79651, -10.18259],
							"size": [3.4088, 1.23904, 0.59904],
							"inflate": 0.002,
							"uv": {
								"north": {"uv": [49, 52], "uv_size": [2.75, 1.25]},
								"east": {"uv": [60, 24], "uv_size": [0.5, 1.25]},
								"south": {"uv": [52, 50], "uv_size": [2.75, 1.25]},
								"west": {"uv": [25, 60], "uv_size": [0.5, 1.25]},
								"up": {"uv": [57, 43], "uv_size": [2.75, 0.5]},
								"down": {"uv": [57, 44.5], "uv_size": [2.75, -0.5]}
							}
						},
						{
							"origin": [-1.85208, 23.79651, -9.08259],
							"size": [3.4088, 1.23904, 0.59904],
							"inflate": 0.002,
							"uv": {
								"north": {"uv": [52, 52], "uv_size": [2.75, 1.25]},
								"east": {"uv": [26, 60], "uv_size": [0.5, 1.25]},
								"south": {"uv": [0, 53], "uv_size": [2.75, 1.25]},
								"west": {"uv": [60, 26], "uv_size": [0.5, 1.25]},
								"up": {"uv": [57, 45], "uv_size": [2.75, 0.5]},
								"down": {"uv": [46, 57.5], "uv_size": [2.75, -0.5]}
							}
						},
						{
							"origin": [-1.85208, 23.79651, -7.98259],
							"size": [3.4088, 1.23904, 0.59904],
							"inflate": 0.002,
							"uv": {
								"north": {"uv": [53, 0], "uv_size": [2.75, 1.25]},
								"east": {"uv": [27, 60], "uv_size": [0.5, 1.25]},
								"south": {"uv": [53, 2], "uv_size": [2.75, 1.25]},
								"west": {"uv": [28, 60], "uv_size": [0.5, 1.25]},
								"up": {"uv": [53, 57], "uv_size": [2.75, 0.5]},
								"down": {"uv": [57, 56.5], "uv_size": [2.75, -0.5]}
							}
						},
						{
							"origin": [-1.85208, 23.79651, -6.88259],
							"size": [3.4088, 1.23904, 0.59904],
							"inflate": 0.002,
							"uv": {
								"north": {"uv": [54, 22], "uv_size": [2.75, 1.25]},
								"east": {"uv": [42, 60], "uv_size": [0.5, 1.25]},
								"south": {"uv": [54, 27], "uv_size": [2.75, 1.25]},
								"west": {"uv": [60, 42], "uv_size": [0.5, 1.25]},
								"up": {"uv": [58, 18], "uv_size": [2.75, 0.5]},
								"down": {"uv": [58, 19.5], "uv_size": [2.75, -0.5]}
							}
						},
						{
							"origin": [-1.73208, 24.19651, -16.18259],
							"size": [3.1688, 0.83904, 10.49904],
							"inflate": 0.002,
							"uv": {
								"north": {"uv": [3, 56], "uv_size": [2.75, 0.75]},
								"east": {"uv": [43, 23], "uv_size": [10.5, 0.75]},
								"south": {"uv": [56, 3], "uv_size": [2.75, 0.75]},
								"west": {"uv": [43, 24], "uv_size": [10.5, 0.75]},
								"up": {"uv": [6, 15], "uv_size": [2.75, 10.5]},
								"down": {"uv": [16, 22.5], "uv_size": [2.75, -10.5]}
							}
						},
						{
							"origin": [-1.75801, 23.66137, -2.435],
							"size": [3.14365, 0.91104, 1.36704],
							"inflate": 0.002,
							"pivot": [-0.23724, 22.0559, -1.68469],
							"rotation": [-116.5, -0.1, 0],
							"uv": {
								"north": {"uv": [54, 41], "uv_size": [2.5, 1]},
								"east": {"uv": [42, 57], "uv_size": [1.25, 1]},
								"south": {"uv": [54, 42], "uv_size": [2.5, 1]},
								"west": {"uv": [12, 58], "uv_size": [1.25, 1]},
								"up": {"uv": [54, 34], "uv_size": [2.5, 1.25]},
								"down": {"uv": [54, 40.25], "uv_size": [2.5, -1.25]}
							}
						},
						{
							"origin": [-1.76802, 22.23028, -6.69451],
							"size": [3.14365, 0.91104, 3.36704],
							"inflate": 0.002,
							"pivot": [-0.23724, 22.0559, -1.68469],
							"rotation": [160.5, 0.2, 0],
							"uv": {
								"north": {"uv": [49, 54], "uv_size": [2.5, 1]},
								"east": {"uv": [52, 31], "uv_size": [3.25, 1]},
								"south": {"uv": [52, 54], "uv_size": [2.5, 1]},
								"west": {"uv": [54, 24], "uv_size": [3.25, 1]},
								"up": {"uv": [38, 42], "uv_size": [2.5, 3.25]},
								"down": {"uv": [43, 22.25], "uv_size": [2.5, -3.25]}
							}
						}
					]
				},
				{
					"name": "bulletejec",
					"parent": "gun",
					"pivot": [-0.12061, 27.67076, -4.62777]
				},
				{
					"name": "slide",
					"parent": "gun",
					"pivot": [-1.3592, 27.1205, -13.64587],
					"cubes": [
						{
							"origin": [-2.60176, 24.01653, -14.7],
							"size": [0.79235, 1.06496, 21.457],
							"inflate": -0.002,
							"pivot": [-2.60158, 25.53701, -11.20085],
							"rotation": [0, 0, -46],
							"uv": {
								"north": {"uv": [24, 59], "uv_size": [0.75, 1]},
								"east": {"uv": [23, 3], "uv_size": [21.5, 1]},
								"south": {"uv": [59, 25], "uv_size": [0.75, 1]},
								"west": {"uv": [23, 4], "uv_size": [21.5, 1]},
								"up": {"uv": [15, 34], "uv_size": [0.75, 21.5]},
								"down": {"uv": [16, 55.5], "uv_size": [0.75, -21.5]}
							}
						},
						{
							"origin": [1.18697, 23.89225, -14.7],
							"size": [0.91235, 1.06496, 21.457],
							"inflate": -0.002,
							"pivot": [2.36156, 25.20155, -11.20085],
							"rotation": [0, 0, 46],
							"uv": {
								"north": {"uv": [26, 59], "uv_size": [0.75, 1]},
								"east": {"uv": [23, 5], "uv_size": [21.5, 1]},
								"south": {"uv": [59, 26], "uv_size": [0.75, 1]},
								"west": {"uv": [23, 6], "uv_size": [21.5, 1]},
								"up": {"uv": [17, 34], "uv_size": [0.75, 21.5]},
								"down": {"uv": [29, 55.5], "uv_size": [0.75, -21.5]}
							}
						},
						{
							"origin": [1.15826, 28.13995, -3.255],
							"size": [0.91182, 1.17152, 10.01152],
							"inflate": 0.001,
							"pivot": [1.49515, 28.3008, -9.73863],
							"rotation": [0, 0, -48],
							"uv": {
								"north": {"uv": [27, 59], "uv_size": [0.75, 1]},
								"east": {"uv": [41, 32], "uv_size": [10, 1]},
								"south": {"uv": [28, 59], "uv_size": [0.75, 1]},
								"west": {"uv": [41, 33], "uv_size": [10, 1]},
								"up": {"uv": [22, 45], "uv_size": [0.75, 10]},
								"down": {"uv": [23, 55], "uv_size": [0.75, -10]}
							}
						},
						{
							"origin": [-2.34048, 28.13995, -3.255],
							"size": [0.91182, 1.17152, 10.01152],
							"inflate": 0.001,
							"pivot": [-1.76555, 28.3008, -9.73863],
							"rotation": [0, 0, 48],
							"uv": {
								"north": {"uv": [30, 59], "uv_size": [0.75, 1]},
								"east": {"uv": [41, 34], "uv_size": [10, 1]},
								"south": {"uv": [31, 59], "uv_size": [0.75, 1]},
								"west": {"uv": [41, 35], "uv_size": [10, 1]},
								"up": {"uv": [24, 45], "uv_size": [0.75, 10]},
								"down": {"uv": [42, 55], "uv_size": [0.75, -10]}
							}
						},
						{
							"origin": [-1.39244, 28.82524, -3.25],
							"size": [2.54365, 0.59104, 10.041],
							"inflate": 0.002,
							"uv": {
								"north": {"uv": [45, 58], "uv_size": [2, 0.5]},
								"east": {"uv": [49, 10], "uv_size": [10, 0.5]},
								"south": {"uv": [58, 46], "uv_size": [2, 0.5]},
								"west": {"uv": [49, 21], "uv_size": [10, 0.5]},
								"up": {"uv": [31, 7], "uv_size": [2, 10]},
								"down": {"uv": [32, 27], "uv_size": [2, -10]}
							}
						},
						{
							"origin": [-1.15244, 25.92524, -17.2473],
							"size": [2.18365, 0.49104, 6.041],
							"inflate": 0.002,
							"uv": {
								"north": {"uv": [19, 56], "uv_size": [1.75, 1]},
								"east": {"uv": [46, 22], "uv_size": [6, 1]},
								"south": {"uv": [25, 56], "uv_size": [1.75, 1]},
								"west": {"uv": [46, 31], "uv_size": [6, 1]},
								"up": {"uv": [41, 19], "uv_size": [1.75, 6]},
								"down": {"uv": [30, 47], "uv_size": [1.75, -6]}
							}
						},
						{
							"origin": [0.1912, 29.4105, 6.12413],
							"size": [0.8736, 0.62, 0.17],
							"uv": {
								"north": {"uv": [60, 58], "uv_size": [0.75, 0.5]},
								"east": {"uv": [37, 61], "uv_size": [0.25, 0.5]},
								"south": {"uv": [59, 60], "uv_size": [0.75, 0.5]},
								"west": {"uv": [38, 61], "uv_size": [0.25, 0.5]},
								"up": {"uv": [61, 31], "uv_size": [0.75, 0.25]},
								"down": {"uv": [61, 32.25], "uv_size": [0.75, -0.25]}
							}
						},
						{
							"origin": [-1.2488, 29.4105, 6.12413],
							"size": [0.8736, 0.62, 0.17],
							"uv": {
								"north": {"uv": [61, 14], "uv_size": [0.75, 0.5]},
								"east": {"uv": [45, 61], "uv_size": [0.25, 0.5]},
								"south": {"uv": [61, 16], "uv_size": [0.75, 0.5]},
								"west": {"uv": [61, 45], "uv_size": [0.25, 0.5]},
								"up": {"uv": [61, 35], "uv_size": [0.75, 0.25]},
								"down": {"uv": [36, 61.25], "uv_size": [0.75, -0.25]}
							}
						},
						{
							"origin": [-1.2464, 29.4105, 5.92],
							"size": [2.3136, 0.32, 0.37],
							"uv": {
								"north": {"uv": [47, 58], "uv_size": [2, 0.5]},
								"east": {"uv": [41, 61], "uv_size": [0.25, 0.5]},
								"south": {"uv": [58, 47], "uv_size": [2, 0.5]},
								"west": {"uv": [61, 42], "uv_size": [0.25, 0.5]},
								"up": {"uv": [57, 60], "uv_size": [2, 0.25]},
								"down": {"uv": [60, 57.25], "uv_size": [2, -0.25]}
							}
						},
						{
							"origin": [-1.5872, 26.6645, 2.34613],
							"size": [2.9184, 1.064, 4.408],
							"uv": {
								"north": {"uv": [43, 54], "uv_size": [2.5, 1]},
								"east": {"uv": [49, 30], "uv_size": [4.5, 1]},
								"south": {"uv": [54, 45], "uv_size": [2.5, 1]},
								"west": {"uv": [49, 45], "uv_size": [4.5, 1]},
								"up": {"uv": [38, 32], "uv_size": [2.5, 4.5]},
								"down": {"uv": [38, 41.5], "uv_size": [2.5, -4.5]}
							}
						},
						{
							"origin": [-1.39239, 27.07386, 5.70084],
							"size": [2.5436, 1.35904, 1.99904],
							"inflate": 0.002,
							"pivot": [-0.20723, 27.75338, 7.30036],
							"rotation": [-50, 0, 0],
							"uv": {
								"north": {"uv": [0, 55], "uv_size": [2, 1.25]},
								"east": {"uv": [11, 55], "uv_size": [2, 1.25]},
								"south": {"uv": [55, 11], "uv_size": [2, 1.25]},
								"west": {"uv": [13, 55], "uv_size": [2, 1.25]},
								"up": {"uv": [29, 10], "uv_size": [2, 2]},
								"down": {"uv": [11, 53], "uv_size": [2, -2]}
							}
						},
						{
							"origin": [-1.53879, 23.28564, 6.46945],
							"size": [2.81, 2.95904, 2.09904],
							"inflate": 0.002,
							"pivot": [-0.55381, 24.26516, -1.03103],
							"rotation": [10, 0, 0],
							"uv": {
								"north": {"uv": [3, 42], "uv_size": [3, 3]},
								"east": {"uv": [47, 45], "uv_size": [2, 3]},
								"south": {"uv": [6, 42], "uv_size": [3, 3]},
								"west": {"uv": [48, 3], "uv_size": [2, 3]},
								"up": {"uv": [23, 10], "uv_size": [3, 2]},
								"down": {"uv": [26, 12], "uv_size": [3, -2]}
							}
						},
						{
							"origin": [-2.2712, 25.2205, -14.70927],
							"size": [1.152, 2.4, 11.452],
							"uv": {
								"north": {"uv": [18, 27], "uv_size": [1, 2.5]},
								"east": {"uv": [19, 12], "uv_size": [11.5, 2.5]},
								"south": {"uv": [30, 7], "uv_size": [1, 2.5]},
								"west": {"uv": [19, 15], "uv_size": [11.5, 2.5]},
								"up": {"uv": [28, 37], "uv_size": [1, 11.5]},
								"down": {"uv": [37, 43.5], "uv_size": [1, -11.5]}
							}
						},
						{
							"origin": [-2.2712, 25.2205, -3.25027],
							"size": [1.152, 3.4, 10.012],
							"uv": {
								"north": {"uv": [9, 15], "uv_size": [1, 3.5]},
								"east": {"uv": [10, 0], "uv_size": [10, 3.5]},
								"south": {"uv": [9, 19], "uv_size": [1, 3.5]},
								"west": {"uv": [10, 4], "uv_size": [10, 3.5]},
								"up": {"uv": [33, 7], "uv_size": [1, 10]},
								"down": {"uv": [27, 51], "uv_size": [1, -10]}
							}
						},
						{
							"origin": [0.8488, 25.2205, -3.25027],
							"size": [1.152, 3.4, 10.012],
							"uv": {
								"north": {"uv": [18, 23], "uv_size": [1, 3.5]},
								"east": {"uv": [10, 8], "uv_size": [10, 3.5]},
								"south": {"uv": [31, 17], "uv_size": [1, 3.5]},
								"west": {"uv": [0, 11], "uv_size": [10, 3.5]},
								"up": {"uv": [32, 41], "uv_size": [1, 10]},
								"down": {"uv": [41, 46], "uv_size": [1, -10]}
							}
						},
						{
							"origin": [0.8488, 25.2205, -14.70927],
							"size": [1.152, 2.4, 11.452],
							"uv": {
								"north": {"uv": [22, 55], "uv_size": [1, 2.5]},
								"east": {"uv": [19, 18], "uv_size": [11.5, 2.5]},
								"south": {"uv": [23, 55], "uv_size": [1, 2.5]},
								"west": {"uv": [20, 0], "uv_size": [11.5, 2.5]},
								"up": {"uv": [33, 37], "uv_size": [1, 11.5]},
								"down": {"uv": [34, 48.5], "uv_size": [1, -11.5]}
							}
						},
						{
							"origin": [-1.63049, 27.27848, -17.38],
							"size": [0.77646, 0.77172, 14.15172],
							"inflate": -0.002,
							"pivot": [-0.01252, 27.57917, -7.10533],
							"rotation": [0, 0, -46],
							"uv": {
								"north": {"uv": [60, 45], "uv_size": [0.75, 0.75]},
								"east": {"uv": [40, 13], "uv_size": [14.25, 0.75]},
								"south": {"uv": [46, 60], "uv_size": [0.75, 0.75]},
								"west": {"uv": [40, 14], "uv_size": [14.25, 0.75]},
								"up": {"uv": [18, 41], "uv_size": [0.75, 14.25]},
								"down": {"uv": [19, 55.25], "uv_size": [0.75, -14.25]}
							}
						},
						{
							"origin": [-0.91821, 26.21125, -17.37837],
							"size": [1.57194, 0.56828, 14.14828],
							"inflate": 0.002,
							"uv": {
								"north": {"uv": [60, 15], "uv_size": [1.25, 0.5]},
								"east": {"uv": [45, 6], "uv_size": [14.25, 0.5]},
								"south": {"uv": [20, 60], "uv_size": [1.25, 0.5]},
								"west": {"uv": [45, 36], "uv_size": [14.25, 0.5]},
								"up": {"uv": [34, 7], "uv_size": [1.25, 14.25]},
								"down": {"uv": [9, 48.25], "uv_size": [1.25, -14.25]}
							}
						},
						{
							"origin": [0.58954, 27.27848, -17.38],
							"size": [0.77646, 0.77172, 14.15172],
							"inflate": -0.002,
							"pivot": [-0.25196, 27.57917, -7.10533],
							"rotation": [0, 0, 46],
							"uv": {
								"north": {"uv": [60, 44], "uv_size": [0.75, 0.75]},
								"east": {"uv": [40, 11], "uv_size": [14.25, 0.75]},
								"south": {"uv": [45, 60], "uv_size": [0.75, 0.75]},
								"west": {"uv": [40, 12], "uv_size": [14.25, 0.75]},
								"up": {"uv": [35, 37], "uv_size": [0.75, 14.25]},
								"down": {"uv": [36, 51.25], "uv_size": [0.75, -14.25]}
							}
						},
						{
							"origin": [0.54811, 26.77309, -17.38037],
							"size": [0.684, 1.46, 14.15],
							"uv": {
								"north": {"uv": [16, 60], "uv_size": [0.5, 1.25]},
								"east": {"uv": [32, 27], "uv_size": [14.25, 1.25]},
								"south": {"uv": [18, 60], "uv_size": [0.5, 1.25]},
								"west": {"uv": [32, 29], "uv_size": [14.25, 1.25]},
								"up": {"uv": [40, 46], "uv_size": [0.5, 14.25]},
								"down": {"uv": [41, 60.25], "uv_size": [0.5, -14.25]}
							}
						},
						{
							"origin": [-1.172, 27.1865, -3.20387],
							"size": [1.824, 1.42, 0.22],
							"uv": {
								"north": {"uv": [42, 55], "uv_size": [1.5, 1.5]},
								"east": {"uv": [0, 61], "uv_size": [0.25, 1.5]},
								"south": {"uv": [55, 43], "uv_size": [1.5, 1.5]},
								"west": {"uv": [61, 0], "uv_size": [0.25, 1.5]},
								"up": {"uv": [1, 61], "uv_size": [1.5, 0.25]},
								"down": {"uv": [61, 2.25], "uv_size": [1.5, -0.25]}
							}
						},
						{
							"origin": [-1.49659, 26.77309, -17.38037],
							"size": [0.684, 1.46, 14.15],
							"uv": {
								"north": {"uv": [14, 60], "uv_size": [0.5, 1.25]},
								"east": {"uv": [32, 0], "uv_size": [14.25, 1.25]},
								"south": {"uv": [15, 60], "uv_size": [0.5, 1.25]},
								"west": {"uv": [22, 32], "uv_size": [14.25, 1.25]},
								"up": {"uv": [38, 46], "uv_size": [0.5, 14.25]},
								"down": {"uv": [39, 60.25], "uv_size": [0.5, -14.25]}
							}
						},
						{
							"origin": [-0.7104, 23.67829, 8.37079],
							"size": [1.13, 0.85904, 2.29904],
							"inflate": 0.002,
							"pivot": [-0.08542, 24.25781, -1.02969],
							"rotation": [10, 0, 0],
							"uv": {
								"north": {"uv": [37, 59], "uv_size": [1, 0.75]},
								"east": {"uv": [32, 56], "uv_size": [2.25, 0.75]},
								"south": {"uv": [42, 59], "uv_size": [1, 0.75]},
								"west": {"uv": [35, 56], "uv_size": [2.25, 0.75]},
								"up": {"uv": [44, 55], "uv_size": [1, 2.25]},
								"down": {"uv": [45, 57.25], "uv_size": [1, -2.25]}
							}
						},
						{
							"origin": [-0.4692, 25.96426, 7.88453],
							"size": [0.65, 0.55904, 2.29904],
							"inflate": 0.002,
							"pivot": [-0.1454, 25.64378, 9.13405],
							"rotation": [22, 0, 0],
							"uv": {
								"north": {"uv": [22, 61], "uv_size": [0.5, 0.5]},
								"east": {"uv": [58, 29], "uv_size": [2.25, 0.5]},
								"south": {"uv": [61, 22], "uv_size": [0.5, 0.5]},
								"west": {"uv": [58, 30], "uv_size": [2.25, 0.5]},
								"up": {"uv": [49, 57], "uv_size": [0.5, 2.25]},
								"down": {"uv": [2, 60.25], "uv_size": [0.5, -2.25]}
							}
						}
					]
				},
				{
					"name": "bone",
					"parent": "gun",
					"pivot": [1.1944, 24.0805, -3.53787]
				},
				{
					"name": "trigger",
					"parent": "gun",
					"pivot": [-0.128, 23.78021, -1.0112],
					"rotation": [-1, 0, 0],
					"cubes": [
						{
							"origin": [-0.6552, 22.26687, -1.26394],
							"size": [1.0544, 1.488, 0.708],
							"inflate": -0.1,
							"pivot": [-0.128, 23.81653, -1.01456],
							"rotation": [-6, 0, 0],
							"uv": {
								"north": {"uv": [56, 56], "uv_size": [1, 1.5]},
								"east": {"uv": [26, 57], "uv_size": [0.75, 1.5]},
								"south": {"uv": [0, 57], "uv_size": [1, 1.5]},
								"west": {"uv": [28, 57], "uv_size": [0.75, 1.5]},
								"up": {"uv": [32, 59], "uv_size": [1, 0.75]},
								"down": {"uv": [59, 32.75], "uv_size": [1, -0.75]}
							}
						},
						{
							"origin": [-0.6492, 21.66918, -1.17339],
							"size": [1.0544, 1.488, 0.708],
							"inflate": -0.1,
							"pivot": [-0.128, 23.20551, -2.18663],
							"rotation": [-27, 0, 0],
							"uv": {
								"north": {"uv": [1, 57], "uv_size": [1, 1.5]},
								"east": {"uv": [18, 58], "uv_size": [0.75, 1.5]},
								"south": {"uv": [3, 57], "uv_size": [1, 1.5]},
								"west": {"uv": [23, 58], "uv_size": [0.75, 1.5]},
								"up": {"uv": [53, 59], "uv_size": [1, 0.75]},
								"down": {"uv": [54, 59.75], "uv_size": [1, -0.75]}
							}
						}
					]
				},
				{
					"name": "magazine",
					"parent": "main",
					"pivot": [0.7, 10.05, -3.95],
					"cubes": [
						{
							"origin": [-0.8175, 13.86409, 0.53428],
							"size": [2.07, 10.35, 2.553],
							"pivot": [-0.3, 21.50584, 1.96603],
							"rotation": [18, 0, 0],
							"uv": {
								"north": {"uv": [28, 21], "uv_size": [2, 10.25]},
								"east": {"uv": [22, 21], "uv_size": [2.5, 10.25]},
								"south": {"uv": [18, 30], "uv_size": [2, 10.25]},
								"west": {"uv": [9, 23], "uv_size": [2.5, 10.25]},
								"up": {"uv": [49, 27], "uv_size": [2, 2.5]},
								"down": {"uv": [33, 51.5], "uv_size": [2, -2.5]}
							}
						},
						{
							"origin": [-1.16219, 13.8644, 0.53459],
							"size": [0.68938, 10.34938, 2.55238],
							"inflate": 0.001,
							"pivot": [-0.3, 21.50584, 1.96603],
							"rotation": [18, 0, 0],
							"uv": {
								"north": {"uv": [37, 44], "uv_size": [0.75, 10.25]},
								"east": {"uv": [12, 23], "uv_size": [2.5, 10.25]},
								"south": {"uv": [3, 45], "uv_size": [0.75, 10.25]},
								"west": {"uv": [15, 23], "uv_size": [2.5, 10.25]},
								"up": {"uv": [6, 56], "uv_size": [0.75, 2.5]},
								"down": {"uv": [7, 58.5], "uv_size": [0.75, -2.5]}
							}
						}
					]
				},
				{
					"name": "bullet",
					"parent": "magazine",
					"pivot": [0.05, 24.7, -9.4],
					"cubes": [
						{
							"origin": [-1.24154, 23.6123, 0.97578],
							"size": [0.566, 0.566, 1.739],
							"inflate": 0.2,
							"pivot": [-0.3, 21.50584, 1.96603],
							"rotation": [16.87458, -6.35808, 20.05594],
							"uv": {
								"north": {"uv": [17, 61], "uv_size": [0.5, 0.5]},
								"east": {"uv": [9, 59], "uv_size": [1.75, 0.5]},
								"south": {"uv": [61, 17], "uv_size": [0.5, 0.5]},
								"west": {"uv": [59, 10], "uv_size": [1.75, 0.5]},
								"up": {"uv": [11, 59], "uv_size": [0.5, 1.75]},
								"down": {"uv": [12, 60.75], "uv_size": [0.5, -1.75]}
							}
						}
					]
				},
				{
					"name": "magazine2",
					"parent": "main",
					"pivot": [0.7, 10.05, -3.95],
					"cubes": [
						{
							"origin": [-0.8299, 13.8484, 0.55079],
							"size": [2.07, 10.35, 2.553],
							"pivot": [-0.3124, 21.49015, 1.98254],
							"rotation": [18, 0, 0],
							"uv": {
								"north": {"uv": [20, 30], "uv_size": [2, 10.25]},
								"east": {"uv": [25, 21], "uv_size": [2.5, 10.25]},
								"south": {"uv": [30, 21], "uv_size": [2, 10.25]},
								"west": {"uv": [0, 26], "uv_size": [2.5, 10.25]},
								"up": {"uv": [49, 39], "uv_size": [2, 2.5]},
								"down": {"uv": [49, 44.5], "uv_size": [2, -2.5]}
							}
						},
						{
							"origin": [-1.17459, 13.84871, 0.5511],
							"size": [0.68938, 10.34938, 2.55238],
							"inflate": 0.001,
							"pivot": [-0.3124, 21.49015, 1.98254],
							"rotation": [18, 0, 0],
							"uv": {
								"north": {"uv": [4, 45], "uv_size": [0.75, 10.25]},
								"east": {"uv": [3, 26], "uv_size": [2.5, 10.25]},
								"south": {"uv": [5, 45], "uv_size": [0.75, 10.25]},
								"west": {"uv": [6, 26], "uv_size": [2.5, 10.25]},
								"up": {"uv": [8, 56], "uv_size": [0.75, 2.5]},
								"down": {"uv": [56, 15.5], "uv_size": [0.75, -2.5]}
							}
						}
					]
				},
				{
					"name": "bullet2",
					"parent": "magazine2",
					"pivot": [-0.3624, 30.08431, -17.1835],
					"cubes": [
						{
							"origin": [-1.25394, 23.59661, 0.99229],
							"size": [0.566, 0.566, 1.739],
							"inflate": 0.2,
							"pivot": [-0.3124, 21.49015, 1.98254],
							"rotation": [16.87458, -6.35808, 20.05594],
							"uv": {
								"north": {"uv": [61, 18], "uv_size": [0.5, 0.5]},
								"east": {"uv": [13, 59], "uv_size": [1.75, 0.5]},
								"south": {"uv": [19, 61], "uv_size": [0.5, 0.5]},
								"west": {"uv": [15, 59], "uv_size": [1.75, 0.5]},
								"up": {"uv": [17, 59], "uv_size": [0.5, 1.75]},
								"down": {"uv": [19, 60.75], "uv_size": [0.5, -1.75]}
							}
						}
					]
				},
				{
					"name": "rightarm",
					"parent": "main",
					"pivot": [-5.2, 15.5, 25.8],
					"rotation": [-101.81106, -12.40003, -2.46982],
					"cubes": [
						{
							"origin": [-9.2, -8.5, 21.8],
							"size": [8, 24, 8],
							"uv": {
								"north": {"uv": [8.73563, 7.44828], "uv_size": [4, 12]},
								"east": {"uv": [5.7931, 7.44828], "uv_size": [8, 24]},
								"south": {"uv": [14.62069, 7.44828], "uv_size": [4, 12]},
								"west": {"uv": [11.67816, 7.44828], "uv_size": [4, 12]},
								"up": {"uv": [8.73563, 4.50575], "uv_size": [4, 4]},
								"down": {"uv": [4.44138, 25.03908], "uv_size": [-4, -4]}
							}
						}
					]
				},
				{
					"name": "leftarm",
					"parent": "main",
					"pivot": [10.7, 15.3, 12.4],
					"rotation": [-119.61483, 1.67666, -38.31282],
					"cubes": [
						{
							"origin": [3.82256, -0.95844, 5.99404],
							"size": [8, 24, 8],
							"uv": {
								"north": {"uv": [8.64368, 6.16092], "uv_size": [4, 12]},
								"east": {"uv": [5.70115, 6.16092], "uv_size": [8, 24]},
								"south": {"uv": [14.52874, 6.16092], "uv_size": [4, 12]},
								"west": {"uv": [11.58621, 6.16092], "uv_size": [4, 12]},
								"up": {"uv": [8.64368, 3.21839], "uv_size": [4, 4]},
								"down": {"uv": [4, 30.85277], "uv_size": [-4, -4]}
							}
						}
					]
				},
				{
					"name": "muzzleflash",
					"parent": "main",
					"pivot": [0, 27.55, -17.75],
					"cubes": [
						{
							"origin": [-0.5, 27.05, -18.25],
							"size": [1, 1, 1],
							"inflate": -0.4,
							"uv": {
								"north": {"uv": [46, 52], "uv_size": [1, 1]},
								"east": {"uv": [32, 58], "uv_size": [1, 1]},
								"south": {"uv": [58, 32], "uv_size": [1, 1]},
								"west": {"uv": [33, 58], "uv_size": [1, 1]},
								"up": {"uv": [58, 33], "uv_size": [1, 1]},
								"down": {"uv": [34, 59], "uv_size": [1, -1]}
							}
						}
					]
				},
				{
					"name": "scope",
					"parent": "main",
					"pivot": [-0.075, 29.95, 17.5],
					"cubes": [
						{
							"origin": [-0.575, 29.45, 17],
							"size": [1, 1, 1],
							"inflate": -0.4,
							"uv": {
								"north": {"uv": [35, 58], "uv_size": [1, 1]},
								"east": {"uv": [36, 58], "uv_size": [1, 1]},
								"south": {"uv": [37, 58], "uv_size": [1, 1]},
								"west": {"uv": [42, 58], "uv_size": [1, 1]},
								"up": {"uv": [43, 58], "uv_size": [1, 1]},
								"down": {"uv": [44, 59], "uv_size": [1, -1]}
							}
						}
					]
				}
			]
		}
	]
}