{
	"format_version": "1.12.0",
	"minecraft:geometry": [
		{
			"description": {
				"identifier": "geometry.unknown",
				"texture_width": 64,
				"texture_height": 64,
				"visible_bounds_width": 8,
				"visible_bounds_height": 4,
				"visible_bounds_offset": [0, 1, 0]
			},
			"bones": [
				{
					"name": "main",
					"pivot": [0, 23.3, 6.3]
				},
				{
					"name": "gun",
					"parent": "main",
					"pivot": [0.784, 16.3665, 3.41613],
					"cubes": [
						{
							"origin": [-1.41236, 16.9223, 0.59089],
							"size": [2.84, 8.956, 4.42],
							"pivot": [0.00764, 20.3503, 3.25089],
							"rotation": [17.08474, 0, 0],
							"uv": {
								"north": {"uv": [12, 17], "uv_size": [2.75, 9]},
								"east": {"uv": [0, 0], "uv_size": [4, 9]},
								"south": {"uv": [15, 17], "uv_size": [2.75, 9]},
								"west": {"uv": [4, 0], "uv_size": [4, 9]},
								"up": {"uv": [27, 6], "uv_size": [2.75, 4]},
								"down": {"uv": [8, 32], "uv_size": [2.75, -4]}
							}
						},
						{
							"origin": [-1.448, 20.30531, -4.96406],
							"size": [2.988, 4.084, 0.608],
							"inflate": -0.1,
							"uv": {
								"north": {"uv": [26, 22], "uv_size": [3, 4]},
								"east": {"uv": [2, 39], "uv_size": [0.5, 4]},
								"south": {"uv": [26, 26], "uv_size": [3, 4]},
								"west": {"uv": [12, 39], "uv_size": [0.5, 4]},
								"up": {"uv": [40, 8], "uv_size": [3, 0.5]},
								"down": {"uv": [40, 11.5], "uv_size": [3, -0.5]}
							}
						},
						{
							"origin": [-1.443, 21.28607, -4.91345],
							"size": [2.988, 0.784, 0.408],
							"inflate": -0.1,
							"pivot": [0.046, 21.42807, -3.40945],
							"rotation": [45, 0, 0],
							"uv": {
								"north": {"uv": [39, 3], "uv_size": [3, 0.75]},
								"east": {"uv": [43, 29], "uv_size": [0.5, 0.75]},
								"south": {"uv": [39, 6], "uv_size": [3, 0.75]},
								"west": {"uv": [30, 43], "uv_size": [0.5, 0.75]},
								"up": {"uv": [23, 40], "uv_size": [3, 0.5]},
								"down": {"uv": [40, 27.5], "uv_size": [3, -0.5]}
							}
						},
						{
							"origin": [-1.527, 23.46242, -4.63877],
							"size": [3.102, 1.888, 1.008],
							"inflate": -0.1,
							"pivot": [0.024, 24.32642, -4.63477],
							"rotation": [-55, 0, 0],
							"uv": {
								"north": {"uv": [32, 26], "uv_size": [3, 2]},
								"east": {"uv": [10, 32], "uv_size": [1, 2]},
								"south": {"uv": [32, 28], "uv_size": [3, 2]},
								"west": {"uv": [13, 39], "uv_size": [1, 2]},
								"up": {"uv": [36, 32], "uv_size": [3, 1]},
								"down": {"uv": [37, 28], "uv_size": [3, -1]}
							}
						},
						{
							"origin": [-1.4428, 20.29531, -4.56606],
							"size": [2.9928, 0.4128, 4.5888],
							"inflate": -0.11,
							"uv": {
								"north": {"uv": [39, 36], "uv_size": [3, 0.5]},
								"east": {"uv": [38, 30], "uv_size": [4.5, 0.5]},
								"south": {"uv": [40, 2], "uv_size": [3, 0.5]},
								"west": {"uv": [38, 31], "uv_size": [4.5, 0.5]},
								"up": {"uv": [24, 6], "uv_size": [3, 4.5]},
								"down": {"uv": [25, 15.5], "uv_size": [3, -4.5]}
							}
						},
						{
							"origin": [-1.5124, 23.59651, -8.28259],
							"size": [3.04, 1.43904, 8.19904],
							"inflate": 0.002,
							"uv": {
								"north": {"uv": [35, 4], "uv_size": [3, 1.5]},
								"east": {"uv": [12, 26], "uv_size": [8.25, 1.5]},
								"south": {"uv": [35, 20], "uv_size": [3, 1.5]},
								"west": {"uv": [26, 20], "uv_size": [8.25, 1.5]},
								"up": {"uv": [18, 17], "uv_size": [3, 8.25]},
								"down": {"uv": [0, 28.25], "uv_size": [3, -8.25]}
							}
						},
						{
							"origin": [-1.33552, 22.11022, -1.95079],
							"size": [2.71904, 0.91104, 2.06704],
							"inflate": 0.002,
							"pivot": [0.024, 21.56574, -0.81727],
							"rotation": [-104.5, -0.1, 0],
							"uv": {
								"north": {"uv": [38, 4], "uv_size": [2.75, 1]},
								"east": {"uv": [14, 31], "uv_size": [2, 1]},
								"south": {"uv": [38, 5], "uv_size": [2.75, 1]},
								"west": {"uv": [39, 10], "uv_size": [2, 1]},
								"up": {"uv": [5, 34], "uv_size": [2.75, 2]},
								"down": {"uv": [10, 36], "uv_size": [2.75, -2]}
							}
						},
						{
							"origin": [-1.33552, 18.70868, -2.26143],
							"size": [2.71904, 0.81104, 3.36704],
							"inflate": 0.002,
							"pivot": [0.024, 19.8642, 0.27209],
							"rotation": [160.5, 0.2, 0],
							"uv": {
								"north": {"uv": [39, 7], "uv_size": [2.75, 0.75]},
								"east": {"uv": [38, 22], "uv_size": [3.25, 0.75]},
								"south": {"uv": [9, 39], "uv_size": [2.75, 0.75]},
								"west": {"uv": [38, 23], "uv_size": [3.25, 0.75]},
								"up": {"uv": [29, 22], "uv_size": [2.75, 3.25]},
								"down": {"uv": [29, 29.25], "uv_size": [2.75, -3.25]}
							}
						}
					]
				},
				{
					"name": "bulletejec",
					"parent": "gun",
					"pivot": [0.03015, 27.67076, -4.62777],
					"cubes": [
						{
							"origin": [-1.02937, 26.22524, -4.34827],
							"size": [2.01904, 1.69104, 2.741],
							"inflate": 0.002,
							"uv": {
								"north": {"uv": [36, 30], "uv_size": [2, 1.75]},
								"east": {"uv": [35, 0], "uv_size": [2.75, 1.75]},
								"south": {"uv": [9, 37], "uv_size": [2, 1.75]},
								"west": {"uv": [35, 2], "uv_size": [2.75, 1.75]},
								"up": {"uv": [13, 34], "uv_size": [2, 2.75]},
								"down": {"uv": [34, 15.75], "uv_size": [2, -2.75]}
							}
						}
					]
				},
				{
					"name": "slide",
					"parent": "gun",
					"pivot": [-1.002, 27.1205, -13.64587],
					"cubes": [
						{
							"origin": [-2.09265, 24.01675, -8.3518],
							"size": [0.96096, 1.06496, 12.757],
							"inflate": -0.002,
							"pivot": [-2.09217, 25.53723, -11.25939],
							"rotation": [0, 0, -46],
							"uv": {
								"north": {"uv": [27, 10], "uv_size": [1, 1]},
								"east": {"uv": [25, 16], "uv_size": [12.75, 1]},
								"south": {"uv": [5, 33], "uv_size": [1, 1]},
								"west": {"uv": [25, 17], "uv_size": [12.75, 1]},
								"up": {"uv": [5, 20], "uv_size": [1, 12.75]},
								"down": {"uv": [25, 30.75], "uv_size": [1, -12.75]}
							}
						},
						{
							"origin": [0.78501, 24.59178, -8.3518],
							"size": [0.76096, 1.06496, 12.757],
							"inflate": -0.002,
							"pivot": [1.16549, 25.12426, -2.3733],
							"rotation": [0, 0, 46],
							"uv": {
								"north": {"uv": [42, 3], "uv_size": [0.75, 1]},
								"east": {"uv": [26, 18], "uv_size": [12.75, 1]},
								"south": {"uv": [42, 4], "uv_size": [0.75, 1]},
								"west": {"uv": [26, 19], "uv_size": [12.75, 1]},
								"up": {"uv": [22, 28], "uv_size": [0.75, 12.75]},
								"down": {"uv": [0, 41.75], "uv_size": [0.75, -12.75]}
							}
						},
						{
							"origin": [0.58812, 27.22885, -1.54927],
							"size": [0.95952, 1.07152, 6.01152],
							"inflate": 0.001,
							"pivot": [1.16788, 27.76461, -2.34351],
							"rotation": [0, 0, -42],
							"uv": {
								"north": {"uv": [34, 25], "uv_size": [1, 1]},
								"east": {"uv": [28, 15], "uv_size": [6, 1]},
								"south": {"uv": [36, 24], "uv_size": [1, 1]},
								"west": {"uv": [33, 6], "uv_size": [6, 1]},
								"up": {"uv": [21, 0], "uv_size": [1, 6]},
								"down": {"uv": [22, 17], "uv_size": [1, -6]}
							}
						},
						{
							"origin": [0.58812, 27.22885, -8.32879],
							"size": [0.95952, 1.07152, 4.11152],
							"inflate": 0.001,
							"pivot": [1.16788, 27.76461, -2.32303],
							"rotation": [0, 0, -42],
							"uv": {
								"north": {"uv": [33, 41], "uv_size": [1, 1]},
								"east": {"uv": [36, 8], "uv_size": [4, 1]},
								"south": {"uv": [34, 41], "uv_size": [1, 1]},
								"west": {"uv": [9, 36], "uv_size": [4, 1]},
								"up": {"uv": [36, 34], "uv_size": [1, 4]},
								"down": {"uv": [4, 41], "uv_size": [1, -4]}
							}
						},
						{
							"origin": [-1.78327, 27.24268, -1.54927],
							"size": [0.75952, 1.07152, 6.01152],
							"inflate": 0.001,
							"pivot": [-1.30433, 27.40353, -9.73711],
							"rotation": [0, 0, 43],
							"uv": {
								"north": {"uv": [42, 9], "uv_size": [0.75, 1]},
								"east": {"uv": [33, 7], "uv_size": [6, 1]},
								"south": {"uv": [10, 42], "uv_size": [0.75, 1]},
								"west": {"uv": [33, 10], "uv_size": [6, 1]},
								"up": {"uv": [21, 34], "uv_size": [0.75, 6]},
								"down": {"uv": [33, 41], "uv_size": [0.75, -6]}
							}
						},
						{
							"origin": [-1.02937, 27.82524, -1.54827],
							"size": [2.11904, 0.59104, 6.041],
							"inflate": 0.002,
							"uv": {
								"north": {"uv": [24, 41], "uv_size": [2, 0.5]},
								"east": {"uv": [36, 9], "uv_size": [6, 0.5]},
								"south": {"uv": [27, 41], "uv_size": [2, 0.5]},
								"west": {"uv": [36, 15], "uv_size": [6, 0.5]},
								"up": {"uv": [6, 9], "uv_size": [2, 6]},
								"down": {"uv": [6, 34], "uv_size": [2, -6]}
							}
						},
						{
							"origin": [-1.02937, 27.62524, -8.34827],
							"size": [2.11904, 0.79104, 4.12],
							"inflate": 0.002,
							"uv": {
								"north": {"uv": [40, 29], "uv_size": [2, 0.75]},
								"east": {"uv": [37, 28], "uv_size": [4, 0.75]},
								"south": {"uv": [40, 33], "uv_size": [2, 0.75]},
								"west": {"uv": [37, 37], "uv_size": [4, 0.75]},
								"up": {"uv": [1, 29], "uv_size": [2, 4]},
								"down": {"uv": [26, 34], "uv_size": [2, -4]}
							}
						},
						{
							"origin": [-1.50094, 27.20961, -8.3518],
							"size": [0.75952, 1.07152, 4.141],
							"inflate": 0.001,
							"pivot": [-1.12118, 27.74537, -7.8313],
							"rotation": [0, 0, 43],
							"uv": {
								"north": {"uv": [14, 42], "uv_size": [0.75, 1]},
								"east": {"uv": [35, 29], "uv_size": [4.25, 1]},
								"south": {"uv": [15, 42], "uv_size": [0.75, 1]},
								"west": {"uv": [35, 33], "uv_size": [4.25, 1]},
								"up": {"uv": [14, 37], "uv_size": [0.75, 4.25]},
								"down": {"uv": [19, 41.25], "uv_size": [0.75, -4.25]}
							}
						},
						{
							"origin": [-1.07423, 24.4855, -8.35],
							"size": [2.11904, 1.79104, 0.5],
							"inflate": 0.002,
							"uv": {
								"north": {"uv": [36, 13], "uv_size": [2, 1.75]},
								"east": {"uv": [1, 42], "uv_size": [0.5, 1.75]},
								"south": {"uv": [36, 22], "uv_size": [2, 1.75]},
								"west": {"uv": [3, 42], "uv_size": [0.5, 1.75]},
								"up": {"uv": [41, 28], "uv_size": [2, 0.5]},
								"down": {"uv": [29, 41.5], "uv_size": [2, -0.5]}
							}
						},
						{
							"origin": [-0.765, 27.93207, 3.17],
							"size": [1.6, 0.725, 1.112],
							"uv": {
								"north": {"uv": [40, 40], "uv_size": [1.5, 0.75]},
								"east": {"uv": [5, 42], "uv_size": [1, 0.75]},
								"south": {"uv": [41, 0], "uv_size": [1.5, 0.75]},
								"west": {"uv": [42, 5], "uv_size": [1, 0.75]},
								"up": {"uv": [10, 40], "uv_size": [1.5, 1]},
								"down": {"uv": [40, 13], "uv_size": [1.5, -1]}
							}
						},
						{
							"origin": [-1.086, 28.05107, 3.46366],
							"size": [1.042, 0.484, 0.812],
							"pivot": [-0.565, 28.34307, 3.86966],
							"rotation": [0, 0, -90],
							"uv": {
								"north": {"uv": [30, 42], "uv_size": [1, 0.5]},
								"east": {"uv": [23, 43], "uv_size": [0.75, 0.5]},
								"south": {"uv": [33, 42], "uv_size": [1, 0.5]},
								"west": {"uv": [24, 43], "uv_size": [0.75, 0.5]},
								"up": {"uv": [19, 42], "uv_size": [1, 0.75]},
								"down": {"uv": [21, 42.75], "uv_size": [1, -0.75]}
							}
						},
						{
							"origin": [-0.786, 28.14181, 3.22662],
							"size": [0.442, 0.484, 0.812],
							"pivot": [-0.565, 28.43381, 3.63262],
							"rotation": [-180, 40, 90],
							"uv": {
								"north": {"uv": [43, 33], "uv_size": [0.5, 0.5]},
								"east": {"uv": [43, 24], "uv_size": [0.75, 0.5]},
								"south": {"uv": [34, 43], "uv_size": [0.5, 0.5]},
								"west": {"uv": [25, 43], "uv_size": [0.75, 0.5]},
								"up": {"uv": [43, 25], "uv_size": [0.5, 0.75]},
								"down": {"uv": [26, 43.75], "uv_size": [0.5, -0.75]}
							}
						},
						{
							"origin": [0.414, 28.24181, 3.22662],
							"size": [0.442, 0.484, 0.812],
							"pivot": [0.635, 28.43381, 3.63262],
							"rotation": [-180, 40, 90],
							"uv": {
								"north": {"uv": [43, 34], "uv_size": [0.5, 0.5]},
								"east": {"uv": [43, 27], "uv_size": [0.75, 0.5]},
								"south": {"uv": [35, 43], "uv_size": [0.5, 0.5]},
								"west": {"uv": [28, 43], "uv_size": [0.75, 0.5]},
								"up": {"uv": [43, 28], "uv_size": [0.5, 0.75]},
								"down": {"uv": [29, 43.75], "uv_size": [0.5, -0.75]}
							}
						},
						{
							"origin": [0.114, 28.15107, 3.46366],
							"size": [1.042, 0.484, 0.812],
							"pivot": [0.635, 28.34307, 3.86966],
							"rotation": [0, 0, -90],
							"uv": {
								"north": {"uv": [42, 33], "uv_size": [1, 0.5]},
								"east": {"uv": [43, 26], "uv_size": [0.75, 0.5]},
								"south": {"uv": [34, 42], "uv_size": [1, 0.5]},
								"west": {"uv": [27, 43], "uv_size": [0.75, 0.5]},
								"up": {"uv": [22, 42], "uv_size": [1, 0.75]},
								"down": {"uv": [42, 22.75], "uv_size": [1, -0.75]}
							}
						},
						{
							"origin": [-0.231, 28.18783, -7.93215],
							"size": [0.542, 0.684, 0.912],
							"pivot": [0.603, 27.91183, -7.62415],
							"rotation": [4, 0, 0],
							"uv": {
								"north": {"uv": [43, 19], "uv_size": [0.5, 0.75]},
								"east": {"uv": [17, 42], "uv_size": [1, 0.75]},
								"south": {"uv": [43, 22], "uv_size": [0.5, 0.75]},
								"west": {"uv": [18, 42], "uv_size": [1, 0.75]},
								"up": {"uv": [29, 42], "uv_size": [0.5, 1]},
								"down": {"uv": [42, 30], "uv_size": [0.5, -1]}
							}
						},
						{
							"origin": [-0.221, 27.97175, -7.39841],
							"size": [0.532, 0.684, 0.512],
							"pivot": [0.613, 27.89575, -7.59041],
							"rotation": [66, 0, 0],
							"uv": {
								"north": {"uv": [42, 41], "uv_size": [0.5, 0.75]},
								"east": {"uv": [42, 42], "uv_size": [0.5, 0.75]},
								"south": {"uv": [43, 0], "uv_size": [0.5, 0.75]},
								"west": {"uv": [43, 1], "uv_size": [0.5, 0.75]},
								"up": {"uv": [43, 32], "uv_size": [0.5, 0.5]},
								"down": {"uv": [33, 43.5], "uv_size": [0.5, -0.5]}
							}
						},
						{
							"origin": [-1.02937, 26.06429, 3.44283],
							"size": [2.119, 2.05904, 3.39904],
							"inflate": 0.002,
							"pivot": [-0.72407, 27.64381, 4.14235],
							"rotation": [-80, 0, 0],
							"uv": {
								"north": {"uv": [6, 15], "uv_size": [2, 2]},
								"east": {"uv": [14, 32], "uv_size": [3.5, 2]},
								"south": {"uv": [7, 36], "uv_size": [2, 2]},
								"west": {"uv": [18, 32], "uv_size": [3.5, 2]},
								"up": {"uv": [8, 32], "uv_size": [2, 3.5]},
								"down": {"uv": [32, 25.5], "uv_size": [2, -3.5]}
							}
						},
						{
							"origin": [-1.762, 25.2205, -8.35027],
							"size": [1.16, 2.4, 4.141],
							"uv": {
								"north": {"uv": [25, 37], "uv_size": [1.25, 2.5]},
								"east": {"uv": [28, 10], "uv_size": [4.25, 2.5]},
								"south": {"uv": [37, 34], "uv_size": [1.25, 2.5]},
								"west": {"uv": [11, 28], "uv_size": [4.25, 2.5]},
								"up": {"uv": [15, 34], "uv_size": [1.25, 4.25]},
								"down": {"uv": [17, 38.25], "uv_size": [1.25, -4.25]}
							}
						},
						{
							"origin": [-1.762, 25.2205, -4.20927],
							"size": [0.96, 1.3, 2.652],
							"uv": {
								"north": {"uv": [40, 38], "uv_size": [1, 1.25]},
								"east": {"uv": [11, 37], "uv_size": [2.75, 1.25]},
								"south": {"uv": [39, 40], "uv_size": [1, 1.25]},
								"west": {"uv": [37, 11], "uv_size": [2.75, 1.25]},
								"up": {"uv": [37, 38], "uv_size": [1, 2.75]},
								"down": {"uv": [38, 40.75], "uv_size": [1, -2.75]}
							}
						},
						{
							"origin": [-1.762, 25.2205, -1.55027],
							"size": [0.96, 2.4, 6.012],
							"uv": {
								"north": {"uv": [39, 0], "uv_size": [1, 2.5]},
								"east": {"uv": [24, 0], "uv_size": [6, 2.5]},
								"south": {"uv": [1, 39], "uv_size": [1, 2.5]},
								"west": {"uv": [24, 3], "uv_size": [6, 2.5]},
								"up": {"uv": [4, 31], "uv_size": [1, 6]},
								"down": {"uv": [25, 37], "uv_size": [1, -6]}
							}
						},
						{
							"origin": [-1.22464, 26.71201, -8.47477],
							"size": [0.64772, 0.57172, 5.45172],
							"inflate": -0.002,
							"pivot": [0.024, 27.0127, -6.90537],
							"rotation": [0, 0, -46],
							"uv": {
								"north": {"uv": [42, 37], "uv_size": [0.75, 0.5]},
								"east": {"uv": [38, 20], "uv_size": [5.5, 0.5]},
								"south": {"uv": [42, 38], "uv_size": [0.75, 0.5]},
								"west": {"uv": [38, 21], "uv_size": [5.5, 0.5]},
								"up": {"uv": [5, 36], "uv_size": [0.75, 5.5]},
								"down": {"uv": [6, 41.5], "uv_size": [0.75, -5.5]}
							}
						},
						{
							"origin": [-0.63417, 25.91125, -8.47837],
							"size": [1.30928, 0.56828, 5.44828],
							"inflate": 0.002,
							"uv": {
								"north": {"uv": [23, 42], "uv_size": [1.25, 0.5]},
								"east": {"uv": [38, 16], "uv_size": [5.5, 0.5]},
								"south": {"uv": [42, 23], "uv_size": [1.25, 0.5]},
								"west": {"uv": [38, 17], "uv_size": [5.5, 0.5]},
								"up": {"uv": [33, 0], "uv_size": [1.25, 5.5]},
								"down": {"uv": [1, 38.5], "uv_size": [1.25, -5.5]}
							}
						},
						{
							"origin": [0.62492, 26.71201, -8.47477],
							"size": [0.64772, 0.57172, 5.45172],
							"inflate": -0.002,
							"pivot": [0.024, 27.0127, -6.90537],
							"rotation": [0, 0, 46],
							"uv": {
								"north": {"uv": [35, 42], "uv_size": [0.75, 0.5]},
								"east": {"uv": [38, 13], "uv_size": [5.5, 0.5]},
								"south": {"uv": [42, 36], "uv_size": [0.75, 0.5]},
								"west": {"uv": [38, 14], "uv_size": [5.5, 0.5]},
								"up": {"uv": [34, 35], "uv_size": [0.75, 5.5]},
								"down": {"uv": [35, 39.5], "uv_size": [0.75, -5.5]}
							}
						},
						{
							"origin": [-0.63417, 27.35525, -8.47837],
							"size": [1.30928, 0.56828, 3.84828],
							"inflate": 0.002,
							"pivot": [0.024, 27.69661, -6.90537],
							"rotation": [0, 0, 180],
							"uv": {
								"north": {"uv": [25, 42], "uv_size": [1.25, 0.5]},
								"east": {"uv": [39, 26], "uv_size": [3.75, 0.5]},
								"south": {"uv": [27, 42], "uv_size": [1.25, 0.5]},
								"west": {"uv": [39, 32], "uv_size": [3.75, 0.5]},
								"up": {"uv": [35, 25], "uv_size": [1.25, 3.75]},
								"down": {"uv": [31, 38.75], "uv_size": [1.25, -3.75]}
							}
						},
						{
							"origin": [0.07816, 27.92392, -8.47477],
							"size": [0.64772, 0.57172, 3.85172],
							"inflate": -0.002,
							"pivot": [0.024, 27.69661, -6.90537],
							"rotation": [0, 0, -134],
							"uv": {
								"north": {"uv": [42, 40], "uv_size": [0.75, 0.5]},
								"east": {"uv": [39, 24], "uv_size": [3.75, 0.5]},
								"south": {"uv": [41, 42], "uv_size": [0.75, 0.5]},
								"west": {"uv": [39, 25], "uv_size": [3.75, 0.5]},
								"up": {"uv": [38, 0], "uv_size": [0.75, 3.75]},
								"down": {"uv": [7, 41.75], "uv_size": [0.75, -3.75]}
							}
						},
						{
							"origin": [-0.67788, 27.92392, -8.47477],
							"size": [0.64772, 0.57172, 3.85172],
							"inflate": -0.002,
							"pivot": [0.024, 27.69661, -6.90537],
							"rotation": [0, 0, 134],
							"uv": {
								"north": {"uv": [39, 42], "uv_size": [0.75, 0.5]},
								"east": {"uv": [39, 18], "uv_size": [3.75, 0.5]},
								"south": {"uv": [40, 42], "uv_size": [0.75, 0.5]},
								"west": {"uv": [39, 19], "uv_size": [3.75, 0.5]},
								"up": {"uv": [20, 37], "uv_size": [0.75, 3.75]},
								"down": {"uv": [27, 40.75], "uv_size": [0.75, -3.75]}
							}
						},
						{
							"origin": [0.5085, 26.291, -8.4794],
							"size": [0.57, 1.387, 3.85],
							"uv": {
								"north": {"uv": [7, 42], "uv_size": [0.5, 1.5]},
								"east": {"uv": [33, 11], "uv_size": [3.75, 1.5]},
								"south": {"uv": [9, 42], "uv_size": [0.5, 1.5]},
								"west": {"uv": [31, 33], "uv_size": [3.75, 1.5]},
								"up": {"uv": [31, 39], "uv_size": [0.5, 3.75]},
								"down": {"uv": [32, 42.75], "uv_size": [0.5, -3.75]}
							}
						},
						{
							"origin": [-1.0305, 26.291, -8.4794],
							"size": [0.57, 1.387, 5.45],
							"uv": {
								"north": {"uv": [6, 42], "uv_size": [0.5, 1.5]},
								"east": {"uv": [28, 13], "uv_size": [5.5, 1.5]},
								"south": {"uv": [42, 6], "uv_size": [0.5, 1.5]},
								"west": {"uv": [30, 8], "uv_size": [5.5, 1.5]},
								"up": {"uv": [8, 38], "uv_size": [0.5, 5.5]},
								"down": {"uv": [36, 43.5], "uv_size": [0.5, -5.5]}
							}
						},
						{
							"origin": [0.27902, 24.81129, -8.44252],
							"size": [0.30392, 0.73954, 1.56543],
							"uv": {
								"north": {"uv": [39, 43], "uv_size": [0.25, 0.75]},
								"east": {"uv": [41, 10], "uv_size": [1.5, 0.75]},
								"south": {"uv": [43, 39], "uv_size": [0.25, 0.75]},
								"west": {"uv": [22, 41], "uv_size": [1.5, 0.75]},
								"up": {"uv": [21, 43], "uv_size": [0.25, 1.5]},
								"down": {"uv": [22, 44.5], "uv_size": [0.25, -1.5]}
							}
						},
						{
							"origin": [-0.32931, 24.60975, -8.44052],
							"size": [0.69623, 0.30114, 1.56265],
							"inflate": 0.002,
							"uv": {
								"north": {"uv": [38, 43], "uv_size": [0.75, 0.25]},
								"east": {"uv": [43, 18], "uv_size": [1.5, 0.25]},
								"south": {"uv": [43, 38], "uv_size": [0.75, 0.25]},
								"west": {"uv": [19, 43], "uv_size": [1.5, 0.25]},
								"up": {"uv": [13, 41], "uv_size": [0.75, 1.5]},
								"down": {"uv": [20, 42.5], "uv_size": [0.75, -1.5]}
							}
						},
						{
							"origin": [0.34016, 25.03484, -8.44],
							"size": [0.34723, 0.3067, 1.56701],
							"inflate": -0.002,
							"pivot": [0.02069, 25.19609, -9.15648],
							"rotation": [0, 0, 46],
							"uv": {
								"north": {"uv": [43, 43], "uv_size": [0.25, 0.25]},
								"east": {"uv": [15, 43], "uv_size": [1.5, 0.25]},
								"south": {"uv": [0, 44], "uv_size": [0.25, 0.25]},
								"west": {"uv": [43, 15], "uv_size": [1.5, 0.25]},
								"up": {"uv": [17, 43], "uv_size": [0.25, 1.5]},
								"down": {"uv": [18, 44.5], "uv_size": [0.25, -1.5]}
							}
						},
						{
							"origin": [-0.64522, 25.03563, -8.44],
							"size": [0.34565, 0.30513, 1.56543],
							"pivot": [0.02069, 25.19609, -9.15648],
							"rotation": [0, 0, -46],
							"uv": {
								"north": {"uv": [42, 43], "uv_size": [0.25, 0.25]},
								"east": {"uv": [11, 43], "uv_size": [1.5, 0.25]},
								"south": {"uv": [43, 42], "uv_size": [0.25, 0.25]},
								"west": {"uv": [43, 12], "uv_size": [1.5, 0.25]},
								"up": {"uv": [13, 43], "uv_size": [0.25, 1.5]},
								"down": {"uv": [14, 44.5], "uv_size": [0.25, -1.5]}
							}
						},
						{
							"origin": [-0.54156, 24.81129, -8.44252],
							"size": [0.30392, 0.73954, 1.56543],
							"uv": {
								"north": {"uv": [37, 43], "uv_size": [0.25, 0.75]},
								"east": {"uv": [41, 1], "uv_size": [1.5, 0.75]},
								"south": {"uv": [43, 37], "uv_size": [0.25, 0.75]},
								"west": {"uv": [10, 41], "uv_size": [1.5, 0.75]},
								"up": {"uv": [10, 43], "uv_size": [0.25, 1.5]},
								"down": {"uv": [43, 11.5], "uv_size": [0.25, -1.5]}
							}
						},
						{
							"origin": [0.04863, 25.68102, -8.44],
							"size": [0.34723, 0.3067, 1.56701],
							"inflate": -0.002,
							"pivot": [0.02069, 25.56075, -9.15648],
							"rotation": [0, 0, -134],
							"uv": {
								"north": {"uv": [41, 43], "uv_size": [0.25, 0.25]},
								"east": {"uv": [43, 6], "uv_size": [1.5, 0.25]},
								"south": {"uv": [43, 41], "uv_size": [0.25, 0.25]},
								"west": {"uv": [43, 7], "uv_size": [1.5, 0.25]},
								"up": {"uv": [5, 43], "uv_size": [0.25, 1.5]},
								"down": {"uv": [43, 9.5], "uv_size": [0.25, -1.5]}
							}
						},
						{
							"origin": [-0.32931, 25.37967, -8.44052],
							"size": [0.69623, 0.30114, 1.56265],
							"inflate": 0.002,
							"pivot": [0.02069, 25.56075, -9.15648],
							"rotation": [0, 0, 180],
							"uv": {
								"north": {"uv": [43, 35], "uv_size": [0.75, 0.25]},
								"east": {"uv": [43, 4], "uv_size": [1.5, 0.25]},
								"south": {"uv": [43, 36], "uv_size": [0.75, 0.25]},
								"west": {"uv": [43, 5], "uv_size": [1.5, 0.25]},
								"up": {"uv": [4, 41], "uv_size": [0.75, 1.5]},
								"down": {"uv": [41, 5.5], "uv_size": [0.75, -1.5]}
							}
						},
						{
							"origin": [-0.35448, 25.68102, -8.44],
							"size": [0.34723, 0.3067, 1.56701],
							"inflate": -0.002,
							"pivot": [0.02069, 25.56075, -9.15648],
							"rotation": [0, 0, 134],
							"uv": {
								"north": {"uv": [40, 43], "uv_size": [0.25, 0.25]},
								"east": {"uv": [43, 2], "uv_size": [1.5, 0.25]},
								"south": {"uv": [43, 40], "uv_size": [0.25, 0.25]},
								"west": {"uv": [43, 3], "uv_size": [1.5, 0.25]},
								"up": {"uv": [2, 43], "uv_size": [0.25, 1.5]},
								"down": {"uv": [4, 44.5], "uv_size": [0.25, -1.5]}
							}
						},
						{
							"origin": [-1.469, 20.40651, 2.41376],
							"size": [2.954, 3.816, 2.544],
							"pivot": [0.00766, 24.16451, 5.20776],
							"rotation": [-80, 0, 0],
							"uv": {
								"north": {"uv": [16, 28], "uv_size": [3, 3.5]},
								"east": {"uv": [30, 0], "uv_size": [2.5, 3.5]},
								"south": {"uv": [19, 28], "uv_size": [3, 3.5]},
								"west": {"uv": [30, 4], "uv_size": [2.5, 3.5]},
								"up": {"uv": [11, 31], "uv_size": [3, 2.5]},
								"down": {"uv": [31, 32.5], "uv_size": [3, -2.5]}
							}
						},
						{
							"origin": [0.55, 25.2205, -8.345],
							"size": [1.26, 2.4, 12.812],
							"uv": {
								"north": {"uv": [23, 37], "uv_size": [1.25, 2.5]},
								"east": {"uv": [8, 0], "uv_size": [12.75, 2.5]},
								"south": {"uv": [37, 24], "uv_size": [1.25, 2.5]},
								"west": {"uv": [8, 3], "uv_size": [12.75, 2.5]},
								"up": {"uv": [23, 11], "uv_size": [1.25, 12.75]},
								"down": {"uv": [23, 36.75], "uv_size": [1.25, -12.75]}
							}
						}
					]
				},
				{
					"name": "bone",
					"parent": "gun",
					"pivot": [1.126, 24.0805, -3.53787]
				},
				{
					"name": "trigger",
					"parent": "gun",
					"pivot": [0.024, 23.78021, -2.1112],
					"rotation": [5, 0, 0],
					"cubes": [
						{
							"origin": [-0.432, 22.25027, -2.4147],
							"size": [0.912, 1.788, 0.808],
							"inflate": -0.1,
							"pivot": [0.0265, 22.54737, -2.23387],
							"rotation": [7, 0, 0],
							"uv": {
								"north": {"uv": [39, 34], "uv_size": [1, 1.75]},
								"east": {"uv": [21, 40], "uv_size": [0.75, 1.75]},
								"south": {"uv": [39, 38], "uv_size": [1, 1.75]},
								"west": {"uv": [26, 40], "uv_size": [0.75, 1.75]},
								"up": {"uv": [11, 42], "uv_size": [1, 0.75]},
								"down": {"uv": [42, 12.75], "uv_size": [1, -0.75]}
							}
						},
						{
							"origin": [-0.427, 21.05647, -2.4147],
							"size": [0.912, 1.788, 0.808],
							"inflate": -0.1,
							"pivot": [0.0265, 22.54737, -2.23387],
							"rotation": [-34, 0, 0],
							"uv": {
								"north": {"uv": [40, 0], "uv_size": [1, 1.75]},
								"east": {"uv": [40, 34], "uv_size": [0.75, 1.75]},
								"south": {"uv": [9, 40], "uv_size": [1, 1.75]},
								"west": {"uv": [35, 40], "uv_size": [0.75, 1.75]},
								"up": {"uv": [42, 15], "uv_size": [1, 0.75]},
								"down": {"uv": [16, 42.75], "uv_size": [1, -0.75]}
							}
						}
					]
				},
				{
					"name": "magazine",
					"parent": "main",
					"pivot": [0.7, 10.05, -3.95],
					"cubes": [
						{
							"origin": [-0.8175, 16.36409, 0.53428],
							"size": [2.07, 7.85, 2.553],
							"pivot": [-0.3, 21.50584, 1.96603],
							"rotation": [18, 0, 0],
							"uv": {
								"north": {"uv": [3, 20], "uv_size": [2, 10.25]},
								"east": {"uv": [8, 6], "uv_size": [2.5, 10.25]},
								"south": {"uv": [20, 6], "uv_size": [2, 10.25]},
								"west": {"uv": [0, 9], "uv_size": [2.5, 10.25]},
								"up": {"uv": [19, 34], "uv_size": [2, 2.5]},
								"down": {"uv": [34, 24.5], "uv_size": [2, -2.5]}
							}
						},
						{
							"origin": [-1.16219, 16.3644, 0.53459],
							"size": [0.68938, 7.84938, 2.55238],
							"inflate": 0.001,
							"pivot": [-0.3, 21.50584, 1.96603],
							"rotation": [18, 0, 0],
							"uv": {
								"north": {"uv": [28, 30], "uv_size": [0.75, 10.25]},
								"east": {"uv": [3, 9], "uv_size": [2.5, 10.25]},
								"south": {"uv": [29, 30], "uv_size": [0.75, 10.25]},
								"west": {"uv": [11, 6], "uv_size": [2.5, 10.25]},
								"up": {"uv": [15, 39], "uv_size": [0.75, 2.5]},
								"down": {"uv": [16, 41.5], "uv_size": [0.75, -2.5]}
							}
						}
					]
				},
				{
					"name": "bullet",
					"parent": "magazine",
					"pivot": [0.05, 24.7, -9.4],
					"cubes": [
						{
							"origin": [-1.24154, 23.6123, 0.97578],
							"size": [0.566, 0.566, 1.739],
							"inflate": 0.2,
							"pivot": [-0.3, 21.50584, 1.96603],
							"rotation": [16.87458, -6.35808, 20.05594],
							"uv": {
								"north": {"uv": [43, 30], "uv_size": [0.5, 0.5]},
								"east": {"uv": [41, 34], "uv_size": [1.75, 0.5]},
								"south": {"uv": [31, 43], "uv_size": [0.5, 0.5]},
								"west": {"uv": [41, 35], "uv_size": [1.75, 0.5]},
								"up": {"uv": [37, 41], "uv_size": [0.5, 1.75]},
								"down": {"uv": [41, 38.75], "uv_size": [0.5, -1.75]}
							}
						}
					]
				},
				{
					"name": "magazine2",
					"parent": "main",
					"pivot": [0.7, 10.05, -3.95],
					"cubes": [
						{
							"origin": [-0.8299, 16.3484, 0.55079],
							"size": [2.07, 7.85, 2.553],
							"pivot": [-0.3124, 21.49015, 1.98254],
							"rotation": [18, 0, 0],
							"uv": {
								"north": {"uv": [21, 17], "uv_size": [2, 10.25]},
								"east": {"uv": [14, 6], "uv_size": [2.5, 10.25]},
								"south": {"uv": [22, 0], "uv_size": [2, 10.25]},
								"west": {"uv": [6, 17], "uv_size": [2.5, 10.25]},
								"up": {"uv": [26, 34], "uv_size": [2, 2.5]},
								"down": {"uv": [34, 32.5], "uv_size": [2, -2.5]}
							}
						},
						{
							"origin": [-1.17459, 16.34871, 0.5511],
							"size": [0.68938, 7.84938, 2.55238],
							"inflate": 0.001,
							"pivot": [-0.3124, 21.49015, 1.98254],
							"rotation": [18, 0, 0],
							"uv": {
								"north": {"uv": [30, 30], "uv_size": [0.75, 10.25]},
								"east": {"uv": [17, 6], "uv_size": [2.5, 10.25]},
								"south": {"uv": [3, 31], "uv_size": [0.75, 10.25]},
								"west": {"uv": [9, 17], "uv_size": [2.5, 10.25]},
								"up": {"uv": [17, 39], "uv_size": [0.75, 2.5]},
								"down": {"uv": [18, 41.5], "uv_size": [0.75, -2.5]}
							}
						}
					]
				},
				{
					"name": "bullet2",
					"parent": "magazine2",
					"pivot": [-0.3624, 30.08431, -17.1835],
					"cubes": [
						{
							"origin": [-1.25394, 23.59661, 0.99229],
							"size": [0.566, 0.566, 1.739],
							"inflate": 0.2,
							"pivot": [-0.3124, 21.49015, 1.98254],
							"rotation": [16.87458, -6.35808, 20.05594],
							"uv": {
								"north": {"uv": [43, 31], "uv_size": [0.5, 0.5]},
								"east": {"uv": [41, 39], "uv_size": [1.75, 0.5]},
								"south": {"uv": [32, 43], "uv_size": [0.5, 0.5]},
								"west": {"uv": [40, 41], "uv_size": [1.75, 0.5]},
								"up": {"uv": [38, 41], "uv_size": [0.5, 1.75]},
								"down": {"uv": [0, 43.75], "uv_size": [0.5, -1.75]}
							}
						}
					]
				},
				{
					"name": "rightarm",
					"parent": "main",
					"pivot": [-5.2, 15.5, 25.8],
					"rotation": [-101.81106, -12.40003, -2.46982],
					"cubes": [
						{
							"origin": [-9.2, -8.5, 21.8],
							"size": [8, 24, 8],
							"uv": {
								"north": {"uv": [17.47126, 14.89655], "uv_size": [5.88506, 17.65517]},
								"east": {"uv": [11.58621, 14.89655], "uv_size": [5.88506, 17.65517]},
								"south": {"uv": [29.24138, 14.89655], "uv_size": [5.88506, 17.65517]},
								"west": {"uv": [0, 0], "uv_size": [5.88506, 17.65517]},
								"up": {"uv": [17.47126, 9.01149], "uv_size": [5.88506, 5.88506]},
								"down": {"uv": [6.76782, 47.96322], "uv_size": [-5.88506, -5.88506]}
							}
						}
					]
				},
				{
					"name": "leftarm",
					"parent": "main",
					"pivot": [10.7, 15.3, 12.4],
					"rotation": [-119.61483, 1.67666, -38.31282],
					"cubes": [
						{
							"origin": [3.82256, -0.95844, 5.99404],
							"size": [8, 24, 8],
							"uv": {
								"north": {"uv": [17.28736, 12.32184], "uv_size": [5.88506, 17.65517]},
								"east": {"uv": [11.4023, 12.32184], "uv_size": [5.88506, 17.65517]},
								"south": {"uv": [29.05747, 12.32184], "uv_size": [5.88506, 17.65517]},
								"west": {"uv": [0, 0], "uv_size": [5.88506, 17.65517]},
								"up": {"uv": [17.28736, 6.43678], "uv_size": [5.88506, 5.88506]},
								"down": {"uv": [5.88506, 59.59059], "uv_size": [-5.88506, -5.88506]}
							}
						}
					]
				},
				{
					"name": "muzzleflash",
					"parent": "main",
					"pivot": [0, 26.95, -9.05],
					"cubes": [
						{
							"origin": [-0.5, 26.45, -9.55],
							"size": [1, 1, 1],
							"inflate": -0.4,
							"uv": {
								"north": {"uv": [5, 50], "uv_size": [1, 1]},
								"east": {"uv": [7, 50], "uv_size": [1, 1]},
								"south": {"uv": [8, 50], "uv_size": [1, 1]},
								"west": {"uv": [50, 13], "uv_size": [1, 1]},
								"up": {"uv": [14, 50], "uv_size": [1, 1]},
								"down": {"uv": [15, 51], "uv_size": [1, -1]}
							}
						}
					]
				},
				{
					"name": "scope",
					"parent": "main",
					"pivot": [0.1, 28.75, 17.5],
					"cubes": [
						{
							"origin": [-0.4, 28.25, 17],
							"size": [1, 1, 1],
							"inflate": -0.4,
							"uv": {
								"north": {"uv": [16, 50], "uv_size": [1, 1]},
								"east": {"uv": [17, 50], "uv_size": [1, 1]},
								"south": {"uv": [18, 50], "uv_size": [1, 1]},
								"west": {"uv": [19, 50], "uv_size": [1, 1]},
								"up": {"uv": [20, 50], "uv_size": [1, 1]},
								"down": {"uv": [21, 51], "uv_size": [1, -1]}
							}
						}
					]
				}
			]
		}
	]
}