{
	"format_version": "1.12.0",
	"minecraft:geometry": [
		{
			"description": {
				"identifier": "geometry.unknown",
				"texture_width": 64,
				"texture_height": 64,
				"visible_bounds_width": 8,
				"visible_bounds_height": 6,
				"visible_bounds_offset": [0, 2, 0]
			},
			"bones": [
				{
					"name": "main",
					"pivot": [0, 23.3, 6.3]
				},
				{
					"name": "gun",
					"parent": "main",
					"pivot": [0.784, 16.3665, 3.41613],
					"cubes": [
						{
							"origin": [-1.41236, 14.4223, 0.59089],
							"size": [2.84, 10.356, 5.32],
							"pivot": [0.00764, 20.3503, 3.25089],
							"rotation": [17.08474, 0, 0],
							"uv": {
								"north": {"uv": [6, 14], "uv_size": [2.75, 10.25]},
								"east": {"uv": [0, 0], "uv_size": [5.25, 10.25]},
								"south": {"uv": [9, 14], "uv_size": [2.75, 10.25]},
								"west": {"uv": [6, 0], "uv_size": [5.25, 10.25]},
								"up": {"uv": [35, 29], "uv_size": [2.75, 5.25]},
								"down": {"uv": [35, 40.25], "uv_size": [2.75, -5.25]}
							}
						},
						{
							"origin": [-1.469, 23.60651, 5.01376],
							"size": [2.954, 3.016, 1.344],
							"pivot": [0.00766, 24.16451, 4.70776],
							"rotation": [-63.41804, 0, 0],
							"uv": {
								"north": {"uv": [39, 0], "uv_size": [3, 3]},
								"east": {"uv": [6, 48], "uv_size": [1.25, 3]},
								"south": {"uv": [39, 3], "uv_size": [3, 3]},
								"west": {"uv": [20, 48], "uv_size": [1.25, 3]},
								"up": {"uv": [49, 28], "uv_size": [3, 1.25]},
								"down": {"uv": [44, 50.25], "uv_size": [3, -1.25]}
							}
						},
						{
							"origin": [-1.22464, 26.51201, -15.57477],
							"size": [0.64772, 0.57172, 12.35172],
							"inflate": -0.002,
							"pivot": [0.024, 26.8127, -7.10537],
							"rotation": [0, 0, -46],
							"uv": {
								"north": {"uv": [37, 56], "uv_size": [0.75, 0.5]},
								"east": {"uv": [44, 1], "uv_size": [12.25, 0.5]},
								"south": {"uv": [56, 37], "uv_size": [0.75, 0.5]},
								"west": {"uv": [44, 2], "uv_size": [12.25, 0.5]},
								"up": {"uv": [38, 32], "uv_size": [0.75, 12.25]},
								"down": {"uv": [39, 44.25], "uv_size": [0.75, -12.25]}
							}
						},
						{
							"origin": [-0.63417, 25.71125, -15.57837],
							"size": [1.30928, 0.56828, 12.34828],
							"inflate": 0.002,
							"uv": {
								"north": {"uv": [9, 56], "uv_size": [1.25, 0.5]},
								"east": {"uv": [43, 11], "uv_size": [12.25, 0.5]},
								"south": {"uv": [56, 9], "uv_size": [1.25, 0.5]},
								"west": {"uv": [44, 0], "uv_size": [12.25, 0.5]},
								"up": {"uv": [20, 31], "uv_size": [1.25, 12.25]},
								"down": {"uv": [31, 41.25], "uv_size": [1.25, -12.25]}
							}
						},
						{
							"origin": [0.62492, 26.51201, -15.57477],
							"size": [0.64772, 0.57172, 12.35172],
							"inflate": -0.002,
							"pivot": [0.024, 26.8127, -7.10537],
							"rotation": [0, 0, 46],
							"uv": {
								"north": {"uv": [36, 56], "uv_size": [0.75, 0.5]},
								"east": {"uv": [43, 9], "uv_size": [12.25, 0.5]},
								"south": {"uv": [56, 36], "uv_size": [0.75, 0.5]},
								"west": {"uv": [43, 10], "uv_size": [12.25, 0.5]},
								"up": {"uv": [27, 38], "uv_size": [0.75, 12.25]},
								"down": {"uv": [28, 50.25], "uv_size": [0.75, -12.25]}
							}
						},
						{
							"origin": [-0.63417, 27.15525, -15.57837],
							"size": [1.30928, 0.56828, 12.34828],
							"inflate": 0.002,
							"pivot": [0.024, 27.49661, -7.10537],
							"rotation": [0, 0, 180],
							"uv": {
								"north": {"uv": [56, 10], "uv_size": [1.25, 0.5]},
								"east": {"uv": [44, 35], "uv_size": [12.25, 0.5]},
								"south": {"uv": [11, 56], "uv_size": [1.25, 0.5]},
								"west": {"uv": [44, 42], "uv_size": [12.25, 0.5]},
								"up": {"uv": [33, 29], "uv_size": [1.25, 12.25]},
								"down": {"uv": [35, 12.25], "uv_size": [1.25, -12.25]}
							}
						},
						{
							"origin": [0.07816, 27.72392, -15.57477],
							"size": [0.64772, 0.57172, 12.35172],
							"inflate": -0.002,
							"pivot": [0.024, 27.49661, -7.10537],
							"rotation": [0, 0, -134],
							"uv": {
								"north": {"uv": [39, 56], "uv_size": [0.75, 0.5]},
								"east": {"uv": [44, 33], "uv_size": [12.25, 0.5]},
								"south": {"uv": [56, 39], "uv_size": [0.75, 0.5]},
								"west": {"uv": [44, 34], "uv_size": [12.25, 0.5]},
								"up": {"uv": [3, 41], "uv_size": [0.75, 12.25]},
								"down": {"uv": [4, 53.25], "uv_size": [0.75, -12.25]}
							}
						},
						{
							"origin": [-0.67788, 27.72392, -15.57477],
							"size": [0.64772, 0.57172, 12.35172],
							"inflate": -0.002,
							"pivot": [0.024, 27.49661, -7.10537],
							"rotation": [0, 0, 134],
							"uv": {
								"north": {"uv": [38, 56], "uv_size": [0.75, 0.5]},
								"east": {"uv": [44, 3], "uv_size": [12.25, 0.5]},
								"south": {"uv": [56, 38], "uv_size": [0.75, 0.5]},
								"west": {"uv": [44, 32], "uv_size": [12.25, 0.5]},
								"up": {"uv": [40, 32], "uv_size": [0.75, 12.25]},
								"down": {"uv": [2, 53.25], "uv_size": [0.75, -12.25]}
							}
						},
						{
							"origin": [0.5085, 26.091, -15.5794],
							"size": [0.57, 1.387, 12.35],
							"uv": {
								"north": {"uv": [51, 55], "uv_size": [0.5, 1.5]},
								"east": {"uv": [27, 21], "uv_size": [12.25, 1.5]},
								"south": {"uv": [52, 55], "uv_size": [0.5, 1.5]},
								"west": {"uv": [27, 23], "uv_size": [12.25, 1.5]},
								"up": {"uv": [43, 42], "uv_size": [0.5, 12.25]},
								"down": {"uv": [44, 27.25], "uv_size": [0.5, -12.25]}
							}
						},
						{
							"origin": [-1.0305, 26.091, -15.5794],
							"size": [0.57, 1.387, 12.35],
							"uv": {
								"north": {"uv": [49, 55], "uv_size": [0.5, 1.5]},
								"east": {"uv": [27, 17], "uv_size": [12.25, 1.5]},
								"south": {"uv": [50, 55], "uv_size": [0.5, 1.5]},
								"west": {"uv": [27, 19], "uv_size": [12.25, 1.5]},
								"up": {"uv": [29, 43], "uv_size": [0.5, 12.25]},
								"down": {"uv": [30, 55.25], "uv_size": [0.5, -12.25]}
							}
						},
						{
							"origin": [-1.469, 19.30651, 7.41376],
							"size": [2.954, 2.916, 1.444],
							"pivot": [0.00766, 24.16451, 4.70776],
							"rotation": [-132.41804, 0, 0],
							"uv": {
								"north": {"uv": [40, 9], "uv_size": [3, 3]},
								"east": {"uv": [16, 46], "uv_size": [1.5, 3]},
								"south": {"uv": [40, 17], "uv_size": [3, 3]},
								"west": {"uv": [22, 46], "uv_size": [1.5, 3]},
								"up": {"uv": [47, 19], "uv_size": [3, 1.5]},
								"down": {"uv": [47, 22.5], "uv_size": [3, -1.5]}
							}
						},
						{
							"origin": [-1.46305, 20.36743, -5.52988],
							"size": [2.888, 4.084, 0.508],
							"inflate": -0.1,
							"pivot": [0.03095, 22.40943, -5.32588],
							"rotation": [10, 0, 0],
							"uv": {
								"north": {"uv": [2, 37], "uv_size": [3, 4]},
								"east": {"uv": [53, 17], "uv_size": [0.5, 4]},
								"south": {"uv": [37, 9], "uv_size": [3, 4]},
								"west": {"uv": [19, 53], "uv_size": [0.5, 4]},
								"up": {"uv": [53, 44], "uv_size": [3, 0.5]},
								"down": {"uv": [53, 47.5], "uv_size": [3, -0.5]}
							}
						},
						{
							"origin": [-0.532, 23.54581, -5.99066],
							"size": [1.112, 1.284, 0.808],
							"inflate": -0.1,
							"pivot": [0.024, 24.13781, -5.58666],
							"rotation": [-90, -0.1, 0],
							"uv": {
								"north": {"uv": [50, 53], "uv_size": [1, 1.25]},
								"east": {"uv": [54, 53], "uv_size": [0.75, 1.25]},
								"south": {"uv": [51, 53], "uv_size": [1, 1.25]},
								"west": {"uv": [0, 55], "uv_size": [0.75, 1.25]},
								"up": {"uv": [55, 46], "uv_size": [1, 0.75]},
								"down": {"uv": [48, 55.75], "uv_size": [1, -0.75]}
							}
						},
						{
							"origin": [-1.427, 23.36242, -5.13877],
							"size": [2.802, 1.288, 0.808],
							"inflate": -0.1,
							"pivot": [0.024, 24.32642, -4.93477],
							"rotation": [-55, 0, 0],
							"uv": {
								"north": {"uv": [50, 43], "uv_size": [2.75, 1.25]},
								"east": {"uv": [1, 55], "uv_size": [0.75, 1.25]},
								"south": {"uv": [50, 49], "uv_size": [2.75, 1.25]},
								"west": {"uv": [4, 55], "uv_size": [0.75, 1.25]},
								"up": {"uv": [53, 14], "uv_size": [2.75, 0.75]},
								"down": {"uv": [53, 15.75], "uv_size": [2.75, -0.75]}
							}
						},
						{
							"origin": [-1.432, 21.3855, -5.3463],
							"size": [2.812, 0.888, 0.508],
							"inflate": -0.1,
							"pivot": [0.024, 21.3295, -5.1423],
							"rotation": [-138.5, 0, 0],
							"uv": {
								"north": {"uv": [31, 12], "uv_size": [2.75, 1]},
								"east": {"uv": [56, 30], "uv_size": [0.5, 1]},
								"south": {"uv": [51, 46], "uv_size": [2.75, 1]},
								"west": {"uv": [31, 56], "uv_size": [0.5, 1]},
								"up": {"uv": [53, 48], "uv_size": [2.75, 0.5]},
								"down": {"uv": [53, 49.5], "uv_size": [2.75, -0.5]}
							}
						},
						{
							"origin": [-0.532, 22.62829, -2.50398],
							"size": [1.112, 1.988, 1.008],
							"inflate": -0.1,
							"pivot": [0.024, 23.92642, -1.93477],
							"rotation": [-126, 0, 0],
							"uv": {
								"north": {"uv": [22, 35], "uv_size": [1, 2]},
								"east": {"uv": [20, 53], "uv_size": [1, 2]},
								"south": {"uv": [21, 53], "uv_size": [1, 2]},
								"west": {"uv": [22, 53], "uv_size": [1, 2]},
								"up": {"uv": [46, 54], "uv_size": [1, 1]},
								"down": {"uv": [54, 47], "uv_size": [1, -1]}
							}
						},
						{
							"origin": [-1.46476, 20.16094, -5.22144],
							"size": [2.8928, 0.6128, 5.3888],
							"inflate": -0.11,
							"pivot": [1.28564, 19.98734, -1.13104],
							"rotation": [-3, -0.1, 0],
							"uv": {
								"north": {"uv": [53, 43], "uv_size": [3, 0.5]},
								"east": {"uv": [44, 51], "uv_size": [5.5, 0.5]},
								"south": {"uv": [44, 53], "uv_size": [3, 0.5]},
								"west": {"uv": [51, 45], "uv_size": [5.5, 0.5]},
								"up": {"uv": [31, 6], "uv_size": [3, 5.5]},
								"down": {"uv": [11, 36.5], "uv_size": [3, -5.5]}
							}
						},
						{
							"origin": [-1.5124, 23.79651, -6.88259],
							"size": [3.04, 1.23904, 14.59904],
							"inflate": 0.002,
							"uv": {
								"north": {"uv": [47, 49], "uv_size": [3, 1.25]},
								"east": {"uv": [27, 25], "uv_size": [14.5, 1.25]},
								"south": {"uv": [50, 15], "uv_size": [3, 1.25]},
								"west": {"uv": [27, 27], "uv_size": [14.5, 1.25]},
								"up": {"uv": [0, 11], "uv_size": [3, 14.5]},
								"down": {"uv": [3, 25.5], "uv_size": [3, -14.5]}
							}
						},
						{
							"origin": [-0.6124, 23.7975, -6.8821],
							"size": [1.24, 0.73904, 11.39904],
							"inflate": 0.002,
							"uv": {
								"north": {"uv": [5, 55], "uv_size": [1.25, 0.75]},
								"east": {"uv": [39, 6], "uv_size": [11.5, 0.75]},
								"south": {"uv": [55, 6], "uv_size": [1.25, 0.75]},
								"west": {"uv": [40, 12], "uv_size": [11.5, 0.75]},
								"up": {"uv": [6, 36], "uv_size": [1.25, 11.5]},
								"down": {"uv": [0, 48.5], "uv_size": [1.25, -11.5]}
							}
						},
						{
							"origin": [-1.3124, 23.79651, -8.08259],
							"size": [2.54, 1.23904, 0.59904],
							"inflate": 0.002,
							"uv": {
								"north": {"uv": [19, 51], "uv_size": [2.5, 1.25]},
								"east": {"uv": [13, 56], "uv_size": [0.5, 1.25]},
								"south": {"uv": [22, 51], "uv_size": [2.5, 1.25]},
								"west": {"uv": [56, 13], "uv_size": [0.5, 1.25]},
								"up": {"uv": [54, 7], "uv_size": [2.5, 0.5]},
								"down": {"uv": [54, 8.5], "uv_size": [2.5, -0.5]}
							}
						},
						{
							"origin": [-1.3124, 23.79651, -9.33259],
							"size": [2.54, 1.23904, 0.59904],
							"inflate": 0.002,
							"uv": {
								"north": {"uv": [51, 23], "uv_size": [2.5, 1.25]},
								"east": {"uv": [56, 15], "uv_size": [0.5, 1.25]},
								"south": {"uv": [25, 51], "uv_size": [2.5, 1.25]},
								"west": {"uv": [16, 56], "uv_size": [0.5, 1.25]},
								"up": {"uv": [14, 54], "uv_size": [2.5, 0.5]},
								"down": {"uv": [54, 17.5], "uv_size": [2.5, -0.5]}
							}
						},
						{
							"origin": [-1.3124, 23.79651, -10.58259],
							"size": [2.54, 1.23904, 0.59904],
							"inflate": 0.002,
							"uv": {
								"north": {"uv": [51, 25], "uv_size": [2.5, 1.25]},
								"east": {"uv": [17, 56], "uv_size": [0.5, 1.25]},
								"south": {"uv": [51, 30], "uv_size": [2.5, 1.25]},
								"west": {"uv": [21, 56], "uv_size": [0.5, 1.25]},
								"up": {"uv": [54, 18], "uv_size": [2.5, 0.5]},
								"down": {"uv": [54, 19.5], "uv_size": [2.5, -0.5]}
							}
						},
						{
							"origin": [-1.3124, 23.79651, -11.83259],
							"size": [2.54, 1.23904, 0.59904],
							"inflate": 0.002,
							"uv": {
								"north": {"uv": [31, 51], "uv_size": [2.5, 1.25]},
								"east": {"uv": [22, 56], "uv_size": [0.5, 1.25]},
								"south": {"uv": [34, 51], "uv_size": [2.5, 1.25]},
								"west": {"uv": [23, 56], "uv_size": [0.5, 1.25]},
								"up": {"uv": [54, 20], "uv_size": [2.5, 0.5]},
								"down": {"uv": [54, 23.5], "uv_size": [2.5, -0.5]}
							}
						},
						{
							"origin": [-1.3124, 23.79651, -13.08259],
							"size": [2.54, 1.23904, 0.59904],
							"inflate": 0.002,
							"uv": {
								"north": {"uv": [51, 36], "uv_size": [2.5, 1.25]},
								"east": {"uv": [24, 56], "uv_size": [0.5, 1.25]},
								"south": {"uv": [51, 38], "uv_size": [2.5, 1.25]},
								"west": {"uv": [25, 56], "uv_size": [0.5, 1.25]},
								"up": {"uv": [54, 24], "uv_size": [2.5, 0.5]},
								"down": {"uv": [54, 25.5], "uv_size": [2.5, -0.5]}
							}
						},
						{
							"origin": [-1.4124, 24.19651, -13.88259],
							"size": [2.74, 0.83904, 7.29904],
							"inflate": 0.002,
							"uv": {
								"north": {"uv": [16, 53], "uv_size": [2.75, 0.75]},
								"east": {"uv": [45, 13], "uv_size": [7.25, 0.75]},
								"south": {"uv": [53, 16], "uv_size": [2.75, 0.75]},
								"west": {"uv": [45, 14], "uv_size": [7.25, 0.75]},
								"up": {"uv": [12, 3], "uv_size": [2.75, 7.25]},
								"down": {"uv": [15, 10.25], "uv_size": [2.75, -7.25]}
							}
						},
						{
							"origin": [-1.2124, 23.99651, -13.68259],
							"size": [2.34, 0.93904, 7.09904],
							"inflate": 0.002,
							"uv": {
								"north": {"uv": [53, 5], "uv_size": [2.25, 1]},
								"east": {"uv": [42, 28], "uv_size": [7, 1]},
								"south": {"uv": [53, 13], "uv_size": [2.25, 1]},
								"west": {"uv": [42, 29], "uv_size": [7, 1]},
								"up": {"uv": [14, 31], "uv_size": [2.25, 7]},
								"down": {"uv": [17, 38], "uv_size": [2.25, -7]}
							}
						},
						{
							"origin": [-1.33552, 22.41022, -1.45079],
							"size": [2.61904, 0.91104, 1.36704],
							"inflate": 0.002,
							"pivot": [0.024, 21.66574, -0.91727],
							"rotation": [-116.5, -0.1, 0],
							"uv": {
								"north": {"uv": [5, 52], "uv_size": [2.5, 1]},
								"east": {"uv": [53, 50], "uv_size": [1.25, 1]},
								"south": {"uv": [8, 52], "uv_size": [2.5, 1]},
								"west": {"uv": [52, 53], "uv_size": [1.25, 1]},
								"up": {"uv": [51, 7], "uv_size": [2.5, 1.25]},
								"down": {"uv": [16, 52.25], "uv_size": [2.5, -1.25]}
							}
						},
						{
							"origin": [-1.33552, 19.00868, -2.26143],
							"size": [2.61904, 0.91104, 3.36704],
							"inflate": 0.002,
							"pivot": [0.024, 19.9642, 0.27209],
							"rotation": [160.5, 0.2, 0],
							"uv": {
								"north": {"uv": [52, 29], "uv_size": [2.5, 1]},
								"east": {"uv": [5, 51], "uv_size": [3.25, 1]},
								"south": {"uv": [44, 52], "uv_size": [2.5, 1]},
								"west": {"uv": [51, 6], "uv_size": [3.25, 1]},
								"up": {"uv": [41, 32], "uv_size": [2.5, 3.25]},
								"down": {"uv": [35, 44.25], "uv_size": [2.5, -3.25]}
							}
						}
					]
				},
				{
					"name": "bulletejec",
					"parent": "gun",
					"pivot": [0.03015, 27.67076, -4.62777],
					"cubes": [
						{
							"origin": [-0.92937, 26.42524, -3.34827],
							"size": [1.81904, 1.49104, 3.241],
							"inflate": 0.002,
							"uv": {
								"north": {"uv": [22, 49], "uv_size": [1.75, 1.5]},
								"east": {"uv": [37, 45], "uv_size": [3.25, 1.5]},
								"south": {"uv": [50, 51], "uv_size": [1.75, 1.5]},
								"west": {"uv": [46, 43], "uv_size": [3.25, 1.5]},
								"up": {"uv": [20, 44], "uv_size": [1.75, 3.25]},
								"down": {"uv": [44, 46.25], "uv_size": [1.75, -3.25]}
							}
						}
					]
				},
				{
					"name": "slide",
					"parent": "gun",
					"pivot": [-1.002, 27.1205, -13.64587],
					"cubes": [
						{
							"origin": [-2.09265, 24.01675, -6.8518],
							"size": [0.66096, 1.06496, 13.557],
							"inflate": -0.002,
							"pivot": [-2.09217, 25.53723, -11.25939],
							"rotation": [0, 0, -46],
							"uv": {
								"north": {"uv": [55, 38], "uv_size": [0.75, 1]},
								"east": {"uv": [29, 15], "uv_size": [13.5, 1]},
								"south": {"uv": [43, 55], "uv_size": [0.75, 1]},
								"west": {"uv": [29, 16], "uv_size": [13.5, 1]},
								"up": {"uv": [8, 36], "uv_size": [0.75, 13.5]},
								"down": {"uv": [5, 50.5], "uv_size": [0.75, -13.5]}
							}
						},
						{
							"origin": [-1.96458, 24.28622, -15.45],
							"size": [0.66096, 0.76496, 8.657],
							"inflate": -0.002,
							"pivot": [-1.9641, 25.6067, -11.25985],
							"rotation": [0, 0, -46],
							"uv": {
								"north": {"uv": [27, 56], "uv_size": [0.75, 0.75]},
								"east": {"uv": [42, 40], "uv_size": [8.75, 0.75]},
								"south": {"uv": [56, 27], "uv_size": [0.75, 0.75]},
								"west": {"uv": [42, 41], "uv_size": [8.75, 0.75]},
								"up": {"uv": [34, 42], "uv_size": [0.75, 8.75]},
								"down": {"uv": [42, 50.75], "uv_size": [0.75, -8.75]}
							}
						},
						{
							"origin": [1.16101, 23.92393, -6.8518],
							"size": [0.76096, 1.06496, 13.557],
							"inflate": -0.002,
							"pivot": [2.14017, 25.23323, -11.25939],
							"rotation": [0, 0, 46],
							"uv": {
								"north": {"uv": [44, 55], "uv_size": [0.75, 1]},
								"east": {"uv": [31, 13], "uv_size": [13.5, 1]},
								"south": {"uv": [45, 55], "uv_size": [0.75, 1]},
								"west": {"uv": [31, 14], "uv_size": [13.5, 1]},
								"up": {"uv": [25, 37], "uv_size": [0.75, 13.5]},
								"down": {"uv": [26, 50.5], "uv_size": [0.75, -13.5]}
							}
						},
						{
							"origin": [0.96101, 24.22393, -15.45],
							"size": [0.76096, 0.76496, 8.657],
							"inflate": -0.002,
							"pivot": [1.94017, 25.23323, -11.25985],
							"rotation": [0, 0, 46],
							"uv": {
								"north": {"uv": [56, 11], "uv_size": [0.75, 0.75]},
								"east": {"uv": [42, 38], "uv_size": [8.75, 0.75]},
								"south": {"uv": [26, 56], "uv_size": [0.75, 0.75]},
								"west": {"uv": [42, 39], "uv_size": [8.75, 0.75]},
								"up": {"uv": [32, 42], "uv_size": [0.75, 8.75]},
								"down": {"uv": [33, 50.75], "uv_size": [0.75, -8.75]}
							}
						},
						{
							"origin": [1.06446, 27.25879, -6.84927],
							"size": [0.75952, 1.07152, 13.61152],
							"inflate": 0.001,
							"pivot": [1.34504, 27.41964, -9.73711],
							"rotation": [0, 0, -42],
							"uv": {
								"north": {"uv": [55, 50], "uv_size": [0.75, 1]},
								"east": {"uv": [37, 7], "uv_size": [13.5, 1]},
								"south": {"uv": [53, 55], "uv_size": [0.75, 1]},
								"west": {"uv": [37, 8], "uv_size": [13.5, 1]},
								"up": {"uv": [14, 38], "uv_size": [0.75, 13.5]},
								"down": {"uv": [15, 51.5], "uv_size": [0.75, -13.5]}
							}
						},
						{
							"origin": [-1.78327, 27.24268, -0.24927],
							"size": [0.75952, 1.07152, 7.01152],
							"inflate": 0.001,
							"pivot": [-1.30433, 27.40353, -9.73711],
							"rotation": [0, 0, 43],
							"uv": {
								"north": {"uv": [55, 53], "uv_size": [0.75, 1]},
								"east": {"uv": [42, 4], "uv_size": [7, 1]},
								"south": {"uv": [54, 55], "uv_size": [0.75, 1]},
								"west": {"uv": [42, 5], "uv_size": [7, 1]},
								"up": {"uv": [9, 45], "uv_size": [0.75, 7]},
								"down": {"uv": [10, 52], "uv_size": [0.75, -7]}
							}
						},
						{
							"origin": [-1.02937, 27.82524, -0.24827],
							"size": [2.11904, 0.59104, 7.041],
							"inflate": 0.002,
							"uv": {
								"north": {"uv": [54, 39], "uv_size": [2, 0.5]},
								"east": {"uv": [50, 21], "uv_size": [7, 0.5]},
								"south": {"uv": [44, 54], "uv_size": [2, 0.5]},
								"west": {"uv": [50, 22], "uv_size": [7, 0.5]},
								"up": {"uv": [18, 3], "uv_size": [2, 7]},
								"down": {"uv": [37, 7], "uv_size": [2, -7]}
							}
						},
						{
							"origin": [-1.02937, 27.72524, -6.84827],
							"size": [2.11904, 0.69104, 3.641],
							"inflate": 0.002,
							"uv": {
								"north": {"uv": [18, 10], "uv_size": [2, 0.75]},
								"east": {"uv": [51, 40], "uv_size": [3.75, 0.75]},
								"south": {"uv": [16, 49], "uv_size": [2, 0.75]},
								"west": {"uv": [51, 41], "uv_size": [3.75, 0.75]},
								"up": {"uv": [42, 0], "uv_size": [2, 3.75]},
								"down": {"uv": [42, 23.75], "uv_size": [2, -3.75]}
							}
						},
						{
							"origin": [-1.78327, 27.24268, -6.8518],
							"size": [0.75952, 1.07152, 3.641],
							"inflate": 0.001,
							"pivot": [-1.30433, 27.40353, -20.93711],
							"rotation": [0, 0, 43],
							"uv": {
								"north": {"uv": [3, 56], "uv_size": [0.75, 1]},
								"east": {"uv": [49, 5], "uv_size": [3.75, 1]},
								"south": {"uv": [5, 56], "uv_size": [0.75, 1]},
								"west": {"uv": [16, 50], "uv_size": [3.75, 1]},
								"up": {"uv": [28, 51], "uv_size": [0.75, 3.75]},
								"down": {"uv": [42, 54.75], "uv_size": [0.75, -3.75]}
							}
						},
						{
							"origin": [-0.82937, 25.02524, -15.4473],
							"size": [1.91904, 1.19104, 4.241],
							"inflate": 0.002,
							"uv": {
								"north": {"uv": [52, 51], "uv_size": [2, 1.25]},
								"east": {"uv": [45, 15], "uv_size": [4.25, 1.25]},
								"south": {"uv": [5, 53], "uv_size": [2, 1.25]},
								"west": {"uv": [45, 17], "uv_size": [4.25, 1.25]},
								"up": {"uv": [40, 20], "uv_size": [2, 4.25]},
								"down": {"uv": [16, 45.25], "uv_size": [2, -4.25]}
							}
						},
						{
							"origin": [-0.286, 27.83643, -14.52221],
							"size": [0.542, 1.184, 0.912],
							"pivot": [0.05, 28.70657, -14.11056],
							"rotation": [23, 0, 0],
							"uv": {
								"north": {"uv": [7, 56], "uv_size": [0.5, 1.25]},
								"east": {"uv": [36, 53], "uv_size": [1, 1.25]},
								"south": {"uv": [8, 56], "uv_size": [0.5, 1.25]},
								"west": {"uv": [41, 53], "uv_size": [1, 1.25]},
								"up": {"uv": [56, 28], "uv_size": [0.5, 1]},
								"down": {"uv": [29, 57], "uv_size": [0.5, -1]}
							}
						},
						{
							"origin": [-0.282, 28.05064, -14.61213],
							"size": [0.532, 0.784, 0.312],
							"uv": {
								"north": {"uv": [40, 56], "uv_size": [0.5, 0.75]},
								"east": {"uv": [1, 57], "uv_size": [0.25, 0.75]},
								"south": {"uv": [56, 40], "uv_size": [0.5, 0.75]},
								"west": {"uv": [57, 1], "uv_size": [0.25, 0.75]},
								"up": {"uv": [5, 57], "uv_size": [0.5, 0.25]},
								"down": {"uv": [57, 5.25], "uv_size": [0.5, -0.25]}
							}
						},
						{
							"origin": [0.262, 27.4105, 6.12413],
							"size": [0.528, 1.52, 0.17],
							"uv": {
								"north": {"uv": [46, 55], "uv_size": [0.5, 1.5]},
								"east": {"uv": [34, 56], "uv_size": [0.25, 1.5]},
								"south": {"uv": [47, 55], "uv_size": [0.5, 1.5]},
								"west": {"uv": [35, 56], "uv_size": [0.25, 1.5]},
								"up": {"uv": [57, 3], "uv_size": [0.5, 0.25]},
								"down": {"uv": [4, 57.25], "uv_size": [0.5, -0.25]}
							}
						},
						{
							"origin": [0.26401, 28.34558, 4.50545],
							"size": [0.528, 0.49, 1.76],
							"pivot": [-0.035, 28.3205, 5.81051],
							"rotation": [14.3, 0, 0.1],
							"uv": {
								"north": {"uv": [56, 54], "uv_size": [0.5, 0.5]},
								"east": {"uv": [21, 55], "uv_size": [1.75, 0.5]},
								"south": {"uv": [55, 56], "uv_size": [0.5, 0.5]},
								"west": {"uv": [55, 26], "uv_size": [1.75, 0.5]},
								"up": {"uv": [28, 55], "uv_size": [0.5, 1.75]},
								"down": {"uv": [55, 29.75], "uv_size": [0.5, -1.75]}
							}
						},
						{
							"origin": [-0.81, 27.4105, 6.12413],
							"size": [0.528, 1.52, 0.17],
							"uv": {
								"north": {"uv": [55, 54], "uv_size": [0.5, 1.5]},
								"east": {"uv": [56, 46], "uv_size": [0.25, 1.5]},
								"south": {"uv": [2, 56], "uv_size": [0.5, 1.5]},
								"west": {"uv": [48, 56], "uv_size": [0.25, 1.5]},
								"up": {"uv": [6, 57], "uv_size": [0.5, 0.25]},
								"down": {"uv": [57, 6.25], "uv_size": [0.5, -0.25]}
							}
						},
						{
							"origin": [-0.41, 27.4105, 6.12],
							"size": [0.828, 1.22, 0.17],
							"uv": {
								"north": {"uv": [56, 5], "uv_size": [0.75, 1]},
								"east": {"uv": [0, 57], "uv_size": [0.25, 1]},
								"south": {"uv": [6, 56], "uv_size": [0.75, 1]},
								"west": {"uv": [57, 0], "uv_size": [0.25, 1]},
								"up": {"uv": [57, 2], "uv_size": [0.75, 0.25]},
								"down": {"uv": [3, 57.25], "uv_size": [0.75, -0.25]}
							}
						},
						{
							"origin": [-0.81106, 28.34372, 4.50498],
							"size": [0.528, 0.49, 1.76],
							"pivot": [-0.035, 28.3205, 5.81051],
							"rotation": [14.3, 0, 0.1],
							"uv": {
								"north": {"uv": [56, 55], "uv_size": [0.5, 0.5]},
								"east": {"uv": [33, 55], "uv_size": [1.75, 0.5]},
								"south": {"uv": [56, 56], "uv_size": [0.5, 0.5]},
								"west": {"uv": [35, 55], "uv_size": [1.75, 0.5]},
								"up": {"uv": [55, 36], "uv_size": [0.5, 1.75]},
								"down": {"uv": [55, 41.75], "uv_size": [0.5, -1.75]}
							}
						},
						{
							"origin": [-1.192, 26.6645, 2.34613],
							"size": [2.432, 1.064, 4.408],
							"uv": {
								"north": {"uv": [52, 12], "uv_size": [2.5, 1]},
								"east": {"uv": [46, 45], "uv_size": [4.5, 1]},
								"south": {"uv": [52, 28], "uv_size": [2.5, 1]},
								"west": {"uv": [46, 46], "uv_size": [4.5, 1]},
								"up": {"uv": [11, 37], "uv_size": [2.5, 4.5]},
								"down": {"uv": [22, 41.5], "uv_size": [2.5, -4.5]}
							}
						},
						{
							"origin": [-1.02933, 26.20861, 5.09966],
							"size": [2.119, 1.35904, 3.49904],
							"inflate": 0.002,
							"pivot": [-0.04203, 26.88813, 6.49918],
							"rotation": [-75, 0, 0],
							"uv": {
								"north": {"uv": [14, 52], "uv_size": [2, 1.25]},
								"east": {"uv": [47, 23], "uv_size": [3.5, 1.25]},
								"south": {"uv": [47, 52], "uv_size": [2, 1.25]},
								"west": {"uv": [47, 25], "uv_size": [3.5, 1.25]},
								"up": {"uv": [22, 42], "uv_size": [2, 3.5]},
								"down": {"uv": [42, 27.5], "uv_size": [2, -3.5]}
							}
						},
						{
							"origin": [-1.762, 25.2205, -6.85027],
							"size": [0.96, 2.4, 3.641],
							"uv": {
								"north": {"uv": [0, 52], "uv_size": [1, 2.5]},
								"east": {"uv": [16, 38], "uv_size": [3.75, 2.5]},
								"south": {"uv": [1, 52], "uv_size": [1, 2.5]},
								"west": {"uv": [38, 29], "uv_size": [3.75, 2.5]},
								"up": {"uv": [22, 31], "uv_size": [1, 3.75]},
								"down": {"uv": [43, 18.75], "uv_size": [1, -3.75]}
							}
						},
						{
							"origin": [-1.762, 25.2205, -3.20927],
							"size": [0.96, 1.3, 2.952],
							"uv": {
								"north": {"uv": [2, 54], "uv_size": [1, 1.25]},
								"east": {"uv": [50, 17], "uv_size": [3, 1.25]},
								"south": {"uv": [3, 54], "uv_size": [1, 1.25]},
								"west": {"uv": [50, 19], "uv_size": [3, 1.25]},
								"up": {"uv": [41, 47], "uv_size": [1, 3]},
								"down": {"uv": [41, 53], "uv_size": [1, -3]}
							}
						},
						{
							"origin": [-1.762, 25.2205, -0.25027],
							"size": [0.96, 2.4, 7.012],
							"uv": {
								"north": {"uv": [49, 52], "uv_size": [1, 2.5]},
								"east": {"uv": [9, 28], "uv_size": [7, 2.5]},
								"south": {"uv": [7, 53], "uv_size": [1, 2.5]},
								"west": {"uv": [16, 28], "uv_size": [7, 2.5]},
								"up": {"uv": [26, 6], "uv_size": [1, 7]},
								"down": {"uv": [34, 13], "uv_size": [1, -7]}
							}
						},
						{
							"origin": [-0.846, 26.2865, -3.70387],
							"size": [1.52, 1.52, 0.22],
							"uv": {
								"north": {"uv": [10, 53], "uv_size": [1.5, 1.5]},
								"east": {"uv": [43, 56], "uv_size": [0.25, 1.5]},
								"south": {"uv": [12, 53], "uv_size": [1.5, 1.5]},
								"west": {"uv": [56, 43], "uv_size": [0.25, 1.5]},
								"up": {"uv": [56, 41], "uv_size": [1.5, 0.25]},
								"down": {"uv": [44, 56.25], "uv_size": [1.5, -0.25]}
							}
						},
						{
							"origin": [0.55, 25.2205, -6.85027],
							"size": [1.26, 2.4, 13.612],
							"uv": {
								"north": {"uv": [35, 48], "uv_size": [1.25, 2.5]},
								"east": {"uv": [6, 11], "uv_size": [13.5, 2.5]},
								"south": {"uv": [0, 49], "uv_size": [1.25, 2.5]},
								"west": {"uv": [12, 0], "uv_size": [13.5, 2.5]},
								"up": {"uv": [29, 29], "uv_size": [1.25, 13.5]},
								"down": {"uv": [9, 44.5], "uv_size": [1.25, -13.5]}
							}
						},
						{
							"origin": [-1.02937, 27.82524, -15.44827],
							"size": [2.11904, 0.39104, 8.641],
							"inflate": 0.002,
							"uv": {
								"north": {"uv": [47, 54], "uv_size": [2, 0.5]},
								"east": {"uv": [47, 27], "uv_size": [8.75, 0.5]},
								"south": {"uv": [54, 51], "uv_size": [2, 0.5]},
								"west": {"uv": [44, 47], "uv_size": [8.75, 0.5]},
								"up": {"uv": [23, 28], "uv_size": [2, 8.75]},
								"down": {"uv": [25, 36.75], "uv_size": [2, -8.75]}
							}
						},
						{
							"origin": [-1.02937, 24.72524, -15.44827],
							"size": [2.11904, 0.39104, 8.641],
							"inflate": 0.002,
							"uv": {
								"north": {"uv": [52, 54], "uv_size": [2, 0.5]},
								"east": {"uv": [44, 48], "uv_size": [8.75, 0.5]},
								"south": {"uv": [54, 52], "uv_size": [2, 0.5]},
								"west": {"uv": [49, 4], "uv_size": [8.75, 0.5]},
								"up": {"uv": [29, 6], "uv_size": [2, 8.75]},
								"down": {"uv": [27, 37.75], "uv_size": [2, -8.75]}
							}
						},
						{
							"origin": [-1.52582, 27.3871, -15.45],
							"size": [0.55952, 0.77152, 8.641],
							"inflate": 0.001,
							"pivot": [-1.24688, 27.54795, -25.53457],
							"rotation": [0, 0, 43],
							"uv": {
								"north": {"uv": [56, 50], "uv_size": [0.5, 0.75]},
								"east": {"uv": [42, 36], "uv_size": [8.75, 0.75]},
								"south": {"uv": [56, 51], "uv_size": [0.5, 0.75]},
								"west": {"uv": [42, 37], "uv_size": [8.75, 0.75]},
								"up": {"uv": [39, 47], "uv_size": [0.5, 8.75]},
								"down": {"uv": [40, 55.75], "uv_size": [0.5, -8.75]}
							}
						},
						{
							"origin": [-1.562, 25.2205, -15.45027],
							"size": [0.76, 2.4, 8.641],
							"uv": {
								"north": {"uv": [27, 53], "uv_size": [0.75, 2.5]},
								"east": {"uv": [9, 25], "uv_size": [8.75, 2.5]},
								"south": {"uv": [31, 53], "uv_size": [0.75, 2.5]},
								"west": {"uv": [18, 25], "uv_size": [8.75, 2.5]},
								"up": {"uv": [24, 42], "uv_size": [0.75, 8.75]},
								"down": {"uv": [31, 50.75], "uv_size": [0.75, -8.75]}
							}
						},
						{
							"origin": [1.01309, 27.39261, -15.45],
							"size": [0.55952, 0.77152, 8.641],
							"inflate": 0.001,
							"pivot": [1.29366, 27.55346, -25.53457],
							"rotation": [0, 0, -42],
							"uv": {
								"north": {"uv": [56, 48], "uv_size": [0.5, 0.75]},
								"east": {"uv": [42, 30], "uv_size": [8.75, 0.75]},
								"south": {"uv": [56, 49], "uv_size": [0.5, 0.75]},
								"west": {"uv": [42, 31], "uv_size": [8.75, 0.75]},
								"up": {"uv": [37, 47], "uv_size": [0.5, 8.75]},
								"down": {"uv": [38, 55.75], "uv_size": [0.5, -8.75]}
							}
						},
						{
							"origin": [0.55, 25.2205, -15.45027],
							"size": [1.06, 2.4, 8.612],
							"uv": {
								"north": {"uv": [8, 53], "uv_size": [1, 2.5]},
								"east": {"uv": [26, 0], "uv_size": [8.5, 2.5]},
								"south": {"uv": [9, 53], "uv_size": [1, 2.5]},
								"west": {"uv": [26, 3], "uv_size": [8.5, 2.5]},
								"up": {"uv": [18, 41], "uv_size": [1, 8.5]},
								"down": {"uv": [19, 49.5], "uv_size": [1, -8.5]}
							}
						}
					]
				},
				{
					"name": "glow",
					"parent": "slide",
					"pivot": [-0.035, 28.3205, 5.81051],
					"cubes": [
						{
							"origin": [0.42, 28.5605, 6.2541],
							"size": [0.22, 0.22, 0.07],
							"uv": {
								"north": {"uv": [12, 57], "uv_size": [0.25, 0.25]},
								"east": {"uv": [57, 12], "uv_size": [0.25, 0.25]},
								"south": {"uv": [57, 13], "uv_size": [0.25, 0.25]},
								"west": {"uv": [14, 57], "uv_size": [0.25, 0.25]},
								"up": {"uv": [57, 14], "uv_size": [0.25, 0.25]},
								"down": {"uv": [15, 57.25], "uv_size": [0.25, -0.25]}
							}
						},
						{
							"origin": [-0.65, 28.5605, 6.2541],
							"size": [0.22, 0.22, 0.07],
							"uv": {
								"north": {"uv": [57, 7], "uv_size": [0.25, 0.25]},
								"east": {"uv": [57, 8], "uv_size": [0.25, 0.25]},
								"south": {"uv": [9, 57], "uv_size": [0.25, 0.25]},
								"west": {"uv": [10, 57], "uv_size": [0.25, 0.25]},
								"up": {"uv": [11, 57], "uv_size": [0.25, 0.25]},
								"down": {"uv": [57, 11.25], "uv_size": [0.25, -0.25]}
							}
						},
						{
							"origin": [-0.13, 28.7605, -13.8],
							"size": [0.22, 0.22, 0.27],
							"uv": {
								"north": {"uv": [57, 15], "uv_size": [0.25, 0.25]},
								"east": {"uv": [57, 16], "uv_size": [0.25, 0.25]},
								"south": {"uv": [57, 17], "uv_size": [0.25, 0.25]},
								"west": {"uv": [18, 57], "uv_size": [0.25, 0.25]},
								"up": {"uv": [57, 18], "uv_size": [0.25, 0.25]},
								"down": {"uv": [19, 57.25], "uv_size": [0.25, -0.25]}
							}
						}
					]
				},
				{
					"name": "bone",
					"parent": "gun",
					"pivot": [1.126, 24.0805, -3.53787]
				},
				{
					"name": "trigger",
					"parent": "gun",
					"pivot": [0.024, 23.78021, -2.1112],
					"rotation": [7, 0, 0],
					"cubes": [
						{
							"origin": [-0.432, 22.18835, -2.32155],
							"size": [0.912, 1.788, 0.608],
							"inflate": -0.1,
							"pivot": [0.024, 23.72642, -2.13477],
							"rotation": [-6, 0, 0],
							"uv": {
								"north": {"uv": [32, 53], "uv_size": [1, 1.75]},
								"east": {"uv": [55, 30], "uv_size": [0.5, 1.75]},
								"south": {"uv": [33, 53], "uv_size": [1, 1.75]},
								"west": {"uv": [32, 55], "uv_size": [0.5, 1.75]},
								"up": {"uv": [56, 29], "uv_size": [1, 0.5]},
								"down": {"uv": [30, 56.5], "uv_size": [1, -0.5]}
							}
						},
						{
							"origin": [-0.432, 20.76926, -2.57533],
							"size": [0.912, 1.788, 0.608],
							"inflate": -0.1,
							"pivot": [0.024, 22.20798, -2.3073],
							"rotation": [-37, 0, 0],
							"uv": {
								"north": {"uv": [34, 53], "uv_size": [1, 1.75]},
								"east": {"uv": [41, 55], "uv_size": [0.5, 1.75]},
								"south": {"uv": [35, 53], "uv_size": [1, 1.75]},
								"west": {"uv": [42, 55], "uv_size": [0.5, 1.75]},
								"up": {"uv": [56, 31], "uv_size": [1, 0.5]},
								"down": {"uv": [33, 56.5], "uv_size": [1, -0.5]}
							}
						}
					]
				},
				{
					"name": "magazine",
					"parent": "main",
					"pivot": [0.7, 10.05, -3.95],
					"cubes": [
						{
							"origin": [-0.8175, 13.86409, 0.53428],
							"size": [2.07, 10.35, 2.553],
							"pivot": [-0.3, 21.50584, 1.96603],
							"rotation": [18, 0, 0],
							"uv": {
								"north": {"uv": [0, 26], "uv_size": [2, 10.25]},
								"east": {"uv": [12, 14], "uv_size": [2.5, 10.25]},
								"south": {"uv": [2, 26], "uv_size": [2, 10.25]},
								"west": {"uv": [15, 14], "uv_size": [2.5, 10.25]},
								"up": {"uv": [45, 19], "uv_size": [2, 2.5]},
								"down": {"uv": [45, 24.5], "uv_size": [2, -2.5]}
							}
						},
						{
							"origin": [-1.16219, 13.8644, 0.53459],
							"size": [0.68938, 10.34938, 2.55238],
							"inflate": 0.001,
							"pivot": [-0.3, 21.50584, 1.96603],
							"rotation": [18, 0, 0],
							"uv": {
								"north": {"uv": [41, 36], "uv_size": [0.75, 10.25]},
								"east": {"uv": [18, 14], "uv_size": [2.5, 10.25]},
								"south": {"uv": [11, 42], "uv_size": [0.75, 10.25]},
								"west": {"uv": [20, 3], "uv_size": [2.5, 10.25]},
								"up": {"uv": [23, 53], "uv_size": [0.75, 2.5]},
								"down": {"uv": [24, 55.5], "uv_size": [0.75, -2.5]}
							}
						}
					]
				},
				{
					"name": "bullet",
					"parent": "magazine",
					"pivot": [0.05, 24.7, -9.4],
					"cubes": [
						{
							"origin": [-1.24154, 23.6123, 0.97578],
							"size": [0.566, 0.566, 1.739],
							"inflate": 0.2,
							"pivot": [-0.3, 21.50584, 1.96603],
							"rotation": [16.87458, -6.35808, 20.05594],
							"uv": {
								"north": {"uv": [56, 52], "uv_size": [0.5, 0.5]},
								"east": {"uv": [10, 55], "uv_size": [1.75, 0.5]},
								"south": {"uv": [53, 56], "uv_size": [0.5, 0.5]},
								"west": {"uv": [12, 55], "uv_size": [1.75, 0.5]},
								"up": {"uv": [14, 55], "uv_size": [0.5, 1.75]},
								"down": {"uv": [15, 56.75], "uv_size": [0.5, -1.75]}
							}
						}
					]
				},
				{
					"name": "magazine2",
					"parent": "main",
					"pivot": [0.7, 10.05, -3.95],
					"cubes": [
						{
							"origin": [-0.8299, 13.8484, 0.55079],
							"size": [2.07, 10.35, 2.553],
							"pivot": [-0.3124, 21.49015, 1.98254],
							"rotation": [18, 0, 0],
							"uv": {
								"north": {"uv": [4, 26], "uv_size": [2, 10.25]},
								"east": {"uv": [21, 14], "uv_size": [2.5, 10.25]},
								"south": {"uv": [27, 6], "uv_size": [2, 10.25]},
								"west": {"uv": [23, 3], "uv_size": [2.5, 10.25]},
								"up": {"uv": [45, 25], "uv_size": [2, 2.5]},
								"down": {"uv": [35, 47.5], "uv_size": [2, -2.5]}
							}
						},
						{
							"origin": [-1.17459, 13.84871, 0.5511],
							"size": [0.68938, 10.34938, 2.55238],
							"inflate": 0.001,
							"pivot": [-0.3124, 21.49015, 1.98254],
							"rotation": [18, 0, 0],
							"uv": {
								"north": {"uv": [12, 42], "uv_size": [0.75, 10.25]},
								"east": {"uv": [24, 14], "uv_size": [2.5, 10.25]},
								"south": {"uv": [13, 42], "uv_size": [0.75, 10.25]},
								"west": {"uv": [6, 25], "uv_size": [2.5, 10.25]},
								"up": {"uv": [25, 53], "uv_size": [0.75, 2.5]},
								"down": {"uv": [26, 55.5], "uv_size": [0.75, -2.5]}
							}
						}
					]
				},
				{
					"name": "bullet2",
					"parent": "magazine2",
					"pivot": [-0.3624, 30.08431, -17.1835],
					"cubes": [
						{
							"origin": [-1.25394, 23.59661, 0.99229],
							"size": [0.566, 0.566, 1.739],
							"inflate": 0.2,
							"pivot": [-0.3124, 21.49015, 1.98254],
							"rotation": [16.87458, -6.35808, 20.05594],
							"uv": {
								"north": {"uv": [56, 53], "uv_size": [0.5, 0.5]},
								"east": {"uv": [55, 12], "uv_size": [1.75, 0.5]},
								"south": {"uv": [54, 56], "uv_size": [0.5, 0.5]},
								"west": {"uv": [16, 55], "uv_size": [1.75, 0.5]},
								"up": {"uv": [18, 55], "uv_size": [0.5, 1.75]},
								"down": {"uv": [20, 56.75], "uv_size": [0.5, -1.75]}
							}
						}
					]
				},
				{
					"name": "rightarm",
					"parent": "main",
					"pivot": [-5.2, 15.5, 25.8],
					"rotation": [-101.81106, -12.40003, -2.46982],
					"cubes": [
						{
							"origin": [-9.2, -8.5, 21.8],
							"size": [8, 24, 8],
							"uv": {
								"north": {"uv": [23.75, 20.25], "uv_size": [8, 24]},
								"east": {"uv": [15.75, 20.25], "uv_size": [8, 24]},
								"south": {"uv": [39.75, 20.25], "uv_size": [8, 24]},
								"west": {"uv": [31.75, 20.25], "uv_size": [8, 24]},
								"up": {"uv": [23.75, 12.25], "uv_size": [8, 8]},
								"down": {"uv": [9.2, 65.2], "uv_size": [-8, -8]}
							}
						}
					]
				},
				{
					"name": "leftarm",
					"parent": "main",
					"pivot": [10.7, 15.3, 12.4],
					"rotation": [-119.61483, 1.67666, -38.31282],
					"cubes": [
						{
							"origin": [3.82256, -0.95844, 5.99404],
							"size": [8, 24, 8],
							"uv": {
								"north": {"uv": [23.5, 16.75], "uv_size": [8, 24]},
								"east": {"uv": [15.5, 16.75], "uv_size": [8, 24]},
								"south": {"uv": [39.5, 16.75], "uv_size": [8, 24]},
								"west": {"uv": [31.5, 16.75], "uv_size": [8, 24]},
								"up": {"uv": [23.5, 8.75], "uv_size": [8, 8]},
								"down": {"uv": [8, 81.00596], "uv_size": [-8, -8]}
							}
						}
					]
				},
				{
					"name": "muzzleflash",
					"parent": "main",
					"pivot": [0, 26.95, -15.95],
					"cubes": [
						{
							"origin": [-0.5, 26.45, -16.45],
							"size": [1, 1, 1],
							"inflate": -0.4,
							"uv": {
								"north": {"uv": [26, 13], "uv_size": [1, 1]},
								"east": {"uv": [43, 19], "uv_size": [1, 1]},
								"south": {"uv": [8, 50], "uv_size": [1, 1]},
								"west": {"uv": [4, 54], "uv_size": [1, 1]},
								"up": {"uv": [17, 54], "uv_size": [1, 1]},
								"down": {"uv": [18, 55], "uv_size": [1, -1]}
							}
						}
					]
				},
				{
					"name": "scope",
					"parent": "main",
					"pivot": [0.05, 28.65, 17.5],
					"cubes": [
						{
							"origin": [-0.52, 28.15, 17],
							"size": [1, 1, 1],
							"inflate": -0.4,
							"uv": {
								"north": {"uv": [54, 26], "uv_size": [1, 1]},
								"east": {"uv": [54, 30], "uv_size": [1, 1]},
								"south": {"uv": [54, 31], "uv_size": [1, 1]},
								"west": {"uv": [54, 36], "uv_size": [1, 1]},
								"up": {"uv": [54, 37], "uv_size": [1, 1]},
								"down": {"uv": [54, 39], "uv_size": [1, -1]}
							}
						}
					]
				}
			]
		}
	]
}