{
	"format_version": "1.12.0",
	"minecraft:geometry": [
		{
			"description": {
				"identifier": "geometry.unknown",
				"texture_width": 64,
				"texture_height": 64,
				"visible_bounds_width": 8,
				"visible_bounds_height": 4,
				"visible_bounds_offset": [0, 1, 0]
			},
			"bones": [
				{
					"name": "main",
					"pivot": [0, 23.3, 6.3]
				},
				{
					"name": "gun",
					"parent": "main",
					"pivot": [0.784, 16.3665, 3.41613],
					"cubes": [
						{
							"origin": [-1.41236, 14.4223, 0.59089],
							"size": [2.84, 10.956, 5.32],
							"pivot": [0.00764, 20.3503, 3.25089],
							"rotation": [17.08474, 0, 0],
							"uv": {
								"north": {"uv": [6, 14], "uv_size": [2.75, 11]},
								"east": {"uv": [0, 0], "uv_size": [5.25, 11]},
								"south": {"uv": [9, 14], "uv_size": [2.75, 11]},
								"west": {"uv": [6, 0], "uv_size": [5.25, 11]},
								"up": {"uv": [15, 30], "uv_size": [2.75, 5.25]},
								"down": {"uv": [18, 35.25], "uv_size": [2.75, -5.25]}
							}
						},
						{
							"origin": [-1.22464, 26.71201, -12.67477],
							"size": [0.64772, 0.57172, 9.45172],
							"inflate": -0.002,
							"pivot": [0.024, 27.0127, -7.10537],
							"rotation": [0, 0, -46],
							"uv": {
								"north": {"uv": [28, 55], "uv_size": [0.75, 0.5]},
								"east": {"uv": [45, 0], "uv_size": [9.5, 0.5]},
								"south": {"uv": [55, 28], "uv_size": [0.75, 0.5]},
								"west": {"uv": [45, 1], "uv_size": [9.5, 0.5]},
								"up": {"uv": [19, 40], "uv_size": [0.75, 9.5]},
								"down": {"uv": [20, 49.5], "uv_size": [0.75, -9.5]}
							}
						},
						{
							"origin": [-0.63417, 25.91125, -12.67837],
							"size": [1.30928, 0.56828, 9.44828],
							"inflate": 0.002,
							"uv": {
								"north": {"uv": [54, 54], "uv_size": [1.25, 0.5]},
								"east": {"uv": [43, 25], "uv_size": [9.5, 0.5]},
								"south": {"uv": [0, 55], "uv_size": [1.25, 0.5]},
								"west": {"uv": [44, 32], "uv_size": [9.5, 0.5]},
								"up": {"uv": [25, 30], "uv_size": [1.25, 9.5]},
								"down": {"uv": [31, 33.5], "uv_size": [1.25, -9.5]}
							}
						},
						{
							"origin": [0.62492, 26.71201, -12.67477],
							"size": [0.64772, 0.57172, 9.45172],
							"inflate": -0.002,
							"pivot": [0.024, 27.0127, -7.10537],
							"rotation": [0, 0, 46],
							"uv": {
								"north": {"uv": [55, 26], "uv_size": [0.75, 0.5]},
								"east": {"uv": [43, 12], "uv_size": [9.5, 0.5]},
								"south": {"uv": [55, 27], "uv_size": [0.75, 0.5]},
								"west": {"uv": [43, 24], "uv_size": [9.5, 0.5]},
								"up": {"uv": [17, 40], "uv_size": [0.75, 9.5]},
								"down": {"uv": [18, 49.5], "uv_size": [0.75, -9.5]}
							}
						},
						{
							"origin": [-0.63417, 27.35525, -12.67837],
							"size": [1.30928, 0.56828, 9.44828],
							"inflate": 0.002,
							"pivot": [0.024, 27.69661, -7.10537],
							"rotation": [0, 0, 180],
							"uv": {
								"north": {"uv": [55, 0], "uv_size": [1.25, 0.5]},
								"east": {"uv": [45, 16], "uv_size": [9.5, 0.5]},
								"south": {"uv": [55, 1], "uv_size": [1.25, 0.5]},
								"west": {"uv": [45, 17], "uv_size": [9.5, 0.5]},
								"up": {"uv": [33, 24], "uv_size": [1.25, 9.5]},
								"down": {"uv": [31, 43.5], "uv_size": [1.25, -9.5]}
							}
						},
						{
							"origin": [0.07816, 27.92392, -12.67477],
							"size": [0.64772, 0.57172, 9.45172],
							"inflate": -0.002,
							"pivot": [0.024, 27.69661, -7.10537],
							"rotation": [0, 0, -134],
							"uv": {
								"north": {"uv": [30, 55], "uv_size": [0.75, 0.5]},
								"east": {"uv": [45, 4], "uv_size": [9.5, 0.5]},
								"south": {"uv": [55, 30], "uv_size": [0.75, 0.5]},
								"west": {"uv": [45, 5], "uv_size": [9.5, 0.5]},
								"up": {"uv": [27, 40], "uv_size": [0.75, 9.5]},
								"down": {"uv": [28, 49.5], "uv_size": [0.75, -9.5]}
							}
						},
						{
							"origin": [-0.67788, 27.92392, -12.67477],
							"size": [0.64772, 0.57172, 9.45172],
							"inflate": -0.002,
							"pivot": [0.024, 27.69661, -7.10537],
							"rotation": [0, 0, 134],
							"uv": {
								"north": {"uv": [29, 55], "uv_size": [0.75, 0.5]},
								"east": {"uv": [45, 2], "uv_size": [9.5, 0.5]},
								"south": {"uv": [55, 29], "uv_size": [0.75, 0.5]},
								"west": {"uv": [45, 3], "uv_size": [9.5, 0.5]},
								"up": {"uv": [25, 40], "uv_size": [0.75, 9.5]},
								"down": {"uv": [26, 49.5], "uv_size": [0.75, -9.5]}
							}
						},
						{
							"origin": [0.5085, 26.291, -12.6794],
							"size": [0.57, 1.387, 9.45],
							"uv": {
								"north": {"uv": [26, 54], "uv_size": [0.5, 1.5]},
								"east": {"uv": [31, 16], "uv_size": [9.5, 1.5]},
								"south": {"uv": [27, 54], "uv_size": [0.5, 1.5]},
								"west": {"uv": [31, 18], "uv_size": [9.5, 1.5]},
								"up": {"uv": [3, 45], "uv_size": [0.5, 9.5]},
								"down": {"uv": [4, 54.5], "uv_size": [0.5, -9.5]}
							}
						},
						{
							"origin": [-0.546, 24.4865, -12.60387],
							"size": [1.02, 1.22, 1.52],
							"uv": {
								"north": {"uv": [15, 53], "uv_size": [1, 1.25]},
								"east": {"uv": [33, 52], "uv_size": [1.5, 1.25]},
								"south": {"uv": [16, 53], "uv_size": [1, 1.25]},
								"west": {"uv": [39, 52], "uv_size": [1.5, 1.25]},
								"up": {"uv": [29, 52], "uv_size": [1, 1.5]},
								"down": {"uv": [35, 53.5], "uv_size": [1, -1.5]}
							}
						},
						{
							"origin": [-1.0305, 26.291, -12.6794],
							"size": [0.57, 1.387, 9.45],
							"uv": {
								"north": {"uv": [25, 54], "uv_size": [0.5, 1.5]},
								"east": {"uv": [30, 9], "uv_size": [9.5, 1.5]},
								"south": {"uv": [54, 25], "uv_size": [0.5, 1.5]},
								"west": {"uv": [30, 11], "uv_size": [9.5, 1.5]},
								"up": {"uv": [0, 45], "uv_size": [0.5, 9.5]},
								"down": {"uv": [1, 54.5], "uv_size": [0.5, -9.5]}
							}
						},
						{
							"origin": [-0.55783, 24.25414, -12.6837],
							"size": [1.15169, 0.49961, 8.89801],
							"inflate": 0.002,
							"uv": {
								"north": {"uv": [55, 5], "uv_size": [1.25, 0.5]},
								"east": {"uv": [47, 10], "uv_size": [9, 0.5]},
								"south": {"uv": [13, 55], "uv_size": [1.25, 0.5]},
								"west": {"uv": [47, 13], "uv_size": [9, 0.5]},
								"up": {"uv": [9, 36], "uv_size": [1.25, 9]},
								"down": {"uv": [11, 45], "uv_size": [1.25, -9]}
							}
						},
						{
							"origin": [0.54969, 24.95833, -12.6907],
							"size": [0.57047, 0.50359, 8.9],
							"inflate": -0.002,
							"pivot": [0.02112, 25.22317, -7.55272],
							"rotation": [0, 0, 46],
							"uv": {
								"north": {"uv": [5, 56], "uv_size": [0.5, 0.5]},
								"east": {"uv": [47, 8], "uv_size": [9, 0.5]},
								"south": {"uv": [6, 56], "uv_size": [0.5, 0.5]},
								"west": {"uv": [47, 9], "uv_size": [9, 0.5]},
								"up": {"uv": [10, 47], "uv_size": [0.5, 9]},
								"down": {"uv": [38, 56], "uv_size": [0.5, -9]}
							}
						},
						{
							"origin": [-1.07793, 24.95833, -12.6907],
							"size": [0.57047, 0.50359, 8.9],
							"pivot": [0.02112, 25.22317, -7.55272],
							"rotation": [0, 0, -46],
							"uv": {
								"north": {"uv": [56, 3], "uv_size": [0.5, 0.5]},
								"east": {"uv": [47, 6], "uv_size": [9, 0.5]},
								"south": {"uv": [56, 4], "uv_size": [0.5, 0.5]},
								"west": {"uv": [47, 7], "uv_size": [9, 0.5]},
								"up": {"uv": [8, 47], "uv_size": [0.5, 9]},
								"down": {"uv": [9, 56], "uv_size": [0.5, -9]}
							}
						},
						{
							"origin": [-0.90684, 24.58808, -12.69072],
							"size": [0.5016, 1.22056, 8.9],
							"uv": {
								"north": {"uv": [55, 3], "uv_size": [0.5, 1.25]},
								"east": {"uv": [32, 0], "uv_size": [9, 1.25]},
								"south": {"uv": [4, 55], "uv_size": [0.5, 1.25]},
								"west": {"uv": [35, 29], "uv_size": [9, 1.25]},
								"up": {"uv": [6, 47], "uv_size": [0.5, 9]},
								"down": {"uv": [7, 56], "uv_size": [0.5, -9]}
							}
						},
						{
							"origin": [0.4519, 24.59848, -12.6907],
							"size": [0.5016, 1.22056, 8.9],
							"uv": {
								"north": {"uv": [55, 16], "uv_size": [0.5, 1.25]},
								"east": {"uv": [35, 31], "uv_size": [9, 1.25]},
								"south": {"uv": [17, 55], "uv_size": [0.5, 1.25]},
								"west": {"uv": [36, 33], "uv_size": [9, 1.25]},
								"up": {"uv": [41, 47], "uv_size": [0.5, 9]},
								"down": {"uv": [11, 57], "uv_size": [0.5, -9]}
							}
						},
						{
							"origin": [0.06854, 26.02481, -12.6907],
							"size": [0.57047, 0.50359, 8.9],
							"inflate": -0.002,
							"pivot": [0.02112, 25.82502, -7.55272],
							"rotation": [0, 0, -134],
							"uv": {
								"north": {"uv": [2, 56], "uv_size": [0.5, 0.5]},
								"east": {"uv": [46, 42], "uv_size": [9, 0.5]},
								"south": {"uv": [3, 56], "uv_size": [0.5, 0.5]},
								"west": {"uv": [46, 43], "uv_size": [9, 0.5]},
								"up": {"uv": [46, 44], "uv_size": [0.5, 9]},
								"down": {"uv": [5, 56], "uv_size": [0.5, -9]}
							}
						},
						{
							"origin": [-0.55783, 25.52486, -12.6837],
							"size": [1.15169, 0.49961, 8.89801],
							"inflate": 0.002,
							"pivot": [0.02112, 25.82502, -7.55272],
							"rotation": [0, 0, 180],
							"uv": {
								"north": {"uv": [2, 55], "uv_size": [1.25, 0.5]},
								"east": {"uv": [46, 40], "uv_size": [9, 0.5]},
								"south": {"uv": [55, 2], "uv_size": [1.25, 0.5]},
								"west": {"uv": [46, 41], "uv_size": [9, 0.5]},
								"up": {"uv": [0, 36], "uv_size": [1.25, 9]},
								"down": {"uv": [7, 45], "uv_size": [1.25, -9]}
							}
						},
						{
							"origin": [-0.59678, 26.02481, -12.6907],
							"size": [0.57047, 0.50359, 8.9],
							"inflate": -0.002,
							"pivot": [0.02112, 25.82502, -7.55272],
							"rotation": [0, 0, 134],
							"uv": {
								"north": {"uv": [0, 56], "uv_size": [0.5, 0.5]},
								"east": {"uv": [46, 38], "uv_size": [9, 0.5]},
								"south": {"uv": [1, 56], "uv_size": [0.5, 0.5]},
								"west": {"uv": [46, 39], "uv_size": [9, 0.5]},
								"up": {"uv": [2, 46], "uv_size": [0.5, 9]},
								"down": {"uv": [30, 55], "uv_size": [0.5, -9]}
							}
						},
						{
							"origin": [-1.477, 24.02426, 3.78586],
							"size": [2.964, 3.216, 1.444],
							"pivot": [0.00766, 24.18226, 4.67986],
							"rotation": [-90.41804, 0, 0],
							"uv": {
								"north": {"uv": [27, 36], "uv_size": [3, 3.25]},
								"east": {"uv": [42, 44], "uv_size": [1.5, 3.25]},
								"south": {"uv": [36, 35], "uv_size": [3, 3.25]},
								"west": {"uv": [44, 44], "uv_size": [1.5, 3.25]},
								"up": {"uv": [5, 45], "uv_size": [3, 1.5]},
								"down": {"uv": [8, 46.5], "uv_size": [3, -1.5]}
							}
						},
						{
							"origin": [-1.469, 23.50651, 5.11376],
							"size": [2.954, 3.116, 1.444],
							"pivot": [0.00766, 24.16451, 4.70776],
							"rotation": [-63.41804, 0, 0],
							"uv": {
								"north": {"uv": [38, 24], "uv_size": [3, 3]},
								"east": {"uv": [11, 45], "uv_size": [1.5, 3]},
								"south": {"uv": [33, 39], "uv_size": [3, 3]},
								"west": {"uv": [45, 21], "uv_size": [1.5, 3]},
								"up": {"uv": [45, 27], "uv_size": [3, 1.5]},
								"down": {"uv": [45, 34.5], "uv_size": [3, -1.5]}
							}
						},
						{
							"origin": [-1.469, 18.20651, 5.21376],
							"size": [2.954, 1.216, 1.444],
							"pivot": [0.00766, 24.16451, 4.70776],
							"rotation": [-105.41804, 0, 0],
							"uv": {
								"north": {"uv": [39, 35], "uv_size": [3, 3]},
								"east": {"uv": [47, 21], "uv_size": [1.5, 3]},
								"south": {"uv": [36, 39], "uv_size": [3, 3]},
								"west": {"uv": [39, 47], "uv_size": [1.5, 3]},
								"up": {"uv": [47, 44], "uv_size": [3, 1.5]},
								"down": {"uv": [47, 47.5], "uv_size": [3, -1.5]}
							}
						},
						{
							"origin": [-1.34715, 20.41196, -5.61006],
							"size": [2.778, 4.084, 0.608],
							"inflate": -0.1,
							"pivot": [0.03739, 20.57624, -5.3139],
							"rotation": [10, 0, 0],
							"uv": {
								"north": {"uv": [15, 36], "uv_size": [2.75, 4]},
								"east": {"uv": [37, 51], "uv_size": [0.5, 4]},
								"south": {"uv": [18, 36], "uv_size": [2.75, 4]},
								"west": {"uv": [45, 51], "uv_size": [0.5, 4]},
								"up": {"uv": [52, 51], "uv_size": [2.75, 0.5]},
								"down": {"uv": [52, 52.5], "uv_size": [2.75, -0.5]}
							}
						},
						{
							"origin": [1.15285, 23.71196, -5.61006],
							"size": [0.478, 0.784, 0.608],
							"inflate": -0.1,
							"pivot": [0.03739, 20.57624, -5.3139],
							"rotation": [10, 0, 0],
							"uv": {
								"north": {"uv": [55, 37], "uv_size": [0.5, 0.75]},
								"east": {"uv": [55, 38], "uv_size": [0.5, 0.75]},
								"south": {"uv": [55, 39], "uv_size": [0.5, 0.75]},
								"west": {"uv": [55, 40], "uv_size": [0.5, 0.75]},
								"up": {"uv": [56, 6], "uv_size": [0.5, 0.5]},
								"down": {"uv": [7, 56.5], "uv_size": [0.5, -0.5]}
							}
						},
						{
							"origin": [-1.618, 23.71196, -5.61006],
							"size": [0.478, 0.784, 0.608],
							"inflate": -0.1,
							"pivot": [0.03739, 20.57624, -5.3139],
							"rotation": [10, 0, 0],
							"uv": {
								"north": {"uv": [55, 41], "uv_size": [0.5, 0.75]},
								"east": {"uv": [55, 42], "uv_size": [0.5, 0.75]},
								"south": {"uv": [55, 43], "uv_size": [0.5, 0.75]},
								"west": {"uv": [44, 55], "uv_size": [0.5, 0.75]},
								"up": {"uv": [56, 7], "uv_size": [0.5, 0.5]},
								"down": {"uv": [8, 56.5], "uv_size": [0.5, -0.5]}
							}
						},
						{
							"origin": [-1.332, 21.2855, -5.0463],
							"size": [2.712, 0.688, 0.508],
							"inflate": -0.1,
							"pivot": [0.024, 21.3295, -5.1423],
							"rotation": [-138.5, 0, 0],
							"uv": {
								"north": {"uv": [51, 31], "uv_size": [2.75, 0.75]},
								"east": {"uv": [32, 55], "uv_size": [0.5, 0.75]},
								"south": {"uv": [51, 35], "uv_size": [2.75, 0.75]},
								"west": {"uv": [33, 55], "uv_size": [0.5, 0.75]},
								"up": {"uv": [52, 49], "uv_size": [2.75, 0.5]},
								"down": {"uv": [52, 50.5], "uv_size": [2.75, -0.5]}
							}
						},
						{
							"origin": [-1.312, 22.58309, -3.8211],
							"size": [2.712, 0.488, 0.808],
							"inflate": -0.1,
							"pivot": [0.03234, 20.54342, -5.58584],
							"rotation": [45, 0, 0],
							"uv": {
								"north": {"uv": [53, 11], "uv_size": [2.75, 0.5]},
								"east": {"uv": [55, 33], "uv_size": [0.75, 0.5]},
								"south": {"uv": [53, 12], "uv_size": [2.75, 0.5]},
								"west": {"uv": [34, 55], "uv_size": [0.75, 0.5]},
								"up": {"uv": [51, 36], "uv_size": [2.75, 0.75]},
								"down": {"uv": [48, 51.75], "uv_size": [2.75, -0.75]}
							}
						},
						{
							"origin": [-1.3648, 20.36887, -5.60114],
							"size": [2.7928, 0.6128, 5.7888],
							"inflate": -0.11,
							"pivot": [1.2856, 20.19527, -1.11074],
							"rotation": [0, -0.1, 0],
							"uv": {
								"north": {"uv": [42, 52], "uv_size": [2.75, 0.5]},
								"east": {"uv": [50, 44], "uv_size": [5.75, 0.5]},
								"south": {"uv": [48, 52], "uv_size": [2.75, 0.5]},
								"west": {"uv": [50, 45], "uv_size": [5.75, 0.5]},
								"up": {"uv": [7, 30], "uv_size": [2.75, 5.75]},
								"down": {"uv": [10, 35.75], "uv_size": [2.75, -5.75]}
							}
						},
						{
							"origin": [-1.5124, 23.79651, -5.88259],
							"size": [3.04, 1.23904, 7.59904],
							"inflate": 0.002,
							"uv": {
								"north": {"uv": [48, 30], "uv_size": [3, 1.25]},
								"east": {"uv": [31, 20], "uv_size": [10.5, 1.25]},
								"south": {"uv": [48, 33], "uv_size": [3, 1.25]},
								"west": {"uv": [31, 22], "uv_size": [10.5, 1.25]},
								"up": {"uv": [0, 14], "uv_size": [3, 10.5]},
								"down": {"uv": [3, 24.5], "uv_size": [3, -10.5]}
							}
						},
						{
							"origin": [-1.5124, 24.09651, -12.48259],
							"size": [3.04, 0.93904, 6.59904],
							"inflate": 0.002,
							"uv": {
								"north": {"uv": [50, 20], "uv_size": [3, 1]},
								"east": {"uv": [41, 26], "uv_size": [6.5, 1]},
								"south": {"uv": [25, 50], "uv_size": [3, 1]},
								"west": {"uv": [43, 11], "uv_size": [6.5, 1]},
								"up": {"uv": [12, 3], "uv_size": [3, 6.5]},
								"down": {"uv": [15, 9.5], "uv_size": [3, -6.5]}
							}
						},
						{
							"origin": [-1.23552, 22.31022, -1.95079],
							"size": [2.51904, 0.91104, 2.16704],
							"inflate": 0.002,
							"pivot": [0.024, 21.86574, -0.81727],
							"rotation": [-108.5, -0.1, 0],
							"uv": {
								"north": {"uv": [48, 50], "uv_size": [2.5, 1]},
								"east": {"uv": [51, 29], "uv_size": [2.25, 1]},
								"south": {"uv": [51, 14], "uv_size": [2.5, 1]},
								"west": {"uv": [51, 30], "uv_size": [2.25, 1]},
								"up": {"uv": [43, 35], "uv_size": [2.5, 2.25]},
								"down": {"uv": [43, 40.25], "uv_size": [2.5, -2.25]}
							}
						},
						{
							"origin": [-1.23552, 19.20868, -2.26143],
							"size": [2.51904, 0.91104, 3.36704],
							"inflate": 0.002,
							"pivot": [0.024, 20.1642, 0.27209],
							"rotation": [160.5, 0.2, 0],
							"uv": {
								"north": {"uv": [51, 21], "uv_size": [2.5, 1]},
								"east": {"uv": [49, 23], "uv_size": [3.25, 1]},
								"south": {"uv": [51, 22], "uv_size": [2.5, 1]},
								"west": {"uv": [47, 49], "uv_size": [3.25, 1]},
								"up": {"uv": [39, 38], "uv_size": [2.5, 3.25]},
								"down": {"uv": [40, 12.25], "uv_size": [2.5, -3.25]}
							}
						}
					]
				},
				{
					"name": "bulletejec",
					"parent": "gun",
					"pivot": [0.03015, 27.67076, -4.62777],
					"cubes": [
						{
							"origin": [-0.82937, 26.12524, -3.34827],
							"size": [1.71904, 2.09104, 3.241],
							"inflate": 0.002,
							"uv": {
								"north": {"uv": [49, 14], "uv_size": [1.75, 2]},
								"east": {"uv": [41, 0], "uv_size": [3.25, 2]},
								"south": {"uv": [49, 21], "uv_size": [1.75, 2]},
								"west": {"uv": [36, 42], "uv_size": [3.25, 2]},
								"up": {"uv": [43, 16], "uv_size": [1.75, 3.25]},
								"down": {"uv": [43, 23.25], "uv_size": [1.75, -3.25]}
							}
						},
						{
							"origin": [0.04852, 26.01857, -3.34827],
							"size": [1.11904, 2.09104, 3.241],
							"inflate": 0.002,
							"pivot": [0.60804, 27.06409, -1.72777],
							"rotation": [0, 0, 42],
							"uv": {
								"north": {"uv": [19, 52], "uv_size": [1, 2]},
								"east": {"uv": [40, 42], "uv_size": [3.25, 2]},
								"south": {"uv": [20, 52], "uv_size": [1, 2]},
								"west": {"uv": [43, 9], "uv_size": [3.25, 2]},
								"up": {"uv": [41, 16], "uv_size": [1, 3.25]},
								"down": {"uv": [24, 51.25], "uv_size": [1, -3.25]}
							}
						}
					]
				},
				{
					"name": "slide",
					"parent": "gun",
					"pivot": [-1.002, 27.1205, -13.64587],
					"cubes": [
						{
							"origin": [-2.09265, 24.01675, -12.49],
							"size": [0.66096, 1.06496, 19.25],
							"inflate": -0.002,
							"pivot": [-2.09217, 25.53723, -11.25939],
							"rotation": [0, 0, -46],
							"uv": {
								"north": {"uv": [22, 54], "uv_size": [0.75, 1]},
								"east": {"uv": [7, 28], "uv_size": [19.25, 1]},
								"south": {"uv": [54, 22], "uv_size": [0.75, 1]},
								"west": {"uv": [7, 29], "uv_size": [19.25, 1]},
								"up": {"uv": [13, 30], "uv_size": [0.75, 19.25]},
								"down": {"uv": [14, 49.25], "uv_size": [0.75, -19.25]}
							}
						},
						{
							"origin": [1.16101, 23.92393, -12.49],
							"size": [0.76096, 1.06496, 19.25],
							"inflate": -0.002,
							"pivot": [2.14017, 25.23323, -11.25939],
							"rotation": [0, 0, 46],
							"uv": {
								"north": {"uv": [54, 48], "uv_size": [0.75, 1]},
								"east": {"uv": [29, 14], "uv_size": [19.25, 1]},
								"south": {"uv": [54, 53], "uv_size": [0.75, 1]},
								"west": {"uv": [29, 15], "uv_size": [19.25, 1]},
								"up": {"uv": [21, 30], "uv_size": [0.75, 19.25]},
								"down": {"uv": [22, 49.25], "uv_size": [0.75, -19.25]}
							}
						},
						{
							"origin": [1.06446, 27.25879, -0.24927],
							"size": [0.75952, 1.07152, 7.01152],
							"inflate": 0.001,
							"pivot": [1.34504, 27.41964, -9.73711],
							"rotation": [0, 0, -42],
							"uv": {
								"north": {"uv": [54, 27], "uv_size": [0.75, 1]},
								"east": {"uv": [12, 10], "uv_size": [7, 1]},
								"south": {"uv": [29, 54], "uv_size": [0.75, 1]},
								"west": {"uv": [38, 27], "uv_size": [7, 1]},
								"up": {"uv": [31, 44], "uv_size": [0.75, 7]},
								"down": {"uv": [32, 51], "uv_size": [0.75, -7]}
							}
						},
						{
							"origin": [-1.78327, 27.24268, -0.24927],
							"size": [0.75952, 1.07152, 7.01152],
							"inflate": 0.001,
							"pivot": [-1.30433, 27.40353, -9.73711],
							"rotation": [0, 0, 43],
							"uv": {
								"north": {"uv": [54, 29], "uv_size": [0.75, 1]},
								"east": {"uv": [38, 28], "uv_size": [7, 1]},
								"south": {"uv": [54, 30], "uv_size": [0.75, 1]},
								"west": {"uv": [40, 13], "uv_size": [7, 1]},
								"up": {"uv": [36, 44], "uv_size": [0.75, 7]},
								"down": {"uv": [37, 51], "uv_size": [0.75, -7]}
							}
						},
						{
							"origin": [-1.02937, 27.82524, -0.24827],
							"size": [2.11904, 0.59104, 7.041],
							"inflate": 0.002,
							"uv": {
								"north": {"uv": [53, 28], "uv_size": [2, 0.5]},
								"east": {"uv": [48, 37], "uv_size": [7, 0.5]},
								"south": {"uv": [31, 53], "uv_size": [2, 0.5]},
								"west": {"uv": [47, 48], "uv_size": [7, 0.5]},
								"up": {"uv": [18, 3], "uv_size": [2, 7]},
								"down": {"uv": [23, 37], "uv_size": [2, -7]}
							}
						},
						{
							"origin": [1.06446, 27.25879, -12.6518],
							"size": [0.75952, 1.07152, 9.441],
							"inflate": 0.001,
							"pivot": [1.34504, 27.41964, -20.93711],
							"rotation": [0, 0, -42],
							"uv": {
								"north": {"uv": [54, 34], "uv_size": [0.75, 1]},
								"east": {"uv": [37, 7], "uv_size": [9.5, 1]},
								"south": {"uv": [35, 54], "uv_size": [0.75, 1]},
								"west": {"uv": [37, 8], "uv_size": [9.5, 1]},
								"up": {"uv": [33, 42], "uv_size": [0.75, 9.5]},
								"down": {"uv": [34, 51.5], "uv_size": [0.75, -9.5]}
							}
						},
						{
							"origin": [-1.02937, 27.82524, -12.64827],
							"size": [2.11904, 0.59104, 9.441],
							"inflate": 0.002,
							"uv": {
								"north": {"uv": [42, 53], "uv_size": [2, 0.5]},
								"east": {"uv": [45, 18], "uv_size": [9.5, 0.5]},
								"south": {"uv": [46, 53], "uv_size": [2, 0.5]},
								"west": {"uv": [45, 19], "uv_size": [9.5, 0.5]},
								"up": {"uv": [29, 16], "uv_size": [2, 9.5]},
								"down": {"uv": [29, 35.5], "uv_size": [2, -9.5]}
							}
						},
						{
							"origin": [-1.78327, 27.24268, -12.6518],
							"size": [0.75952, 1.07152, 9.441],
							"inflate": 0.001,
							"pivot": [-1.30433, 27.40353, -20.93711],
							"rotation": [0, 0, 43],
							"uv": {
								"north": {"uv": [54, 33], "uv_size": [0.75, 1]},
								"east": {"uv": [30, 13], "uv_size": [9.5, 1]},
								"south": {"uv": [34, 54], "uv_size": [0.75, 1]},
								"west": {"uv": [37, 6], "uv_size": [9.5, 1]},
								"up": {"uv": [29, 40], "uv_size": [0.75, 9.5]},
								"down": {"uv": [42, 25.5], "uv_size": [0.75, -9.5]}
							}
						},
						{
							"origin": [-0.82937, 25.72524, -12.6473],
							"size": [1.81904, 0.49104, 1.441],
							"inflate": 0.002,
							"uv": {
								"north": {"uv": [54, 20], "uv_size": [1.75, 0.5]},
								"east": {"uv": [32, 54], "uv_size": [1.5, 0.5]},
								"south": {"uv": [54, 21], "uv_size": [1.75, 0.5]},
								"west": {"uv": [54, 32], "uv_size": [1.5, 0.5]},
								"up": {"uv": [28, 50], "uv_size": [1.75, 1.5]},
								"down": {"uv": [39, 51.5], "uv_size": [1.75, -1.5]}
							}
						},
						{
							"origin": [-0.266, 28.33207, -12.03634],
							"size": [0.542, 0.684, 0.912],
							"uv": {
								"north": {"uv": [55, 24], "uv_size": [0.5, 0.75]},
								"east": {"uv": [54, 23], "uv_size": [1, 0.75]},
								"south": {"uv": [55, 25], "uv_size": [0.5, 0.75]},
								"west": {"uv": [54, 24], "uv_size": [1, 0.75]},
								"up": {"uv": [18, 55], "uv_size": [0.5, 1]},
								"down": {"uv": [55, 19], "uv_size": [0.5, -1]}
							}
						},
						{
							"origin": [-0.261, 28.15388, -11.81336],
							"size": [0.532, 0.684, 0.912],
							"pivot": [0.01, 28.49588, -11.35736],
							"rotation": [29, 0, 0],
							"uv": {
								"north": {"uv": [31, 55], "uv_size": [0.5, 0.75]},
								"east": {"uv": [31, 54], "uv_size": [1, 0.75]},
								"south": {"uv": [55, 31], "uv_size": [0.5, 0.75]},
								"west": {"uv": [54, 31], "uv_size": [1, 0.75]},
								"up": {"uv": [55, 19], "uv_size": [0.5, 1]},
								"down": {"uv": [21, 56], "uv_size": [0.5, -1]}
							}
						},
						{
							"origin": [0.40851, 28.04837, 4.27629],
							"size": [0.5, 0.3, 1.5],
							"pivot": [0.65851, 28.24837, 5.02629],
							"rotation": [0, 90, 90.1],
							"uv": {
								"north": {"uv": [56, 9], "uv_size": [0.5, 0.25]},
								"east": {"uv": [55, 46], "uv_size": [1.5, 0.25]},
								"south": {"uv": [10, 56], "uv_size": [0.5, 0.25]},
								"west": {"uv": [55, 47], "uv_size": [1.5, 0.25]},
								"up": {"uv": [54, 35], "uv_size": [0.5, 1.5]},
								"down": {"uv": [39, 55.5], "uv_size": [0.5, -1.5]}
							}
						},
						{
							"origin": [0.2338, 27.89129, 4.27629],
							"size": [0.5, 0.2, 1.5],
							"pivot": [0.4838, 28.19129, 5.02629],
							"rotation": [0, 90, 110.1],
							"uv": {
								"north": {"uv": [12, 56], "uv_size": [0.5, 0.25]},
								"east": {"uv": [55, 50], "uv_size": [1.5, 0.25]},
								"south": {"uv": [56, 12], "uv_size": [0.5, 0.25]},
								"west": {"uv": [55, 51], "uv_size": [1.5, 0.25]},
								"up": {"uv": [48, 54], "uv_size": [0.5, 1.5]},
								"down": {"uv": [49, 55.5], "uv_size": [0.5, -1.5]}
							}
						},
						{
							"origin": [-0.71417, 27.89287, 4.27629],
							"size": [0.5, 0.2, 1.5],
							"pivot": [-0.46417, 28.19287, 5.02629],
							"rotation": [0, -90, -110.1],
							"uv": {
								"north": {"uv": [13, 56], "uv_size": [0.5, 0.25]},
								"east": {"uv": [52, 55], "uv_size": [1.5, 0.25]},
								"south": {"uv": [56, 13], "uv_size": [0.5, 0.25]},
								"west": {"uv": [55, 52], "uv_size": [1.5, 0.25]},
								"up": {"uv": [50, 54], "uv_size": [0.5, 1.5]},
								"down": {"uv": [51, 55.5], "uv_size": [0.5, -1.5]}
							}
						},
						{
							"origin": [-0.23272, 27.37451, 4.16029],
							"size": [0.5, 0.3, 1.5],
							"pivot": [0.00328, 28.11951, 5.04029],
							"rotation": [0, 90, 90.1],
							"uv": {
								"north": {"uv": [56, 10], "uv_size": [0.5, 0.25]},
								"east": {"uv": [55, 48], "uv_size": [1.5, 0.25]},
								"south": {"uv": [56, 11], "uv_size": [0.5, 0.25]},
								"west": {"uv": [55, 49], "uv_size": [1.5, 0.25]},
								"up": {"uv": [54, 46], "uv_size": [0.5, 1.5]},
								"down": {"uv": [47, 55.5], "uv_size": [0.5, -1.5]}
							}
						},
						{
							"origin": [-0.23272, 27.37451, 4.56029],
							"size": [0.5, 1.5, 0.5],
							"pivot": [0.00328, 28.11951, 5.04029],
							"rotation": [0, 90, 90.1],
							"uv": {
								"north": {"uv": [40, 54], "uv_size": [0.5, 1.5]},
								"east": {"uv": [42, 54], "uv_size": [0.5, 1.5]},
								"south": {"uv": [43, 54], "uv_size": [0.5, 1.5]},
								"west": {"uv": [46, 54], "uv_size": [0.5, 1.5]},
								"up": {"uv": [56, 8], "uv_size": [0.5, 0.5]},
								"down": {"uv": [9, 56.5], "uv_size": [0.5, -0.5]}
							}
						},
						{
							"origin": [-1.192, 26.6645, 2.34613],
							"size": [2.432, 1.064, 4.408],
							"uv": {
								"north": {"uv": [51, 15], "uv_size": [2.5, 1]},
								"east": {"uv": [32, 2], "uv_size": [4.5, 1]},
								"south": {"uv": [19, 51], "uv_size": [2.5, 1]},
								"west": {"uv": [45, 20], "uv_size": [4.5, 1]},
								"up": {"uv": [33, 34], "uv_size": [2.5, 4.5]},
								"down": {"uv": [35, 28.5], "uv_size": [2.5, -4.5]}
							}
						},
						{
							"origin": [-1.0293, 26.18746, 5.19799],
							"size": [2.119, 1.35904, 2.19904],
							"inflate": 0.002,
							"pivot": [-0.042, 26.86698, 6.59751],
							"rotation": [-70, 0, 0],
							"uv": {
								"north": {"uv": [15, 51], "uv_size": [2, 1.25]},
								"east": {"uv": [42, 50], "uv_size": [2.25, 1.25]},
								"south": {"uv": [25, 51], "uv_size": [2, 1.25]},
								"west": {"uv": [50, 46], "uv_size": [2.25, 1.25]},
								"up": {"uv": [46, 29], "uv_size": [2, 2.25]},
								"down": {"uv": [46, 37.25], "uv_size": [2, -2.25]}
							}
						},
						{
							"origin": [-1.461, 23.37829, 6.67079],
							"size": [2.941, 1.35904, 1.09904],
							"inflate": 0.002,
							"pivot": [0.05948, 24.05781, -1.82969],
							"rotation": [10, 0, 0],
							"uv": {
								"north": {"uv": [48, 26], "uv_size": [3, 1.25]},
								"east": {"uv": [13, 53], "uv_size": [1, 1.25]},
								"south": {"uv": [48, 28], "uv_size": [3, 1.25]},
								"west": {"uv": [14, 53], "uv_size": [1, 1.25]},
								"up": {"uv": [50, 11], "uv_size": [3, 1]},
								"down": {"uv": [19, 51], "uv_size": [3, -1]}
							}
						},
						{
							"origin": [-0.461, 23.47829, 7.57079],
							"size": [0.941, 0.85904, 2.49904],
							"inflate": 0.002,
							"pivot": [0.05948, 24.05781, -1.82969],
							"rotation": [10, 0, 0],
							"uv": {
								"north": {"uv": [48, 26], "uv_size": [3, 1.25]},
								"east": {"uv": [13, 53], "uv_size": [1, 1.25]},
								"south": {"uv": [48, 28], "uv_size": [3, 1.25]},
								"west": {"uv": [14, 53], "uv_size": [1, 1.25]},
								"up": {"uv": [50, 11], "uv_size": [3, 1]},
								"down": {"uv": [19, 51], "uv_size": [3, -1]}
							}
						},
						{
							"origin": [-0.26, 25.76426, 7.08453],
							"size": [0.541, 0.55904, 2.39904],
							"inflate": 0.002,
							"pivot": [0.0095, 25.44378, 8.33405],
							"rotation": [22, 0, 0],
							"uv": {
								"north": {"uv": [48, 26], "uv_size": [3, 1.25]},
								"east": {"uv": [13, 53], "uv_size": [1, 1.25]},
								"south": {"uv": [48, 28], "uv_size": [3, 1.25]},
								"west": {"uv": [14, 53], "uv_size": [1, 1.25]},
								"up": {"uv": [50, 11], "uv_size": [3, 1]},
								"down": {"uv": [19, 51], "uv_size": [3, -1]}
							}
						},
						{
							"origin": [-1.762, 25.2205, -12.65027],
							"size": [0.96, 2.4, 9.441],
							"uv": {
								"north": {"uv": [22, 50], "uv_size": [1, 2.5]},
								"east": {"uv": [7, 25], "uv_size": [9.5, 2.5]},
								"south": {"uv": [47, 50], "uv_size": [1, 2.5]},
								"west": {"uv": [17, 25], "uv_size": [9.5, 2.5]},
								"up": {"uv": [2, 36], "uv_size": [1, 9.5]},
								"down": {"uv": [30, 45.5], "uv_size": [1, -9.5]}
							}
						},
						{
							"origin": [-1.762, 25.2205, -3.20927],
							"size": [0.96, 1.3, 2.952],
							"uv": {
								"north": {"uv": [17, 53], "uv_size": [1, 1.25]},
								"east": {"uv": [48, 35], "uv_size": [3, 1.25]},
								"south": {"uv": [18, 53], "uv_size": [1, 1.25]},
								"west": {"uv": [42, 48], "uv_size": [3, 1.25]},
								"up": {"uv": [45, 48], "uv_size": [1, 3]},
								"down": {"uv": [35, 52], "uv_size": [1, -3]}
							}
						},
						{
							"origin": [-1.762, 25.2205, -0.25027],
							"size": [0.96, 2.4, 7.012],
							"uv": {
								"north": {"uv": [51, 26], "uv_size": [1, 2.5]},
								"east": {"uv": [30, 3], "uv_size": [7, 2.5]},
								"south": {"uv": [27, 51], "uv_size": [1, 2.5]},
								"west": {"uv": [30, 6], "uv_size": [7, 2.5]},
								"up": {"uv": [35, 42], "uv_size": [1, 7]},
								"down": {"uv": [42, 42], "uv_size": [1, -7]}
							}
						},
						{
							"origin": [-0.846, 26.3865, -3.70387],
							"size": [1.52, 1.52, 0.22],
							"uv": {
								"north": {"uv": [31, 51], "uv_size": [1.5, 1.5]},
								"east": {"uv": [55, 34], "uv_size": [0.25, 1.5]},
								"south": {"uv": [51, 33], "uv_size": [1.5, 1.5]},
								"west": {"uv": [35, 55], "uv_size": [0.25, 1.5]},
								"up": {"uv": [36, 55], "uv_size": [1.5, 0.25]},
								"down": {"uv": [55, 36.25], "uv_size": [1.5, -0.25]}
							}
						},
						{
							"origin": [0.44748, 24.58808, -11.49072],
							"size": [0.5016, 1.22056, 7.7],
							"uv": {
								"north": {"uv": [15, 55], "uv_size": [0.5, 1.25]},
								"east": {"uv": [37, 2], "uv_size": [7.75, 1.25]},
								"south": {"uv": [16, 55], "uv_size": [0.5, 1.25]},
								"west": {"uv": [37, 4], "uv_size": [7.75, 1.25]},
								"up": {"uv": [12, 48], "uv_size": [0.5, 7.75]},
								"down": {"uv": [23, 55.75], "uv_size": [0.5, -7.75]}
							}
						},
						{
							"origin": [0.55, 25.2205, -12.65027],
							"size": [1.26, 2.4, 19.412],
							"uv": {
								"north": {"uv": [13, 50], "uv_size": [1.25, 2.5]},
								"east": {"uv": [0, 11], "uv_size": [19.5, 2.5]},
								"south": {"uv": [17, 50], "uv_size": [1.25, 2.5]},
								"west": {"uv": [12, 0], "uv_size": [19.5, 2.5]},
								"up": {"uv": [3, 25], "uv_size": [1.25, 19.5]},
								"down": {"uv": [5, 44.5], "uv_size": [1.25, -19.5]}
							}
						}
					]
				},
				{
					"name": "glow",
					"parent": "slide",
					"pivot": [0.784, 16.2665, 3.41613],
					"cubes": [
						{
							"origin": [0.554, 28.8065, 5.21613],
							"size": [0.1, 0.1, 0.1],
							"uv": {
								"north": {"uv": [0, 63], "uv_size": [1, 1]},
								"east": {"uv": [0, 63], "uv_size": [1, 1]},
								"south": {"uv": [0, 63], "uv_size": [1, 1]},
								"west": {"uv": [0, 63], "uv_size": [1, 1]},
								"up": {"uv": [1, 64], "uv_size": [-1, -1]},
								"down": {"uv": [1, 64], "uv_size": [-1, -1]}
							}
						},
						{
							"origin": [-0.646, 28.8065, 5.21613],
							"size": [0.1, 0.1, 0.1],
							"uv": {
								"north": {"uv": [0, 63], "uv_size": [1, 1]},
								"east": {"uv": [0, 63], "uv_size": [1, 1]},
								"south": {"uv": [0, 63], "uv_size": [1, 1]},
								"west": {"uv": [0, 63], "uv_size": [1, 1]},
								"up": {"uv": [1, 64], "uv_size": [-1, -1]},
								"down": {"uv": [1, 64], "uv_size": [-1, -1]}
							}
						},
						{
							"origin": [-0.146, 28.6815, -11.08387],
							"size": [0.3, 0.2, 0.1],
							"pivot": [0.004, 28.8815, -11.03387],
							"rotation": [29, 0, 0],
							"uv": {
								"north": {"uv": [0, 63], "uv_size": [1, 1]},
								"east": {"uv": [0, 63], "uv_size": [1, 1]},
								"south": {"uv": [0, 63], "uv_size": [1, 1]},
								"west": {"uv": [0, 63], "uv_size": [1, 1]},
								"up": {"uv": [1, 64], "uv_size": [-1, -1]},
								"down": {"uv": [1, 64], "uv_size": [-1, -1]}
							}
						}
					]
				},
				{
					"name": "bone",
					"parent": "gun",
					"pivot": [1.126, 24.0805, -3.53787]
				},
				{
					"name": "trigger",
					"parent": "gun",
					"pivot": [0.024, 24.08021, -2.1112],
					"rotation": [-42, 0, 0],
					"cubes": [
						{
							"origin": [-0.432, 22.10646, -2.49817],
							"size": [0.912, 1.888, 0.608],
							"inflate": -0.1,
							"pivot": [0.024, 23.95431, -2.21024],
							"rotation": [31, 0, 0],
							"uv": {
								"north": {"uv": [41, 24], "uv_size": [1, 2]},
								"east": {"uv": [53, 33], "uv_size": [0.5, 2]},
								"south": {"uv": [36, 51], "uv_size": [1, 2]},
								"west": {"uv": [36, 53], "uv_size": [0.5, 2]},
								"up": {"uv": [22, 55], "uv_size": [1, 0.5]},
								"down": {"uv": [55, 22.5], "uv_size": [1, -0.5]}
							}
						},
						{
							"origin": [-0.427, 21.02552, -1.38195],
							"size": [0.912, 1.888, 0.608],
							"inflate": -0.1,
							"pivot": [0.0085, 23.86859, -2.15873],
							"rotation": [-12, 0, 0],
							"uv": {
								"north": {"uv": [51, 49], "uv_size": [1, 2]},
								"east": {"uv": [44, 53], "uv_size": [0.5, 2]},
								"south": {"uv": [51, 51], "uv_size": [1, 2]},
								"west": {"uv": [53, 46], "uv_size": [0.5, 2]},
								"up": {"uv": [55, 23], "uv_size": [1, 0.5]},
								"down": {"uv": [24, 55.5], "uv_size": [1, -0.5]}
							}
						}
					]
				},
				{
					"name": "magazine",
					"parent": "main",
					"pivot": [0.5, 10.05, -3.95],
					"cubes": [
						{
							"origin": [-1.0175, 13.86409, 0.53428],
							"size": [2.07, 10.35, 2.553],
							"pivot": [-0.5, 21.50584, 1.96603],
							"rotation": [18, 0, 0],
							"uv": {
								"north": {"uv": [26, 3], "uv_size": [2, 10.25]},
								"east": {"uv": [12, 14], "uv_size": [2.5, 10.25]},
								"south": {"uv": [27, 14], "uv_size": [2, 10.25]},
								"west": {"uv": [15, 14], "uv_size": [2.5, 10.25]},
								"up": {"uv": [44, 29], "uv_size": [2, 2.5]},
								"down": {"uv": [38, 46.5], "uv_size": [2, -2.5]}
							}
						},
						{
							"origin": [-1.36219, 13.8644, 0.53459],
							"size": [0.68938, 10.34938, 2.55238],
							"inflate": 0.001,
							"pivot": [-0.5, 21.50584, 1.96603],
							"rotation": [18, 0, 0],
							"uv": {
								"north": {"uv": [23, 37], "uv_size": [0.75, 10.25]},
								"east": {"uv": [18, 14], "uv_size": [2.5, 10.25]},
								"south": {"uv": [24, 37], "uv_size": [0.75, 10.25]},
								"west": {"uv": [20, 3], "uv_size": [2.5, 10.25]},
								"up": {"uv": [21, 52], "uv_size": [0.75, 2.5]},
								"down": {"uv": [24, 54.5], "uv_size": [0.75, -2.5]}
							}
						}
					]
				},
				{
					"name": "bullet",
					"parent": "magazine",
					"pivot": [-0.15, 24.7, -9.4],
					"cubes": [
						{
							"origin": [-1.44154, 23.6123, 0.97578],
							"size": [0.566, 0.566, 1.739],
							"inflate": 0.2,
							"pivot": [-0.5, 21.50584, 1.96603],
							"rotation": [16.87458, -6.35808, 20.05594],
							"uv": {
								"north": {"uv": [45, 55], "uv_size": [0.5, 0.5]},
								"east": {"uv": [48, 53], "uv_size": [1.75, 0.5]},
								"south": {"uv": [55, 53], "uv_size": [0.5, 0.5]},
								"west": {"uv": [50, 53], "uv_size": [1.75, 0.5]},
								"up": {"uv": [52, 53], "uv_size": [0.5, 1.75]},
								"down": {"uv": [53, 54.75], "uv_size": [0.5, -1.75]}
							}
						}
					]
				},
				{
					"name": "magazine2",
					"parent": "main",
					"pivot": [0.5, 10.05, -3.95],
					"cubes": [
						{
							"origin": [-1.0299, 13.8484, 0.55079],
							"size": [2.07, 10.35, 2.553],
							"pivot": [-0.5124, 21.49015, 1.98254],
							"rotation": [18, 0, 0],
							"uv": {
								"north": {"uv": [27, 25], "uv_size": [2, 10.25]},
								"east": {"uv": [21, 14], "uv_size": [2.5, 10.25]},
								"south": {"uv": [28, 3], "uv_size": [2, 10.25]},
								"west": {"uv": [23, 3], "uv_size": [2.5, 10.25]},
								"up": {"uv": [40, 44], "uv_size": [2, 2.5]},
								"down": {"uv": [44, 43.5], "uv_size": [2, -2.5]}
							}
						},
						{
							"origin": [-1.37459, 13.84871, 0.5511],
							"size": [0.68938, 10.34938, 2.55238],
							"inflate": 0.001,
							"pivot": [-0.5124, 21.49015, 1.98254],
							"rotation": [18, 0, 0],
							"uv": {
								"north": {"uv": [15, 40], "uv_size": [0.75, 10.25]},
								"east": {"uv": [24, 14], "uv_size": [2.5, 10.25]},
								"south": {"uv": [16, 40], "uv_size": [0.75, 10.25]},
								"west": {"uv": [0, 25], "uv_size": [2.5, 10.25]},
								"up": {"uv": [52, 26], "uv_size": [0.75, 2.5]},
								"down": {"uv": [28, 54.5], "uv_size": [0.75, -2.5]}
							}
						}
					]
				},
				{
					"name": "bullet2",
					"parent": "magazine2",
					"pivot": [-0.5624, 30.08431, -17.1835],
					"cubes": [
						{
							"origin": [-1.45394, 23.59661, 0.99229],
							"size": [0.566, 0.566, 1.739],
							"inflate": 0.2,
							"pivot": [-0.5124, 21.49015, 1.98254],
							"rotation": [16.87458, -6.35808, 20.05594],
							"uv": {
								"north": {"uv": [54, 55], "uv_size": [0.5, 0.5]},
								"east": {"uv": [54, 14], "uv_size": [1.75, 0.5]},
								"south": {"uv": [55, 55], "uv_size": [0.5, 0.5]},
								"west": {"uv": [54, 15], "uv_size": [1.75, 0.5]},
								"up": {"uv": [19, 54], "uv_size": [0.5, 1.75]},
								"down": {"uv": [20, 55.75], "uv_size": [0.5, -1.75]}
							}
						}
					]
				},
				{
					"name": "rightarm",
					"parent": "main",
					"pivot": [-5.2, 15.5, 25.8],
					"rotation": [-101.81106, -12.40003, -2.46982],
					"cubes": [
						{
							"origin": [-9.2, -8.5, 21.8],
							"size": [8, 24, 8],
							"uv": {
								"north": {"uv": [0, 0], "uv_size": [8, 24]},
								"east": {"uv": [10.875, 0], "uv_size": [8, 24]},
								"south": {"uv": [21.75, 0], "uv_size": [10.875, 32.625]},
								"west": {"uv": [0, 32.625], "uv_size": [10.875, 32.625]},
								"up": {"uv": [43.5, 0], "uv_size": [10.875, 10.875]},
								"down": {"uv": [43.5, 18.875], "uv_size": [8, -8]}
							}
						}
					]
				},
				{
					"name": "leftarm",
					"parent": "main",
					"pivot": [10.7, 15.3, 12.4],
					"rotation": [-119.61483, 1.67666, -38.31282],
					"cubes": [
						{
							"origin": [3.82256, -0.95844, 5.99404],
							"size": [8, 24, 8],
							"uv": {
								"north": {"uv": [32.625, 0], "uv_size": [8, 24]},
								"east": {"uv": [10.875, 32.625], "uv_size": [8, 24]},
								"south": {"uv": [21.75, 32.625], "uv_size": [10.875, 32.625]},
								"west": {"uv": [32.625, 32.625], "uv_size": [10.875, 32.625]},
								"up": {"uv": [43.5, 21.75], "uv_size": [10.875, 10.875]},
								"down": {"uv": [43.5, 40.625], "uv_size": [8, -8]}
							}
						}
					]
				},
				{
					"name": "muzzleflash",
					"parent": "main",
					"pivot": [0, 26.95, -13.35],
					"cubes": [
						{
							"origin": [-0.5, 26.45, -13.85],
							"size": [1, 1, 1],
							"inflate": -0.4,
							"uv": {
								"north": {"uv": [19, 10], "uv_size": [1, 1]},
								"east": {"uv": [35, 33], "uv_size": [1, 1]},
								"south": {"uv": [43, 41], "uv_size": [1, 1]},
								"west": {"uv": [53, 20], "uv_size": [1, 1]},
								"up": {"uv": [22, 53], "uv_size": [1, 1]},
								"down": {"uv": [53, 24], "uv_size": [1, -1]}
							}
						}
					]
				},
				{
					"name": "scope",
					"parent": "main",
					"pivot": [0, 28.75, 17.5],
					"cubes": [
						{
							"origin": [-0.5, 28.25, 17],
							"size": [1, 1, 1],
							"inflate": -0.4,
							"uv": {
								"north": {"uv": [53, 24], "uv_size": [1, 1]},
								"east": {"uv": [25, 53], "uv_size": [1, 1]},
								"south": {"uv": [53, 25], "uv_size": [1, 1]},
								"west": {"uv": [26, 53], "uv_size": [1, 1]},
								"up": {"uv": [53, 26], "uv_size": [1, 1]},
								"down": {"uv": [53, 28], "uv_size": [1, -1]}
							}
						}
					]
				}
			]
		}
	]
}