{
	"format_version": "1.12.0",
	"minecraft:geometry": [
		{
			"description": {
				"identifier": "geometry.unknown",
				"texture_width": 64,
				"texture_height": 64,
				"visible_bounds_width": 8,
				"visible_bounds_height": 4,
				"visible_bounds_offset": [0, 1, 0]
			},
			"bones": [
				{
					"name": "main",
					"pivot": [0, 23.3, 6.3]
				},
				{
					"name": "gun",
					"parent": "main",
					"pivot": [0.784, 16.3665, 3.41613],
					"cubes": [
						{
							"origin": [-1.41236, 14.4223, 0.59089],
							"size": [2.84, 11.456, 5.32],
							"pivot": [0.00764, 20.3503, 3.25089],
							"rotation": [17.08474, 0, 0],
							"uv": {
								"north": {"uv": [4, 15], "uv_size": [2.75, 11.5]},
								"east": {"uv": [0, 0], "uv_size": [5.25, 11.5]},
								"south": {"uv": [7, 15], "uv_size": [2.75, 11.5]},
								"west": {"uv": [6, 0], "uv_size": [5.25, 11.5]},
								"up": {"uv": [16, 26], "uv_size": [2.75, 5.25]},
								"down": {"uv": [4, 32.25], "uv_size": [2.75, -5.25]}
							}
						},
						{
							"origin": [-1.469, 23.50651, 3.41376],
							"size": [2.954, 3.916, 2.544],
							"pivot": [0.00766, 24.16451, 4.70776],
							"rotation": [-63.41804, 0, 0],
							"uv": {
								"north": {"uv": [28, 29], "uv_size": [3, 4]},
								"east": {"uv": [16, 36], "uv_size": [2.5, 4]},
								"south": {"uv": [31, 29], "uv_size": [3, 4]},
								"west": {"uv": [21, 36], "uv_size": [2.5, 4]},
								"up": {"uv": [31, 0], "uv_size": [3, 2.5]},
								"down": {"uv": [38, 16.5], "uv_size": [3, -2.5]}
							}
						},
						{
							"origin": [-1.448, 20.90531, -5.66406],
							"size": [2.988, 3.484, 0.408],
							"inflate": -0.1,
							"pivot": [0.046, 22.34731, -5.46006],
							"rotation": [15, 0, 0],
							"uv": {
								"north": {"uv": [35, 14], "uv_size": [3, 3.5]},
								"east": {"uv": [11, 48], "uv_size": [0.5, 3.5]},
								"south": {"uv": [36, 0], "uv_size": [3, 3.5]},
								"west": {"uv": [12, 48], "uv_size": [0.5, 3.5]},
								"up": {"uv": [44, 48], "uv_size": [3, 0.5]},
								"down": {"uv": [48, 44.5], "uv_size": [3, -0.5]}
							}
						},
						{
							"origin": [-0.532, 23.54581, -5.99066],
							"size": [1.112, 1.284, 0.808],
							"inflate": -0.1,
							"pivot": [0.024, 24.13781, -5.58666],
							"rotation": [-90, -0.1, 0],
							"uv": {
								"north": {"uv": [38, 48], "uv_size": [1, 1.25]},
								"east": {"uv": [27, 50], "uv_size": [0.75, 1.25]},
								"south": {"uv": [41, 48], "uv_size": [1, 1.25]},
								"west": {"uv": [38, 50], "uv_size": [0.75, 1.25]},
								"up": {"uv": [7, 51], "uv_size": [1, 0.75]},
								"down": {"uv": [8, 51.75], "uv_size": [1, -0.75]}
							}
						},
						{
							"origin": [-1.527, 22.56242, -6.73877],
							"size": [3.102, 1.888, 2.708],
							"inflate": -0.1,
							"pivot": [0.024, 24.32642, -4.63477],
							"rotation": [-55, 0, 0],
							"uv": {
								"north": {"uv": [39, 34], "uv_size": [3, 2]},
								"east": {"uv": [41, 7], "uv_size": [2.75, 2]},
								"south": {"uv": [31, 40], "uv_size": [3, 2]},
								"west": {"uv": [41, 9], "uv_size": [2.75, 2]},
								"up": {"uv": [12, 9], "uv_size": [3, 2.75]},
								"down": {"uv": [15, 11.75], "uv_size": [3, -2.75]}
							}
						},
						{
							"origin": [-1.46392, 19.90633, -5.7084],
							"size": [2.9928, 0.4128, 3.7888],
							"inflate": -0.11,
							"pivot": [1.28648, 19.13273, -1.818],
							"rotation": [-16, -0.1, 0],
							"uv": {
								"north": {"uv": [48, 42], "uv_size": [3, 0.5]},
								"east": {"uv": [47, 36], "uv_size": [3.75, 0.5]},
								"south": {"uv": [48, 43], "uv_size": [3, 0.5]},
								"west": {"uv": [47, 37], "uv_size": [3.75, 0.5]},
								"up": {"uv": [16, 32], "uv_size": [3, 3.75]},
								"down": {"uv": [4, 36.75], "uv_size": [3, -3.75]}
							}
						},
						{
							"origin": [-1.46818, 20.22264, -1.87104],
							"size": [2.9928, 0.4128, 1.7888],
							"inflate": -0.11,
							"pivot": [1.28222, 20.04904, 0.61936],
							"rotation": [7, -0.1, 0],
							"uv": {
								"north": {"uv": [49, 15], "uv_size": [3, 0.5]},
								"east": {"uv": [50, 47], "uv_size": [1.75, 0.5]},
								"south": {"uv": [16, 49], "uv_size": [3, 0.5]},
								"west": {"uv": [49, 50], "uv_size": [1.75, 0.5]},
								"up": {"uv": [42, 34], "uv_size": [3, 1.75]},
								"down": {"uv": [42, 41.75], "uv_size": [3, -1.75]}
							}
						},
						{
							"origin": [-1.5124, 23.79651, -6.08259],
							"size": [3.04, 1.23904, 5.99904],
							"inflate": 0.002,
							"uv": {
								"north": {"uv": [44, 36], "uv_size": [3, 1.25]},
								"east": {"uv": [38, 36], "uv_size": [6, 1.25]},
								"south": {"uv": [44, 38], "uv_size": [3, 1.25]},
								"west": {"uv": [38, 38], "uv_size": [6, 1.25]},
								"up": {"uv": [12, 3], "uv_size": [3, 6]},
								"down": {"uv": [15, 9], "uv_size": [3, -6]}
							}
						},
						{
							"origin": [-0.6124, 24.1975, -10.8821],
							"size": [1.24, 0.33904, 4.29904],
							"inflate": 0.002,
							"uv": {
								"north": {"uv": [52, 34], "uv_size": [1.25, 0.25]},
								"east": {"uv": [50, 3], "uv_size": [4.25, 0.25]},
								"south": {"uv": [52, 38], "uv_size": [1.25, 0.25]},
								"west": {"uv": [50, 4], "uv_size": [4.25, 0.25]},
								"up": {"uv": [25, 42], "uv_size": [1.25, 4.25]},
								"down": {"uv": [31, 46.25], "uv_size": [1.25, -4.25]}
							}
						},
						{
							"origin": [-1.4124, 24.19651, -10.88259],
							"size": [0.84, 0.83904, 4.29904],
							"inflate": 0.002,
							"uv": {
								"north": {"uv": [42, 51], "uv_size": [0.75, 0.75]},
								"east": {"uv": [45, 40], "uv_size": [4.25, 0.75]},
								"south": {"uv": [51, 42], "uv_size": [0.75, 0.75]},
								"west": {"uv": [45, 41], "uv_size": [4.25, 0.75]},
								"up": {"uv": [24, 44], "uv_size": [0.75, 4.25]},
								"down": {"uv": [42, 49.25], "uv_size": [0.75, -4.25]}
							}
						},
						{
							"origin": [-1.1124, 23.89651, -10.58259],
							"size": [2.24, 0.83904, 4.29904],
							"inflate": 0.002,
							"uv": {
								"north": {"uv": [47, 45], "uv_size": [2.25, 0.75]},
								"east": {"uv": [46, 17], "uv_size": [4.25, 0.75]},
								"south": {"uv": [48, 23], "uv_size": [2.25, 0.75]},
								"west": {"uv": [46, 20], "uv_size": [4.25, 0.75]},
								"up": {"uv": [36, 26], "uv_size": [2.25, 4.25]},
								"down": {"uv": [36, 35.25], "uv_size": [2.25, -4.25]}
							}
						},
						{
							"origin": [0.5876, 24.19651, -10.88259],
							"size": [0.84, 0.83904, 4.29904],
							"inflate": 0.002,
							"uv": {
								"north": {"uv": [43, 51], "uv_size": [0.75, 0.75]},
								"east": {"uv": [46, 11], "uv_size": [4.25, 0.75]},
								"south": {"uv": [51, 43], "uv_size": [0.75, 0.75]},
								"west": {"uv": [46, 16], "uv_size": [4.25, 0.75]},
								"up": {"uv": [43, 45], "uv_size": [0.75, 4.25]},
								"down": {"uv": [0, 50.25], "uv_size": [0.75, -4.25]}
							}
						},
						{
							"origin": [-1.33552, 22.11022, -1.75079],
							"size": [2.71904, 0.91104, 2.06704],
							"inflate": 0.002,
							"pivot": [0.024, 21.56574, -0.81727],
							"rotation": [-104.5, -0.1, 0],
							"uv": {
								"north": {"uv": [46, 24], "uv_size": [2.75, 1]},
								"east": {"uv": [31, 47], "uv_size": [2, 1]},
								"south": {"uv": [46, 25], "uv_size": [2.75, 1]},
								"west": {"uv": [47, 35], "uv_size": [2, 1]},
								"up": {"uv": [10, 41], "uv_size": [2.75, 2]},
								"down": {"uv": [41, 16], "uv_size": [2.75, -2]}
							}
						},
						{
							"origin": [-1.33552, 18.90868, -2.26143],
							"size": [2.71904, 0.81104, 3.36704],
							"inflate": 0.002,
							"pivot": [0.024, 19.8642, 0.27209],
							"rotation": [160.5, 0.2, 0],
							"uv": {
								"north": {"uv": [47, 13], "uv_size": [2.75, 0.75]},
								"east": {"uv": [47, 5], "uv_size": [3.25, 0.75]},
								"south": {"uv": [47, 34], "uv_size": [2.75, 0.75]},
								"west": {"uv": [47, 12], "uv_size": [3.25, 0.75]},
								"up": {"uv": [37, 4], "uv_size": [2.75, 3.25]},
								"down": {"uv": [37, 11.25], "uv_size": [2.75, -3.25]}
							}
						}
					]
				},
				{
					"name": "bulletejec",
					"parent": "gun",
					"pivot": [0.03015, 27.67076, -4.62777],
					"cubes": [
						{
							"origin": [-1.22937, 26.42524, -4.34827],
							"size": [1.71904, 1.39104, 3.241],
							"inflate": 0.002,
							"uv": {
								"north": {"uv": [44, 46], "uv_size": [1.75, 1.5]},
								"east": {"uv": [43, 4], "uv_size": [3.25, 1.5]},
								"south": {"uv": [46, 46], "uv_size": [1.75, 1.5]},
								"west": {"uv": [43, 26], "uv_size": [3.25, 1.5]},
								"up": {"uv": [39, 40], "uv_size": [1.75, 3.25]},
								"down": {"uv": [41, 6.25], "uv_size": [1.75, -3.25]}
							}
						}
					]
				},
				{
					"name": "slide",
					"parent": "gun",
					"pivot": [-1.002, 27.1205, -13.64587],
					"cubes": [
						{
							"origin": [-2.09265, 24.01675, -11.4518],
							"size": [0.96096, 1.06496, 18.157],
							"inflate": -0.002,
							"pivot": [-2.09217, 25.53723, -11.25939],
							"rotation": [0, 0, -46],
							"uv": {
								"north": {"uv": [18, 11], "uv_size": [1, 1]},
								"east": {"uv": [27, 20], "uv_size": [18.25, 1]},
								"south": {"uv": [39, 3], "uv_size": [1, 1]},
								"west": {"uv": [27, 21], "uv_size": [18.25, 1]},
								"up": {"uv": [14, 26], "uv_size": [1, 18.25]},
								"down": {"uv": [15, 44.25], "uv_size": [1, -18.25]}
							}
						},
						{
							"origin": [0.78501, 24.59178, -11.4518],
							"size": [0.76096, 1.06496, 18.157],
							"inflate": -0.002,
							"pivot": [1.16549, 25.12426, -2.3733],
							"rotation": [0, 0, 46],
							"uv": {
								"north": {"uv": [0, 51], "uv_size": [0.75, 1]},
								"east": {"uv": [27, 22], "uv_size": [18.25, 1]},
								"south": {"uv": [1, 51], "uv_size": [0.75, 1]},
								"west": {"uv": [27, 23], "uv_size": [18.25, 1]},
								"up": {"uv": [7, 27], "uv_size": [0.75, 18.25]},
								"down": {"uv": [8, 45.25], "uv_size": [0.75, -18.25]}
							}
						},
						{
							"origin": [0.78812, 27.22885, -11.44927],
							"size": [0.75952, 1.07152, 18.21152],
							"inflate": 0.001,
							"pivot": [1.16788, 27.76461, -2.34351],
							"rotation": [0, 0, -42],
							"uv": {
								"north": {"uv": [51, 13], "uv_size": [0.75, 1]},
								"east": {"uv": [27, 24], "uv_size": [18.25, 1]},
								"south": {"uv": [16, 51], "uv_size": [0.75, 1]},
								"west": {"uv": [27, 25], "uv_size": [18.25, 1]},
								"up": {"uv": [9, 27], "uv_size": [0.75, 18.25]},
								"down": {"uv": [27, 47.25], "uv_size": [0.75, -18.25]}
							}
						},
						{
							"origin": [-1.78327, 27.24268, -1.24927],
							"size": [0.75952, 1.07152, 8.01152],
							"inflate": 0.001,
							"pivot": [-1.30433, 27.40353, -9.73711],
							"rotation": [0, 0, 43],
							"uv": {
								"north": {"uv": [51, 16], "uv_size": [0.75, 1]},
								"east": {"uv": [37, 12], "uv_size": [8, 1]},
								"south": {"uv": [17, 51], "uv_size": [0.75, 1]},
								"west": {"uv": [37, 13], "uv_size": [8, 1]},
								"up": {"uv": [34, 40], "uv_size": [0.75, 8]},
								"down": {"uv": [38, 48], "uv_size": [0.75, -8]}
							}
						},
						{
							"origin": [-1.02937, 27.82524, -11.44827],
							"size": [2.11904, 0.59104, 18.241],
							"inflate": 0.002,
							"uv": {
								"north": {"uv": [31, 50], "uv_size": [2, 0.5]},
								"east": {"uv": [35, 18], "uv_size": [18.25, 0.5]},
								"south": {"uv": [34, 50], "uv_size": [2, 0.5]},
								"west": {"uv": [35, 19], "uv_size": [18.25, 0.5]},
								"up": {"uv": [0, 15], "uv_size": [2, 18.25]},
								"down": {"uv": [2, 33.25], "uv_size": [2, -18.25]}
							}
						},
						{
							"origin": [-1.50094, 27.20961, -11.4518],
							"size": [0.75952, 1.07152, 7.241],
							"inflate": 0.001,
							"pivot": [-1.12118, 27.74537, -7.8313],
							"rotation": [0, 0, 43],
							"uv": {
								"north": {"uv": [19, 51], "uv_size": [0.75, 1]},
								"east": {"uv": [38, 17], "uv_size": [7.25, 1]},
								"south": {"uv": [20, 51], "uv_size": [0.75, 1]},
								"west": {"uv": [39, 0], "uv_size": [7.25, 1]},
								"up": {"uv": [13, 41], "uv_size": [0.75, 7.25]},
								"down": {"uv": [41, 47.25], "uv_size": [0.75, -7.25]}
							}
						},
						{
							"origin": [-1.07423, 24.4855, -11.44],
							"size": [2.11904, 1.79104, 0.741],
							"inflate": 0.002,
							"uv": {
								"north": {"uv": [4, 45], "uv_size": [2, 1.75]},
								"east": {"uv": [32, 48], "uv_size": [0.75, 1.75]},
								"south": {"uv": [45, 12], "uv_size": [2, 1.75]},
								"west": {"uv": [34, 48], "uv_size": [0.75, 1.75]},
								"up": {"uv": [48, 47], "uv_size": [2, 0.75]},
								"down": {"uv": [7, 49.75], "uv_size": [2, -0.75]}
							}
						},
						{
							"origin": [-0.765, 28.03207, 5.57],
							"size": [1.6, 0.584, 1.112],
							"uv": {
								"north": {"uv": [5, 51], "uv_size": [1.5, 0.5]},
								"east": {"uv": [51, 44], "uv_size": [1, 0.5]},
								"south": {"uv": [51, 5], "uv_size": [1.5, 0.5]},
								"west": {"uv": [51, 45], "uv_size": [1, 0.5]},
								"up": {"uv": [48, 46], "uv_size": [1.5, 1]},
								"down": {"uv": [47, 49], "uv_size": [1.5, -1]}
							}
						},
						{
							"origin": [-1.086, 28.15107, 5.86366],
							"size": [1.042, 0.484, 0.812],
							"pivot": [-0.565, 28.44307, 6.26966],
							"rotation": [0, 0, -90],
							"uv": {
								"north": {"uv": [3, 52], "uv_size": [1, 0.5]},
								"east": {"uv": [52, 23], "uv_size": [0.75, 0.5]},
								"south": {"uv": [5, 52], "uv_size": [1, 0.5]},
								"west": {"uv": [27, 52], "uv_size": [0.75, 0.5]},
								"up": {"uv": [32, 51], "uv_size": [1, 0.75]},
								"down": {"uv": [33, 51.75], "uv_size": [1, -0.75]}
							}
						},
						{
							"origin": [-0.786, 28.24181, 5.62662],
							"size": [0.442, 0.484, 0.812],
							"pivot": [-0.565, 28.53381, 6.03262],
							"rotation": [-180, 40, 90],
							"uv": {
								"north": {"uv": [43, 52], "uv_size": [0.5, 0.5]},
								"east": {"uv": [52, 28], "uv_size": [0.75, 0.5]},
								"south": {"uv": [52, 43], "uv_size": [0.5, 0.5]},
								"west": {"uv": [52, 29], "uv_size": [0.75, 0.5]},
								"up": {"uv": [52, 30], "uv_size": [0.5, 0.75]},
								"down": {"uv": [31, 52.75], "uv_size": [0.5, -0.75]}
							}
						},
						{
							"origin": [0.414, 28.34181, 5.62662],
							"size": [0.442, 0.484, 0.812],
							"pivot": [0.635, 28.53381, 6.03262],
							"rotation": [-180, 40, 90],
							"uv": {
								"north": {"uv": [44, 52], "uv_size": [0.5, 0.5]},
								"east": {"uv": [52, 32], "uv_size": [0.75, 0.5]},
								"south": {"uv": [52, 44], "uv_size": [0.5, 0.5]},
								"west": {"uv": [33, 52], "uv_size": [0.75, 0.5]},
								"up": {"uv": [52, 33], "uv_size": [0.5, 0.75]},
								"down": {"uv": [34, 52.75], "uv_size": [0.5, -0.75]}
							}
						},
						{
							"origin": [0.114, 28.25107, 5.86366],
							"size": [1.042, 0.484, 0.812],
							"pivot": [0.635, 28.44307, 6.26966],
							"rotation": [0, 0, -90],
							"uv": {
								"north": {"uv": [6, 52], "uv_size": [1, 0.5]},
								"east": {"uv": [52, 31], "uv_size": [0.75, 0.5]},
								"south": {"uv": [52, 6], "uv_size": [1, 0.5]},
								"west": {"uv": [32, 52], "uv_size": [0.75, 0.5]},
								"up": {"uv": [34, 51], "uv_size": [1, 0.75]},
								"down": {"uv": [35, 51.75], "uv_size": [1, -0.75]}
							}
						},
						{
							"origin": [-0.231, 28.13207, -10.93634],
							"size": [0.542, 0.684, 0.912],
							"pivot": [0.603, 27.85607, -10.62834],
							"rotation": [10, 0, 0],
							"uv": {
								"north": {"uv": [52, 21], "uv_size": [0.5, 0.75]},
								"east": {"uv": [51, 23], "uv_size": [1, 0.75]},
								"south": {"uv": [22, 52], "uv_size": [0.5, 0.75]},
								"west": {"uv": [31, 51], "uv_size": [1, 0.75]},
								"up": {"uv": [1, 52], "uv_size": [0.5, 1]},
								"down": {"uv": [2, 53], "uv_size": [0.5, -1]}
							}
						},
						{
							"origin": [-0.221, 27.87175, -10.89841],
							"size": [0.532, 0.684, 0.912],
							"pivot": [0.613, 27.79575, -10.69041],
							"rotation": [66, 0, 0],
							"uv": {
								"north": {"uv": [52, 13], "uv_size": [0.5, 0.75]},
								"east": {"uv": [51, 17], "uv_size": [1, 0.75]},
								"south": {"uv": [52, 15], "uv_size": [0.5, 0.75]},
								"west": {"uv": [18, 51], "uv_size": [1, 0.75]},
								"up": {"uv": [51, 46], "uv_size": [0.5, 1]},
								"down": {"uv": [49, 52], "uv_size": [0.5, -1]}
							}
						},
						{
							"origin": [-1.192, 26.6645, 2.34613],
							"size": [2.432, 1.064, 4.408],
							"uv": {
								"north": {"uv": [47, 0], "uv_size": [2.5, 1]},
								"east": {"uv": [41, 11], "uv_size": [4.5, 1]},
								"south": {"uv": [47, 4], "uv_size": [2.5, 1]},
								"west": {"uv": [41, 16], "uv_size": [4.5, 1]},
								"up": {"uv": [28, 33], "uv_size": [2.5, 4.5]},
								"down": {"uv": [31, 37.5], "uv_size": [2.5, -4.5]}
							}
						},
						{
							"origin": [-1.02933, 25.6806, 5.42425],
							"size": [2.119, 1.85904, 3.99904],
							"inflate": 0.002,
							"pivot": [-0.04203, 26.86012, 6.82377],
							"rotation": [-63, 0, 0],
							"uv": {
								"north": {"uv": [36, 44], "uv_size": [2, 1.75]},
								"east": {"uv": [31, 38], "uv_size": [4, 1.75]},
								"south": {"uv": [39, 44], "uv_size": [2, 1.75]},
								"west": {"uv": [39, 1], "uv_size": [4, 1.75]},
								"up": {"uv": [10, 37], "uv_size": [2, 4]},
								"down": {"uv": [12, 41], "uv_size": [2, -4]}
							}
						},
						{
							"origin": [-1.729, 25.59732, 5.95166],
							"size": [3.519, 1.65904, 1.89904],
							"inflate": 0.002,
							"pivot": [-0.0237, 26.77684, 6.65118],
							"rotation": [-63, 0, 0],
							"uv": {
								"north": {"uv": [39, 30], "uv_size": [3.5, 1.75]},
								"east": {"uv": [14, 45], "uv_size": [2, 1.75]},
								"south": {"uv": [39, 32], "uv_size": [3.5, 1.75]},
								"west": {"uv": [45, 34], "uv_size": [2, 1.75]},
								"up": {"uv": [39, 26], "uv_size": [3.5, 2]},
								"down": {"uv": [39, 30], "uv_size": [3.5, -2]}
							}
						},
						{
							"origin": [-1.762, 25.2205, -11.45027],
							"size": [1.16, 2.4, 7.241],
							"uv": {
								"north": {"uv": [36, 46], "uv_size": [1.25, 2.5]},
								"east": {"uv": [27, 26], "uv_size": [7.25, 2.5]},
								"south": {"uv": [39, 46], "uv_size": [1.25, 2.5]},
								"west": {"uv": [28, 3], "uv_size": [7.25, 2.5]},
								"up": {"uv": [36, 36], "uv_size": [1.25, 7.25]},
								"down": {"uv": [4, 44.25], "uv_size": [1.25, -7.25]}
							}
						},
						{
							"origin": [-1.762, 25.2205, -4.20927],
							"size": [0.96, 1.3, 2.952],
							"uv": {
								"north": {"uv": [1, 49], "uv_size": [1, 1.25]},
								"east": {"uv": [44, 42], "uv_size": [3, 1.25]},
								"south": {"uv": [9, 49], "uv_size": [1, 1.25]},
								"west": {"uv": [44, 44], "uv_size": [3, 1.25]},
								"up": {"uv": [35, 26], "uv_size": [1, 3]},
								"down": {"uv": [1, 49], "uv_size": [1, -3]}
							}
						},
						{
							"origin": [-1.762, 25.2205, -1.25027],
							"size": [0.96, 2.4, 8.012],
							"uv": {
								"north": {"uv": [9, 46], "uv_size": [1, 2.5]},
								"east": {"uv": [27, 14], "uv_size": [8, 2.5]},
								"south": {"uv": [4, 47], "uv_size": [1, 2.5]},
								"west": {"uv": [27, 17], "uv_size": [8, 2.5]},
								"up": {"uv": [18, 3], "uv_size": [1, 8]},
								"down": {"uv": [24, 44], "uv_size": [1, -8]}
							}
						},
						{
							"origin": [-1.22464, 26.71201, -11.77477],
							"size": [0.64772, 0.57172, 8.55172],
							"inflate": -0.002,
							"pivot": [0.024, 27.0127, -7.10537],
							"rotation": [0, 0, -46],
							"uv": {
								"north": {"uv": [10, 52], "uv_size": [0.75, 0.5]},
								"east": {"uv": [43, 31], "uv_size": [8.5, 0.5]},
								"south": {"uv": [11, 52], "uv_size": [0.75, 0.5]},
								"west": {"uv": [43, 32], "uv_size": [8.5, 0.5]},
								"up": {"uv": [16, 40], "uv_size": [0.75, 8.5]},
								"down": {"uv": [17, 48.5], "uv_size": [0.75, -8.5]}
							}
						},
						{
							"origin": [-0.63417, 25.91125, -11.77837],
							"size": [1.30928, 0.56828, 8.54828],
							"inflate": 0.002,
							"uv": {
								"north": {"uv": [51, 36], "uv_size": [1.25, 0.5]},
								"east": {"uv": [43, 29], "uv_size": [8.5, 0.5]},
								"south": {"uv": [51, 37], "uv_size": [1.25, 0.5]},
								"west": {"uv": [43, 30], "uv_size": [8.5, 0.5]},
								"up": {"uv": [25, 33], "uv_size": [1.25, 8.5]},
								"down": {"uv": [0, 42.5], "uv_size": [1.25, -8.5]}
							}
						},
						{
							"origin": [0.62492, 26.71201, -11.77477],
							"size": [0.64772, 0.57172, 8.55172],
							"inflate": -0.002,
							"pivot": [0.024, 27.0127, -7.10537],
							"rotation": [0, 0, 46],
							"uv": {
								"north": {"uv": [7, 52], "uv_size": [0.75, 0.5]},
								"east": {"uv": [43, 6], "uv_size": [8.5, 0.5]},
								"south": {"uv": [8, 52], "uv_size": [0.75, 0.5]},
								"west": {"uv": [43, 28], "uv_size": [8.5, 0.5]},
								"up": {"uv": [35, 38], "uv_size": [0.75, 8.5]},
								"down": {"uv": [40, 11.5], "uv_size": [0.75, -8.5]}
							}
						},
						{
							"origin": [-0.63417, 27.35525, -11.77837],
							"size": [1.30928, 0.56828, 8.54828],
							"inflate": 0.002,
							"pivot": [0.024, 27.69661, -7.10537],
							"rotation": [0, 0, 180],
							"uv": {
								"north": {"uv": [51, 39], "uv_size": [1.25, 0.5]},
								"east": {"uv": [44, 10], "uv_size": [8.5, 0.5]},
								"south": {"uv": [51, 40], "uv_size": [1.25, 0.5]},
								"west": {"uv": [44, 14], "uv_size": [8.5, 0.5]},
								"up": {"uv": [2, 34], "uv_size": [1.25, 8.5]},
								"down": {"uv": [34, 37.5], "uv_size": [1.25, -8.5]}
							}
						},
						{
							"origin": [0.07816, 27.92392, -11.77477],
							"size": [0.64772, 0.57172, 8.55172],
							"inflate": -0.002,
							"pivot": [0.024, 27.69661, -7.10537],
							"rotation": [0, 0, -134],
							"uv": {
								"north": {"uv": [52, 12], "uv_size": [0.75, 0.5]},
								"east": {"uv": [44, 8], "uv_size": [8.5, 0.5]},
								"south": {"uv": [13, 52], "uv_size": [0.75, 0.5]},
								"west": {"uv": [44, 9], "uv_size": [8.5, 0.5]},
								"up": {"uv": [22, 40], "uv_size": [0.75, 8.5]},
								"down": {"uv": [23, 48.5], "uv_size": [0.75, -8.5]}
							}
						},
						{
							"origin": [-0.67788, 27.92392, -11.77477],
							"size": [0.64772, 0.57172, 8.55172],
							"inflate": -0.002,
							"pivot": [0.024, 27.69661, -7.10537],
							"rotation": [0, 0, 134],
							"uv": {
								"north": {"uv": [52, 11], "uv_size": [0.75, 0.5]},
								"east": {"uv": [43, 33], "uv_size": [8.5, 0.5]},
								"south": {"uv": [12, 52], "uv_size": [0.75, 0.5]},
								"west": {"uv": [44, 7], "uv_size": [8.5, 0.5]},
								"up": {"uv": [18, 40], "uv_size": [0.75, 8.5]},
								"down": {"uv": [21, 48.5], "uv_size": [0.75, -8.5]}
							}
						},
						{
							"origin": [0.5085, 26.291, -11.7794],
							"size": [0.57, 1.387, 8.55],
							"uv": {
								"north": {"uv": [14, 51], "uv_size": [0.5, 1.5]},
								"east": {"uv": [28, 10], "uv_size": [8.5, 1.5]},
								"south": {"uv": [15, 51], "uv_size": [0.5, 1.5]},
								"west": {"uv": [28, 12], "uv_size": [8.5, 1.5]},
								"up": {"uv": [3, 43], "uv_size": [0.5, 8.5]},
								"down": {"uv": [10, 51.5], "uv_size": [0.5, -8.5]}
							}
						},
						{
							"origin": [-0.846, 26.3865, -3.70387],
							"size": [1.52, 1.52, 0.22],
							"uv": {
								"north": {"uv": [25, 47], "uv_size": [1.5, 1.5]},
								"east": {"uv": [16, 52], "uv_size": [0.25, 1.5]},
								"south": {"uv": [47, 26], "uv_size": [1.5, 1.5]},
								"west": {"uv": [52, 16], "uv_size": [0.25, 1.5]},
								"up": {"uv": [17, 52], "uv_size": [1.5, 0.25]},
								"down": {"uv": [19, 52.25], "uv_size": [1.5, -0.25]}
							}
						},
						{
							"origin": [-1.0305, 26.291, -11.7794],
							"size": [0.57, 1.387, 8.55],
							"uv": {
								"north": {"uv": [9, 51], "uv_size": [0.5, 1.5]},
								"east": {"uv": [28, 6], "uv_size": [8.5, 1.5]},
								"south": {"uv": [51, 11], "uv_size": [0.5, 1.5]},
								"west": {"uv": [28, 8], "uv_size": [8.5, 1.5]},
								"up": {"uv": [33, 42], "uv_size": [0.5, 8.5]},
								"down": {"uv": [2, 51.5], "uv_size": [0.5, -8.5]}
							}
						},
						{
							"origin": [0.27902, 24.81129, -11.64252],
							"size": [0.30392, 0.73954, 4.66543],
							"uv": {
								"north": {"uv": [48, 52], "uv_size": [0.25, 0.75]},
								"east": {"uv": [45, 2], "uv_size": [4.75, 0.75]},
								"south": {"uv": [49, 52], "uv_size": [0.25, 0.75]},
								"west": {"uv": [45, 3], "uv_size": [4.75, 0.75]},
								"up": {"uv": [40, 49], "uv_size": [0.25, 4.75]},
								"down": {"uv": [4, 54.75], "uv_size": [0.25, -4.75]}
							}
						},
						{
							"origin": [-0.32931, 24.60975, -11.64052],
							"size": [0.69623, 0.30114, 4.66265],
							"inflate": 0.002,
							"uv": {
								"north": {"uv": [47, 52], "uv_size": [0.75, 0.25]},
								"east": {"uv": [50, 1], "uv_size": [4.75, 0.25]},
								"south": {"uv": [52, 47], "uv_size": [0.75, 0.25]},
								"west": {"uv": [50, 2], "uv_size": [4.75, 0.25]},
								"up": {"uv": [19, 44], "uv_size": [0.75, 4.75]},
								"down": {"uv": [20, 48.75], "uv_size": [0.75, -4.75]}
							}
						},
						{
							"origin": [-0.32931, 24.90175, -11.63],
							"size": [0.69623, 0.59314, 0.06365],
							"inflate": 0.002,
							"uv": {
								"north": {"uv": [52, 20], "uv_size": [0.75, 0.5]},
								"east": {"uv": [51, 52], "uv_size": [0.25, 0.5]},
								"south": {"uv": [21, 52], "uv_size": [0.75, 0.5]},
								"west": {"uv": [52, 51], "uv_size": [0.25, 0.5]},
								"up": {"uv": [50, 52], "uv_size": [0.75, 0.25]},
								"down": {"uv": [52, 50.25], "uv_size": [0.75, -0.25]}
							}
						},
						{
							"origin": [0.34016, 25.03484, -11.64],
							"size": [0.34723, 0.3067, 4.66701],
							"inflate": -0.002,
							"pivot": [0.02069, 25.19609, -9.25648],
							"rotation": [0, 0, 46],
							"uv": {
								"north": {"uv": [53, 5], "uv_size": [0.25, 0.25]},
								"east": {"uv": [49, 49], "uv_size": [4.75, 0.25]},
								"south": {"uv": [6, 53], "uv_size": [0.25, 0.25]},
								"west": {"uv": [50, 0], "uv_size": [4.75, 0.25]},
								"up": {"uv": [37, 49], "uv_size": [0.25, 4.75]},
								"down": {"uv": [39, 53.75], "uv_size": [0.25, -4.75]}
							}
						},
						{
							"origin": [-0.64522, 25.03563, -11.64],
							"size": [0.34565, 0.30513, 4.66543],
							"pivot": [0.02069, 25.19609, -9.25648],
							"rotation": [0, 0, -46],
							"uv": {
								"north": {"uv": [3, 53], "uv_size": [0.25, 0.25]},
								"east": {"uv": [44, 49], "uv_size": [4.75, 0.25]},
								"south": {"uv": [5, 53], "uv_size": [0.25, 0.25]},
								"west": {"uv": [49, 48], "uv_size": [4.75, 0.25]},
								"up": {"uv": [30, 49], "uv_size": [0.25, 4.75]},
								"down": {"uv": [36, 53.75], "uv_size": [0.25, -4.75]}
							}
						},
						{
							"origin": [-0.54156, 24.81129, -11.64252],
							"size": [0.30392, 0.73954, 4.66543],
							"uv": {
								"north": {"uv": [46, 52], "uv_size": [0.25, 0.75]},
								"east": {"uv": [44, 15], "uv_size": [4.75, 0.75]},
								"south": {"uv": [52, 46], "uv_size": [0.25, 0.75]},
								"west": {"uv": [45, 1], "uv_size": [4.75, 0.75]},
								"up": {"uv": [28, 49], "uv_size": [0.25, 4.75]},
								"down": {"uv": [29, 53.75], "uv_size": [0.25, -4.75]}
							}
						},
						{
							"origin": [0.04863, 25.68102, -11.64],
							"size": [0.34723, 0.3067, 4.66701],
							"inflate": -0.002,
							"pivot": [0.02069, 25.56075, -9.25648],
							"rotation": [0, 0, -134],
							"uv": {
								"north": {"uv": [1, 53], "uv_size": [0.25, 0.25]},
								"east": {"uv": [49, 27], "uv_size": [4.75, 0.25]},
								"south": {"uv": [2, 53], "uv_size": [0.25, 0.25]},
								"west": {"uv": [49, 35], "uv_size": [4.75, 0.25]},
								"up": {"uv": [25, 49], "uv_size": [0.25, 4.75]},
								"down": {"uv": [26, 53.75], "uv_size": [0.25, -4.75]}
							}
						},
						{
							"origin": [-0.461, 23.67829, 7.27079],
							"size": [0.941, 0.85904, 2.49904],
							"inflate": 0.002,
							"pivot": [0.05948, 24.25781, -2.12969],
							"rotation": [10, 0, 0],
							"uv": {
								"north": {"uv": [51, 20], "uv_size": [1, 0.75]},
								"east": {"uv": [47, 38], "uv_size": [2.5, 0.75]},
								"south": {"uv": [21, 51], "uv_size": [1, 0.75]},
								"west": {"uv": [47, 39], "uv_size": [2.5, 0.75]},
								"up": {"uv": [5, 47], "uv_size": [1, 2.5]},
								"down": {"uv": [14, 49.5], "uv_size": [1, -2.5]}
							}
						},
						{
							"origin": [-0.26, 25.96426, 6.78453],
							"size": [0.541, 0.55904, 2.39904],
							"inflate": 0.002,
							"pivot": [0.0095, 25.64378, 8.03405],
							"rotation": [22, 0, 0],
							"uv": {
								"north": {"uv": [42, 52], "uv_size": [0.5, 0.5]},
								"east": {"uv": [19, 49], "uv_size": [2.5, 0.5]},
								"south": {"uv": [52, 42], "uv_size": [0.5, 0.5]},
								"west": {"uv": [49, 21], "uv_size": [2.5, 0.5]},
								"up": {"uv": [13, 49], "uv_size": [0.5, 2.5]},
								"down": {"uv": [22, 51.5], "uv_size": [0.5, -2.5]}
							}
						},
						{
							"origin": [-0.32931, 25.37967, -11.64052],
							"size": [0.69623, 0.30114, 4.66265],
							"inflate": 0.002,
							"pivot": [0.02069, 25.56075, -9.25648],
							"rotation": [0, 0, 180],
							"uv": {
								"north": {"uv": [45, 52], "uv_size": [0.75, 0.25]},
								"east": {"uv": [49, 25], "uv_size": [4.75, 0.25]},
								"south": {"uv": [52, 45], "uv_size": [0.75, 0.25]},
								"west": {"uv": [49, 26], "uv_size": [4.75, 0.25]},
								"up": {"uv": [11, 43], "uv_size": [0.75, 4.75]},
								"down": {"uv": [12, 47.75], "uv_size": [0.75, -4.75]}
							}
						},
						{
							"origin": [-0.35448, 25.68102, -11.64],
							"size": [0.34723, 0.3067, 4.66701],
							"inflate": -0.002,
							"pivot": [0.02069, 25.56075, -9.25648],
							"rotation": [0, 0, 134],
							"uv": {
								"north": {"uv": [52, 52], "uv_size": [0.25, 0.25]},
								"east": {"uv": [49, 22], "uv_size": [4.75, 0.25]},
								"south": {"uv": [0, 53], "uv_size": [0.25, 0.25]},
								"west": {"uv": [49, 24], "uv_size": [4.75, 0.25]},
								"up": {"uv": [23, 49], "uv_size": [0.25, 4.75]},
								"down": {"uv": [24, 53.75], "uv_size": [0.25, -4.75]}
							}
						},
						{
							"origin": [0.55, 25.2205, -11.445],
							"size": [1.26, 2.4, 18.212],
							"uv": {
								"north": {"uv": [7, 46], "uv_size": [1.25, 2.5]},
								"east": {"uv": [0, 12], "uv_size": [18.25, 2.5]},
								"south": {"uv": [46, 21], "uv_size": [1.25, 2.5]},
								"west": {"uv": [12, 0], "uv_size": [18.25, 2.5]},
								"up": {"uv": [25, 14], "uv_size": [1.25, 18.25]},
								"down": {"uv": [19, 43.25], "uv_size": [1.25, -18.25]}
							}
						}
					]
				},
				{
					"name": "bone",
					"parent": "gun",
					"pivot": [1.126, 24.0805, -3.53787]
				},
				{
					"name": "trigger",
					"parent": "gun",
					"pivot": [0.024, 23.78021, -2.1112],
					"rotation": [5, 0, 0],
					"cubes": [
						{
							"origin": [-0.432, 22.19078, -2.57878],
							"size": [0.912, 1.788, 0.608],
							"inflate": -0.1,
							"pivot": [0.024, 24.62642, -1.93477],
							"rotation": [-6, 0, 0],
							"uv": {
								"north": {"uv": [36, 4], "uv_size": [1, 1.75]},
								"east": {"uv": [50, 45], "uv_size": [0.5, 1.75]},
								"south": {"uv": [48, 21], "uv_size": [1, 1.75]},
								"west": {"uv": [46, 50], "uv_size": [0.5, 1.75]},
								"up": {"uv": [50, 51], "uv_size": [1, 0.5]},
								"down": {"uv": [51, 50.5], "uv_size": [1, -0.5]}
							}
						},
						{
							"origin": [-0.427, 20.54069, -1.86841],
							"size": [0.912, 1.788, 0.608],
							"inflate": -0.1,
							"pivot": [0.019, 23.37, -1.73484],
							"rotation": [-47, 0, 0],
							"uv": {
								"north": {"uv": [27, 48], "uv_size": [1, 1.75]},
								"east": {"uv": [47, 50], "uv_size": [0.5, 1.75]},
								"south": {"uv": [31, 48], "uv_size": [1, 1.75]},
								"west": {"uv": [48, 50], "uv_size": [0.5, 1.75]},
								"up": {"uv": [51, 51], "uv_size": [1, 0.5]},
								"down": {"uv": [0, 52.5], "uv_size": [1, -0.5]}
							}
						}
					]
				},
				{
					"name": "magazine",
					"parent": "main",
					"pivot": [0.7, 10.05, -3.95],
					"cubes": [
						{
							"origin": [-0.8175, 13.86409, 0.53428],
							"size": [2.07, 10.35, 2.553],
							"pivot": [-0.3, 21.50584, 1.96603],
							"rotation": [18, 0, 0],
							"uv": {
								"north": {"uv": [21, 25], "uv_size": [2, 10.25]},
								"east": {"uv": [10, 15], "uv_size": [2.5, 10.25]},
								"south": {"uv": [23, 25], "uv_size": [2, 10.25]},
								"west": {"uv": [13, 15], "uv_size": [2.5, 10.25]},
								"up": {"uv": [34, 0], "uv_size": [2, 2.5]},
								"down": {"uv": [42, 44.5], "uv_size": [2, -2.5]}
							}
						},
						{
							"origin": [-1.16219, 13.8644, 0.53459],
							"size": [0.68938, 10.34938, 2.55238],
							"inflate": 0.001,
							"pivot": [-0.3, 21.50584, 1.96603],
							"rotation": [18, 0, 0],
							"uv": {
								"north": {"uv": [6, 37], "uv_size": [0.75, 10.25]},
								"east": {"uv": [16, 15], "uv_size": [2.5, 10.25]},
								"south": {"uv": [28, 38], "uv_size": [0.75, 10.25]},
								"west": {"uv": [19, 3], "uv_size": [2.5, 10.25]},
								"up": {"uv": [15, 47], "uv_size": [0.75, 2.5]},
								"down": {"uv": [35, 49.5], "uv_size": [0.75, -2.5]}
							}
						}
					]
				},
				{
					"name": "bullet",
					"parent": "magazine",
					"pivot": [0.05, 24.7, -9.4],
					"cubes": [
						{
							"origin": [-1.24154, 23.6123, 0.97578],
							"size": [0.566, 0.566, 1.739],
							"inflate": 0.2,
							"pivot": [-0.3, 21.50584, 1.96603],
							"rotation": [16.87458, -6.35808, 20.05594],
							"uv": {
								"north": {"uv": [35, 52], "uv_size": [0.5, 0.5]},
								"east": {"uv": [50, 34], "uv_size": [1.75, 0.5]},
								"south": {"uv": [38, 52], "uv_size": [0.5, 0.5]},
								"west": {"uv": [50, 38], "uv_size": [1.75, 0.5]},
								"up": {"uv": [50, 39], "uv_size": [0.5, 1.75]},
								"down": {"uv": [41, 51.75], "uv_size": [0.5, -1.75]}
							}
						}
					]
				},
				{
					"name": "magazine2",
					"parent": "main",
					"pivot": [0.7, 10.05, -3.95],
					"cubes": [
						{
							"origin": [-0.8299, 13.8484, 0.55079],
							"size": [2.07, 10.35, 2.553],
							"pivot": [-0.3124, 21.49015, 1.98254],
							"rotation": [18, 0, 0],
							"uv": {
								"north": {"uv": [10, 26], "uv_size": [2, 10.25]},
								"east": {"uv": [19, 14], "uv_size": [2.5, 10.25]},
								"south": {"uv": [12, 26], "uv_size": [2, 10.25]},
								"west": {"uv": [22, 3], "uv_size": [2.5, 10.25]},
								"up": {"uv": [0, 43], "uv_size": [2, 2.5]},
								"down": {"uv": [43, 3.5], "uv_size": [2, -2.5]}
							}
						},
						{
							"origin": [-1.17459, 13.84871, 0.5511],
							"size": [0.68938, 10.34938, 2.55238],
							"inflate": 0.001,
							"pivot": [-0.3124, 21.49015, 1.98254],
							"rotation": [18, 0, 0],
							"uv": {
								"north": {"uv": [29, 38], "uv_size": [0.75, 10.25]},
								"east": {"uv": [22, 14], "uv_size": [2.5, 10.25]},
								"south": {"uv": [30, 38], "uv_size": [0.75, 10.25]},
								"west": {"uv": [25, 3], "uv_size": [2.5, 10.25]},
								"up": {"uv": [47, 42], "uv_size": [0.75, 2.5]},
								"down": {"uv": [6, 50.5], "uv_size": [0.75, -2.5]}
							}
						}
					]
				},
				{
					"name": "bullet2",
					"parent": "magazine2",
					"pivot": [-0.3624, 30.08431, -17.1835],
					"cubes": [
						{
							"origin": [-1.25394, 23.59661, 0.99229],
							"size": [0.566, 0.566, 1.739],
							"inflate": 0.2,
							"pivot": [-0.3124, 21.49015, 1.98254],
							"rotation": [16.87458, -6.35808, 20.05594],
							"uv": {
								"north": {"uv": [41, 52], "uv_size": [0.5, 0.5]},
								"east": {"uv": [50, 41], "uv_size": [1.75, 0.5]},
								"south": {"uv": [52, 41], "uv_size": [0.5, 0.5]},
								"west": {"uv": [42, 50], "uv_size": [1.75, 0.5]},
								"up": {"uv": [44, 50], "uv_size": [0.5, 1.75]},
								"down": {"uv": [45, 51.75], "uv_size": [0.5, -1.75]}
							}
						}
					]
				},
				{
					"name": "rightarm",
					"parent": "main",
					"pivot": [-5.2, 15.5, 25.8],
					"rotation": [-101.81106, -12.40003, -2.46982],
					"cubes": [
						{
							"origin": [-9.2, -8.5, 21.8],
							"size": [8, 24, 8],
							"uv": {
								"north": {"uv": [17.47126, 14.89655], "uv_size": [5.88506, 17.65517]},
								"east": {"uv": [11.58621, 14.89655], "uv_size": [5.88506, 17.65517]},
								"south": {"uv": [29.24138, 14.89655], "uv_size": [5.88506, 17.65517]},
								"west": {"uv": [0, 0], "uv_size": [5.88506, 17.65517]},
								"up": {"uv": [17.47126, 9.01149], "uv_size": [5.88506, 5.88506]},
								"down": {"uv": [6.76782, 47.96322], "uv_size": [-5.88506, -5.88506]}
							}
						}
					]
				},
				{
					"name": "leftarm",
					"parent": "main",
					"pivot": [10.7, 15.3, 12.4],
					"rotation": [-119.61483, 1.67666, -38.31282],
					"cubes": [
						{
							"origin": [3.82256, -0.95844, 5.99404],
							"size": [8, 24, 8],
							"uv": {
								"north": {"uv": [17.28736, 12.32184], "uv_size": [5.88506, 17.65517]},
								"east": {"uv": [11.4023, 12.32184], "uv_size": [5.88506, 17.65517]},
								"south": {"uv": [29.05747, 12.32184], "uv_size": [5.88506, 17.65517]},
								"west": {"uv": [0, 0], "uv_size": [5.88506, 17.65517]},
								"up": {"uv": [17.28736, 6.43678], "uv_size": [5.88506, 5.88506]},
								"down": {"uv": [5.88506, 59.59059], "uv_size": [-5.88506, -5.88506]}
							}
						}
					]
				},
				{
					"name": "muzzleflash",
					"parent": "main",
					"pivot": [0, 26.95, -12.05],
					"cubes": [
						{
							"origin": [-0.5, 26.45, -12.55],
							"size": [1, 1, 1],
							"inflate": -0.4,
							"uv": {
								"north": {"uv": [5, 50], "uv_size": [1, 1]},
								"east": {"uv": [7, 50], "uv_size": [1, 1]},
								"south": {"uv": [8, 50], "uv_size": [1, 1]},
								"west": {"uv": [50, 13], "uv_size": [1, 1]},
								"up": {"uv": [14, 50], "uv_size": [1, 1]},
								"down": {"uv": [15, 51], "uv_size": [1, -1]}
							}
						}
					]
				},
				{
					"name": "scope",
					"parent": "main",
					"pivot": [0.1, 28.75, 17.5],
					"cubes": [
						{
							"origin": [-0.4, 28.25, 17],
							"size": [1, 1, 1],
							"inflate": -0.4,
							"uv": {
								"north": {"uv": [16, 50], "uv_size": [1, 1]},
								"east": {"uv": [17, 50], "uv_size": [1, 1]},
								"south": {"uv": [18, 50], "uv_size": [1, 1]},
								"west": {"uv": [19, 50], "uv_size": [1, 1]},
								"up": {"uv": [20, 50], "uv_size": [1, 1]},
								"down": {"uv": [21, 51], "uv_size": [1, -1]}
							}
						}
					]
				}
			]
		}
	]
}