{
	"format_version": "1.12.0",
	"minecraft:geometry": [
		{
			"description": {
				"identifier": "geometry.unknown",
				"texture_width": 256,
				"texture_height": 256,
				"visible_bounds_width": 10,
				"visible_bounds_height": 10,
				"visible_bounds_offset": [0, -2, 0]
			},
			"bones": [
				{
					"name": "main",
					"pivot": [-6.875, 3, 2]
				},
				{
					"name": "gun",
					"parent": "main",
					"pivot": [12.2, 9.3, -8.6],
					"cubes": [
						{
							"origin": [-1.75, 2.99552, -3.13073],
							"size": [3.5, 8.75, 4],
							"pivot": [12.2, 11.99552, -10.13073],
							"rotation": [22.5, 0, 0],
							"uv": {
								"north": {"uv": [8, 85], "uv_size": [4, 9]},
								"east": {"uv": [12, 85], "uv_size": [4, 9]},
								"south": {"uv": [16, 85], "uv_size": [4, 9]},
								"west": {"uv": [42, 86], "uv_size": [4, 9]},
								"up": {"uv": [95, 3], "uv_size": [4, 4]},
								"down": {"uv": [42, 99], "uv_size": [4, -4]}
							}
						},
						{
							"origin": [-1.7595, 11.24552, -3.1314],
							"size": [3.51, 4.325, 4.05],
							"pivot": [12.2, 11.99552, -10.13073],
							"rotation": [22.5, 0, 0],
							"uv": {
								"north": {"uv": [8, 85], "uv_size": [4, 4.5]},
								"east": {"uv": [12, 85.5], "uv_size": [4, 4.5]},
								"south": {"uv": [16, 85], "uv_size": [4, 4.5]},
								"west": {"uv": [42, 86], "uv_size": [4, 4.5]},
								"up": {"uv": [95, 3], "uv_size": [4, 4]},
								"down": {"uv": [42, 99], "uv_size": [4, -4]}
							}
						},
						{
							"origin": [-1.75, 2.49552, -4.13073],
							"size": [3.5, 0.5, 5],
							"pivot": [12.2, 11.99552, -10.13073],
							"rotation": [22.5, 0, 0],
							"uv": {
								"north": {"uv": [103, 102], "uv_size": [4, 1]},
								"east": {"uv": [103, 103], "uv_size": [4, 1]},
								"south": {"uv": [104, 44], "uv_size": [4, 1]},
								"west": {"uv": [104, 45], "uv_size": [4, 1]},
								"up": {"uv": [96, 7], "uv_size": [4, 4]},
								"down": {"uv": [96, 15], "uv_size": [4, -4]}
							}
						},
						{
							"origin": [-2.5, 7.56439, 17.8004],
							"size": [5, 4.5, 12],
							"pivot": [0, 15.81439, 21.3004],
							"rotation": [90, 0, 0],
							"uv": {
								"north": {"uv": [84, 20], "uv_size": [5, 4]},
								"east": {"uv": [77, 16], "uv_size": [12, 4]},
								"south": {"uv": [87, 68], "uv_size": [5, 4]},
								"west": {"uv": [77, 52], "uv_size": [12, 4]},
								"up": {"uv": [20, 80], "uv_size": [5, 12]},
								"down": {"uv": [60, 92], "uv_size": [5, -12]}
							}
						},
						{
							"origin": [-2.5, 12.06439, 28.8004],
							"size": [5, 8, 2],
							"pivot": [0, 15.81439, 21.3004],
							"rotation": [90, 0, 0],
							"uv": {
								"north": {"uv": [84, 34], "uv_size": [5, 8]},
								"east": {"uv": [89, 74], "uv_size": [2, 8]},
								"south": {"uv": [84, 74], "uv_size": [5, 8]},
								"west": {"uv": [17, 94], "uv_size": [2, 8]},
								"up": {"uv": [99, 95], "uv_size": [5, 2]},
								"down": {"uv": [100, 9], "uv_size": [5, -2]}
							}
						},
						{
							"origin": [-2.5, 20.06439, 29.8004],
							"size": [5, 2.15, 1],
							"pivot": [0, 15.81439, 21.3004],
							"rotation": [90, 0, 0],
							"uv": {
								"north": {"uv": [100, 9], "uv_size": [5, 2]},
								"east": {"uv": [98, 106], "uv_size": [1, 2]},
								"south": {"uv": [100, 11], "uv_size": [5, 2]},
								"west": {"uv": [99, 106], "uv_size": [1, 2]},
								"up": {"uv": [103, 98], "uv_size": [5, 1]},
								"down": {"uv": [103, 100], "uv_size": [5, -1]}
							}
						},
						{
							"origin": [-2.5, 23.33603, 15.05525],
							"size": [5, 2.75, 1],
							"pivot": [0, 24.83603, 16.05525],
							"rotation": [67.5, 0, 0],
							"uv": {
								"north": {"uv": [97, 49], "uv_size": [5, 3]},
								"east": {"uv": [105, 39], "uv_size": [1, 3]},
								"south": {"uv": [97, 52], "uv_size": [5, 3]},
								"west": {"uv": [54, 105], "uv_size": [1, 3]},
								"up": {"uv": [103, 5], "uv_size": [5, 1]},
								"down": {"uv": [98, 104], "uv_size": [5, -1]}
							}
						},
						{
							"origin": [-2.5, 21.79384, 25.27077],
							"size": [5, 4.5, 1],
							"pivot": [0, 25.04384, 26.27077],
							"rotation": [77.5, 0, 0],
							"uv": {
								"north": {"uv": [92, 51], "uv_size": [5, 5]},
								"east": {"uv": [82, 103], "uv_size": [1, 5]},
								"south": {"uv": [60, 92], "uv_size": [5, 5]},
								"west": {"uv": [83, 103], "uv_size": [1, 5]},
								"up": {"uv": [103, 100], "uv_size": [5, 1]},
								"down": {"uv": [103, 102], "uv_size": [5, -1]}
							}
						},
						{
							"origin": [-1.5635, 5.0275, -26.34009],
							"size": [3.126, 2.25, 13.25],
							"pivot": [9.1375, 10.7775, -15.84009],
							"rotation": [-67.5, 0, 0],
							"uv": {
								"north": {"uv": [90, 26], "uv_size": [3, 2]},
								"east": {"uv": [87, 58], "uv_size": [13, 2]},
								"south": {"uv": [11, 102], "uv_size": [3, 2]},
								"west": {"uv": [87, 60], "uv_size": [13, 2]},
								"up": {"uv": [84, 82], "uv_size": [3, 13]},
								"down": {"uv": [85, 13], "uv_size": [3, -13]}
							}
						},
						{
							"origin": [-1.5, 5.83713, -28.46723],
							"size": [3, 1.25, 14.25],
							"pivot": [9.1375, 11.58713, -16.96723],
							"rotation": [-55, 0, 0],
							"uv": {
								"north": {"uv": [105, 42], "uv_size": [3, 1]},
								"east": {"uv": [92, 71], "uv_size": [14, 1]},
								"south": {"uv": [55, 105], "uv_size": [3, 1]},
								"west": {"uv": [97, 55], "uv_size": [14, 1]},
								"up": {"uv": [36, 84], "uv_size": [3, 14]},
								"down": {"uv": [39, 98], "uv_size": [3, -14]}
							}
						},
						{
							"origin": [-1.5, 7.08713, -28.46723],
							"size": [3, 1.5, 9.25],
							"pivot": [9.1375, 11.58713, -16.96723],
							"rotation": [-55, 0, 0],
							"uv": {
								"north": {"uv": [60, 105], "uv_size": [3, 1]},
								"east": {"uv": [100, 59], "uv_size": [9, 1]},
								"south": {"uv": [105, 62], "uv_size": [3, 1]},
								"west": {"uv": [100, 60], "uv_size": [9, 1]},
								"up": {"uv": [92, 0], "uv_size": [3, 9]},
								"down": {"uv": [20, 101], "uv_size": [3, -9]}
							}
						},
						{
							"origin": [-1.5, 5.54162, -10.33746],
							"size": [3, 0.5, 9.5],
							"uv": {
								"north": {"uv": [105, 17], "uv_size": [3, 1]},
								"east": {"uv": [42, 99], "uv_size": [10, 1]},
								"south": {"uv": [105, 18], "uv_size": [3, 1]},
								"west": {"uv": [76, 99], "uv_size": [10, 1]},
								"up": {"uv": [89, 36], "uv_size": [3, 10]},
								"down": {"uv": [89, 56], "uv_size": [3, -10]}
							}
						},
						{
							"origin": [-1.5, 5.59923, -20.62708],
							"size": [3, 0.75, 1],
							"pivot": [0, 6.09923, -19.87708],
							"rotation": [-22.5, 0, 0],
							"uv": {
								"north": {"uv": [105, 29], "uv_size": [3, 1]},
								"east": {"uv": [106, 105], "uv_size": [1, 1]},
								"south": {"uv": [105, 30], "uv_size": [3, 1]},
								"west": {"uv": [106, 106], "uv_size": [1, 1]},
								"up": {"uv": [105, 31], "uv_size": [3, 1]},
								"down": {"uv": [105, 33], "uv_size": [3, -1]}
							}
						},
						{
							"origin": [-1.5, 5.54162, -19.83746],
							"size": [0.2, 0.5, 9.5],
							"uv": {
								"north": {"uv": [76, 47], "uv_size": [1, 1]},
								"east": {"uv": [99, 86], "uv_size": [10, 1]},
								"south": {"uv": [88, 33], "uv_size": [1, 1]},
								"west": {"uv": [99, 87], "uv_size": [10, 1]},
								"up": {"uv": [92, 98], "uv_size": [1, 10]},
								"down": {"uv": [93, 108], "uv_size": [1, -10]}
							}
						},
						{
							"origin": [1.3, 5.54162, -19.83746],
							"size": [0.2, 0.5, 9.5],
							"uv": {
								"north": {"uv": [90, 91], "uv_size": [1, 1]},
								"east": {"uv": [99, 88], "uv_size": [10, 1]},
								"south": {"uv": [106, 104], "uv_size": [1, 1]},
								"west": {"uv": [99, 89], "uv_size": [10, 1]},
								"up": {"uv": [52, 99], "uv_size": [1, 10]},
								"down": {"uv": [53, 109], "uv_size": [1, -10]}
							}
						},
						{
							"origin": [-1.499, 10.23096, -15.33746],
							"size": [2.998, 0.5, 9.25],
							"pivot": [9.2, 10.98096, -11.33746],
							"rotation": [-67.5, 0, 0],
							"uv": {
								"north": {"uv": [105, 19], "uv_size": [3, 1]},
								"east": {"uv": [99, 97], "uv_size": [9, 1]},
								"south": {"uv": [105, 20], "uv_size": [3, 1]},
								"west": {"uv": [100, 21], "uv_size": [9, 1]},
								"up": {"uv": [90, 17], "uv_size": [3, 9]},
								"down": {"uv": [91, 83], "uv_size": [3, -9]}
							}
						},
						{
							"origin": [-1.499, 9.73096, -14.08746],
							"size": [2.998, 0.5, 8],
							"pivot": [9.2, 10.98096, -11.33746],
							"rotation": [-67.5, 0, 0],
							"uv": {
								"north": {"uv": [105, 27], "uv_size": [3, 1]},
								"east": {"uv": [100, 61], "uv_size": [8, 1]},
								"south": {"uv": [105, 28], "uv_size": [3, 1]},
								"west": {"uv": [76, 100], "uv_size": [8, 1]},
								"up": {"uv": [93, 9], "uv_size": [3, 8]},
								"down": {"uv": [93, 25], "uv_size": [3, -8]}
							}
						},
						{
							"origin": [-1.499, 8.74999, -13.99179],
							"size": [0.25, 0.75, 7.5],
							"pivot": [9.45, 10.74999, -11.24179],
							"rotation": [-67.5, 0, 0],
							"uv": {
								"north": {"uv": [7, 107], "uv_size": [1, 1]},
								"east": {"uv": [100, 80], "uv_size": [8, 1]},
								"south": {"uv": [9, 107], "uv_size": [1, 1]},
								"west": {"uv": [100, 81], "uv_size": [8, 1]},
								"up": {"uv": [66, 99], "uv_size": [1, 8]},
								"down": {"uv": [86, 107], "uv_size": [1, -8]}
							}
						},
						{
							"origin": [1.249, 8.74999, -13.99179],
							"size": [0.25, 0.75, 7.5],
							"pivot": [9.45, 10.74999, -11.24179],
							"rotation": [-67.5, 0, 0],
							"uv": {
								"north": {"uv": [107, 13], "uv_size": [1, 1]},
								"east": {"uv": [0, 101], "uv_size": [8, 1]},
								"south": {"uv": [14, 107], "uv_size": [1, 1]},
								"west": {"uv": [101, 0], "uv_size": [8, 1]},
								"up": {"uv": [84, 100], "uv_size": [1, 8]},
								"down": {"uv": [85, 108], "uv_size": [1, -8]}
							}
						},
						{
							"origin": [1.249, 7.99999, -14.49179],
							"size": [0.25, 0.75, 7.5],
							"pivot": [9.45, 10.74999, -11.24179],
							"rotation": [-67.5, 0, 0],
							"uv": {
								"north": {"uv": [10, 107], "uv_size": [1, 1]},
								"east": {"uv": [100, 82], "uv_size": [8, 1]},
								"south": {"uv": [107, 10], "uv_size": [1, 1]},
								"west": {"uv": [100, 83], "uv_size": [8, 1]},
								"up": {"uv": [48, 100], "uv_size": [1, 8]},
								"down": {"uv": [49, 108], "uv_size": [1, -8]}
							}
						},
						{
							"origin": [-1.499, 7.99999, -14.49179],
							"size": [0.25, 0.75, 7.5],
							"pivot": [9.45, 10.74999, -11.24179],
							"rotation": [-67.5, 0, 0],
							"uv": {
								"north": {"uv": [107, 15], "uv_size": [1, 1]},
								"east": {"uv": [101, 23], "uv_size": [8, 1]},
								"south": {"uv": [107, 16], "uv_size": [1, 1]},
								"west": {"uv": [101, 24], "uv_size": [8, 1]},
								"up": {"uv": [89, 100], "uv_size": [1, 8]},
								"down": {"uv": [20, 109], "uv_size": [1, -8]}
							}
						},
						{
							"origin": [-1.499, 7.24999, -14.74179],
							"size": [0.25, 0.75, 7.5],
							"pivot": [9.45, 10.74999, -11.24179],
							"rotation": [-67.5, 0, 0],
							"uv": {
								"north": {"uv": [107, 11], "uv_size": [1, 1]},
								"east": {"uv": [100, 84], "uv_size": [8, 1]},
								"south": {"uv": [107, 12], "uv_size": [1, 1]},
								"west": {"uv": [100, 85], "uv_size": [8, 1]},
								"up": {"uv": [50, 100], "uv_size": [1, 8]},
								"down": {"uv": [51, 108], "uv_size": [1, -8]}
							}
						},
						{
							"origin": [-1.499, 2.99999, -22.74179],
							"size": [0.25, 2.25, 7.5],
							"pivot": [9.45, 10.74999, -11.24179],
							"rotation": [-67.5, 0, 0],
							"uv": {
								"north": {"uv": [106, 38], "uv_size": [1, 2]},
								"east": {"uv": [87, 62], "uv_size": [7, 2]},
								"south": {"uv": [106, 40], "uv_size": [1, 2]},
								"west": {"uv": [94, 62], "uv_size": [7, 2]},
								"up": {"uv": [1, 102], "uv_size": [1, 7]},
								"down": {"uv": [2, 109], "uv_size": [1, -7]}
							}
						},
						{
							"origin": [1.251, 2.99999, -22.74179],
							"size": [0.25, 2.25, 7.5],
							"pivot": [9.45, 10.74999, -11.24179],
							"rotation": [-67.5, 0, 0],
							"uv": {
								"north": {"uv": [55, 106], "uv_size": [1, 2]},
								"east": {"uv": [60, 97], "uv_size": [7, 2]},
								"south": {"uv": [56, 106], "uv_size": [1, 2]},
								"west": {"uv": [98, 68], "uv_size": [7, 2]},
								"up": {"uv": [3, 102], "uv_size": [1, 7]},
								"down": {"uv": [4, 109], "uv_size": [1, -7]}
							}
						},
						{
							"origin": [1.249, 7.24999, -14.74179],
							"size": [0.25, 0.75, 7.5],
							"pivot": [9.45, 10.74999, -11.24179],
							"rotation": [-67.5, 0, 0],
							"uv": {
								"north": {"uv": [107, 14], "uv_size": [1, 1]},
								"east": {"uv": [101, 1], "uv_size": [8, 1]},
								"south": {"uv": [15, 107], "uv_size": [1, 1]},
								"west": {"uv": [101, 2], "uv_size": [8, 1]},
								"up": {"uv": [87, 100], "uv_size": [1, 8]},
								"down": {"uv": [88, 108], "uv_size": [1, -8]}
							}
						},
						{
							"origin": [-1, 13.3, -9.85],
							"size": [2, 3, 1],
							"pivot": [12.2, 9.3, -8.6],
							"rotation": [-22.5, 0, 0],
							"uv": {
								"north": {"uv": [5, 102], "uv_size": [2, 3]},
								"east": {"uv": [6, 105], "uv_size": [1, 3]},
								"south": {"uv": [9, 102], "uv_size": [2, 3]},
								"west": {"uv": [105, 14], "uv_size": [1, 3]},
								"up": {"uv": [70, 43], "uv_size": [2, 1]},
								"down": {"uv": [54, 93], "uv_size": [2, -1]}
							}
						},
						{
							"origin": [-1, 15.86283, -7.15219],
							"size": [2, 2, 1],
							"uv": {
								"north": {"uv": [42, 84], "uv_size": [2, 2]},
								"east": {"uv": [95, 7], "uv_size": [1, 2]},
								"south": {"uv": [65, 95], "uv_size": [2, 2]},
								"west": {"uv": [96, 23], "uv_size": [1, 2]},
								"up": {"uv": [105, 69], "uv_size": [2, 1]},
								"down": {"uv": [105, 94], "uv_size": [2, -1]}
							}
						},
						{
							"origin": [-1.625, 6.05, -20.1],
							"size": [0.5, 11.75, 7],
							"uv": {
								"north": {"uv": [19, 94], "uv_size": [1, 12]},
								"east": {"uv": [8, 68], "uv_size": [7, 12]},
								"south": {"uv": [27, 97], "uv_size": [1, 12]},
								"west": {"uv": [15, 68], "uv_size": [7, 12]},
								"up": {"uv": [89, 17], "uv_size": [1, 7]},
								"down": {"uv": [25, 108], "uv_size": [1, -7]}
							}
						},
						{
							"origin": [1.125, 6.05, -20.1],
							"size": [0.5, 11.75, 7],
							"uv": {
								"north": {"uv": [40, 98], "uv_size": [1, 12]},
								"east": {"uv": [22, 68], "uv_size": [7, 12]},
								"south": {"uv": [41, 98], "uv_size": [1, 12]},
								"west": {"uv": [60, 68], "uv_size": [7, 12]},
								"up": {"uv": [26, 101], "uv_size": [1, 7]},
								"down": {"uv": [0, 109], "uv_size": [1, -7]}
							}
						},
						{
							"origin": [-1.125, 13.3, -13.6],
							"size": [2.25, 4.5, 0.5],
							"uv": {
								"north": {"uv": [54, 99], "uv_size": [2, 5]},
								"east": {"uv": [88, 28], "uv_size": [1, 5]},
								"south": {"uv": [56, 99], "uv_size": [2, 5]},
								"west": {"uv": [88, 42], "uv_size": [1, 5]},
								"up": {"uv": [106, 36], "uv_size": [2, 1]},
								"down": {"uv": [106, 38], "uv_size": [2, -1]}
							}
						},
						{
							"origin": [-2, 17.3, -36.6],
							"size": [4, 4, 36],
							"uv": {
								"north": {"uv": [46, 95], "uv_size": [4, 4]},
								"east": {"uv": [36, 44], "uv_size": [36, 4]},
								"south": {"uv": [50, 95], "uv_size": [4, 4]},
								"west": {"uv": [48, 20], "uv_size": [36, 4]},
								"up": {"uv": [36, 48], "uv_size": [4, 36]},
								"down": {"uv": [40, 84], "uv_size": [4, -36]}
							}
						},
						{
							"origin": [-1.999, 19.90266, -46.43447],
							"size": [3.998, 0.75, 10.75],
							"pivot": [0.001, 20.90266, -42.68447],
							"rotation": [-22.5, 0, 0],
							"uv": {
								"north": {"uv": [104, 46], "uv_size": [4, 1]},
								"east": {"uv": [98, 70], "uv_size": [11, 1]},
								"south": {"uv": [104, 47], "uv_size": [4, 1]},
								"west": {"uv": [99, 6], "uv_size": [11, 1]},
								"up": {"uv": [76, 82], "uv_size": [4, 11]},
								"down": {"uv": [80, 93], "uv_size": [4, -11]}
							}
						},
						{
							"origin": [-1.999, 20.65266, -44.68447],
							"size": [3.998, 0.75, 9],
							"pivot": [0.001, 20.90266, -42.68447],
							"rotation": [-22.5, 0, 0],
							"uv": {
								"north": {"uv": [104, 50], "uv_size": [4, 1]},
								"east": {"uv": [100, 22], "uv_size": [9, 1]},
								"south": {"uv": [104, 51], "uv_size": [4, 1]},
								"west": {"uv": [100, 58], "uv_size": [9, 1]},
								"up": {"uv": [46, 86], "uv_size": [4, 9]},
								"down": {"uv": [50, 95], "uv_size": [4, -9]}
							}
						},
						{
							"origin": [-1.999, 21.40266, -42.68447],
							"size": [3.998, 0.75, 7.75],
							"pivot": [0.001, 20.90266, -42.68447],
							"rotation": [-22.5, 0, 0],
							"uv": {
								"north": {"uv": [104, 52], "uv_size": [4, 1]},
								"east": {"uv": [101, 25], "uv_size": [8, 1]},
								"south": {"uv": [104, 53], "uv_size": [4, 1]},
								"west": {"uv": [101, 26], "uv_size": [8, 1]},
								"up": {"uv": [89, 9], "uv_size": [4, 8]},
								"down": {"uv": [89, 36], "uv_size": [4, -8]}
							}
						},
						{
							"origin": [-1.999, 22.15266, -41.18447],
							"size": [3.998, 0.75, 5.75],
							"pivot": [0.001, 20.90266, -42.68447],
							"rotation": [-22.5, 0, 0],
							"uv": {
								"north": {"uv": [54, 104], "uv_size": [4, 1]},
								"east": {"uv": [101, 94], "uv_size": [6, 1]},
								"south": {"uv": [60, 104], "uv_size": [4, 1]},
								"west": {"uv": [102, 43], "uv_size": [6, 1]},
								"up": {"uv": [93, 25], "uv_size": [4, 6]},
								"down": {"uv": [54, 99], "uv_size": [4, -6]}
							}
						},
						{
							"origin": [-1.999, 22.90266, -39.18447],
							"size": [3.998, 0.75, 3.75],
							"pivot": [0.001, 20.90266, -42.68447],
							"rotation": [-22.5, 0, 0],
							"uv": {
								"north": {"uv": [104, 74], "uv_size": [4, 1]},
								"east": {"uv": [104, 75], "uv_size": [4, 1]},
								"south": {"uv": [104, 76], "uv_size": [4, 1]},
								"west": {"uv": [104, 77], "uv_size": [4, 1]},
								"up": {"uv": [96, 15], "uv_size": [4, 4]},
								"down": {"uv": [96, 23], "uv_size": [4, -4]}
							}
						},
						{
							"origin": [-2.05, 17.71421, -1.6],
							"size": [4.1, 3.25, 6],
							"pivot": [0, 18.71421, -0.6],
							"rotation": [45, 0, 0],
							"uv": {
								"north": {"uv": [98, 74], "uv_size": [4, 3]},
								"east": {"uv": [98, 68], "uv_size": [-6, 3]},
								"south": {"uv": [98, 77], "uv_size": [4, 3]},
								"west": {"uv": [95, 0], "uv_size": [6, 3]},
								"up": {"uv": [67, 92], "uv_size": [4, 6]},
								"down": {"uv": [90, 98], "uv_size": [4, -6]}
							}
						},
						{
							"origin": [-2, 21.3, -75.6],
							"size": [4, 1, 77.25],
							"uv": {
								"north": {"uv": [104, 48], "uv_size": [4, 1]},
								"east": {"uv": [72, 72], "uv_size": [77, 1]},
								"south": {"uv": [104, 49], "uv_size": [4, 1]},
								"west": {"uv": [72, 73], "uv_size": [77, 1]},
								"up": {"uv": [0, 20], "uv_size": [4, 77]},
								"down": {"uv": [4, 97], "uv_size": [4, -77]}
							}
						},
						{
							"origin": [-2, 21.05, -72.6],
							"size": [4, 0.25, 24],
							"uv": {
								"north": {"uv": [40, 109], "uv_size": [-4, 12]},
								"east": {"uv": [40, 109], "uv_size": [-4, 12]},
								"south": {"uv": [40, 109], "uv_size": [-4, 12]},
								"west": {"uv": [40, 109], "uv_size": [-4, 12]},
								"up": {"uv": [44, 125], "uv_size": [4, -15]},
								"down": {"uv": [44, 125], "uv_size": [4, -15]}
							}
						},
						{
							"origin": [-2, 20.55, -51.85],
							"size": [4, 0.5, 1.75],
							"uv": {
								"north": {"uv": [53, 110], "uv_size": [-4, 4]},
								"east": {"uv": [53, 110], "uv_size": [-4, 4]},
								"south": {"uv": [53, 110], "uv_size": [-4, 4]},
								"west": {"uv": [53, 110], "uv_size": [-4, 4]},
								"up": {"uv": [49, 114], "uv_size": [4, -4]},
								"down": {"uv": [49, 114], "uv_size": [4, -4]}
							}
						},
						{
							"origin": [-2, 20.55, -55.1],
							"size": [4, 0.5, 1.75],
							"uv": {
								"north": {"uv": [53, 110], "uv_size": [-4, 4]},
								"east": {"uv": [53, 110], "uv_size": [-4, 4]},
								"south": {"uv": [53, 110], "uv_size": [-4, 4]},
								"west": {"uv": [53, 110], "uv_size": [-4, 4]},
								"up": {"uv": [49, 114], "uv_size": [4, -4]},
								"down": {"uv": [49, 114], "uv_size": [4, -4]}
							}
						},
						{
							"origin": [-2, 20.55, -58.35],
							"size": [4, 0.5, 1.75],
							"uv": {
								"north": {"uv": [53, 110], "uv_size": [-4, 4]},
								"east": {"uv": [53, 110], "uv_size": [-4, 4]},
								"south": {"uv": [53, 110], "uv_size": [-4, 4]},
								"west": {"uv": [53, 110], "uv_size": [-4, 4]},
								"up": {"uv": [49, 114], "uv_size": [4, -4]},
								"down": {"uv": [49, 114], "uv_size": [4, -4]}
							}
						},
						{
							"origin": [-2, 20.55, -61.35],
							"size": [4, 0.5, 1.75],
							"uv": {
								"north": {"uv": [53, 110], "uv_size": [-4, 4]},
								"east": {"uv": [53, 110], "uv_size": [-4, 4]},
								"south": {"uv": [53, 110], "uv_size": [-4, 4]},
								"west": {"uv": [53, 110], "uv_size": [-4, 4]},
								"up": {"uv": [49, 114], "uv_size": [4, -4]},
								"down": {"uv": [49, 114], "uv_size": [4, -4]}
							}
						},
						{
							"origin": [-2, 20.55, -64.6],
							"size": [4, 0.5, 1.75],
							"uv": {
								"north": {"uv": [53, 110], "uv_size": [-4, 4]},
								"east": {"uv": [53, 110], "uv_size": [-4, 4]},
								"south": {"uv": [53, 110], "uv_size": [-4, 4]},
								"west": {"uv": [53, 110], "uv_size": [-4, 4]},
								"up": {"uv": [49, 114], "uv_size": [4, -4]},
								"down": {"uv": [49, 114], "uv_size": [4, -4]}
							}
						},
						{
							"origin": [-2, 20.55, -67.85],
							"size": [4, 0.5, 1.75],
							"uv": {
								"north": {"uv": [53, 110], "uv_size": [-4, 4]},
								"east": {"uv": [53, 110], "uv_size": [-4, 4]},
								"south": {"uv": [53, 110], "uv_size": [-4, 4]},
								"west": {"uv": [53, 110], "uv_size": [-4, 4]},
								"up": {"uv": [49, 114], "uv_size": [4, -4]},
								"down": {"uv": [49, 114], "uv_size": [4, -4]}
							}
						},
						{
							"origin": [-2, 20.55, -71.1],
							"size": [4, 0.5, 1.75],
							"uv": {
								"north": {"uv": [53, 110], "uv_size": [-4, 4]},
								"east": {"uv": [53, 110], "uv_size": [-4, 4]},
								"south": {"uv": [53, 110], "uv_size": [-4, 4]},
								"west": {"uv": [53, 110], "uv_size": [-4, 4]},
								"up": {"uv": [49, 114], "uv_size": [4, -4]},
								"down": {"uv": [49, 114], "uv_size": [4, -4]}
							}
						},
						{
							"origin": [-17.73886, 38.23115, -70.85],
							"size": [4, 0.5, 1.75],
							"pivot": [-15.73886, 17.93115, -1.5],
							"rotation": [0, 0, 67.5],
							"uv": {
								"north": {"uv": [53, 110], "uv_size": [-4, 4]},
								"east": {"uv": [53, 110], "uv_size": [-4, 4]},
								"south": {"uv": [53, 110], "uv_size": [-4, 4]},
								"west": {"uv": [53, 110], "uv_size": [-4, 4]},
								"up": {"uv": [49, 114], "uv_size": [4, -4]},
								"down": {"uv": [49, 114], "uv_size": [4, -4]}
							}
						},
						{
							"origin": [-17.73886, 38.23115, -67.1],
							"size": [4, 0.5, 1.75],
							"pivot": [-15.73886, 17.93115, -1.5],
							"rotation": [0, 0, 67.5],
							"uv": {
								"north": {"uv": [53, 110], "uv_size": [-4, 4]},
								"east": {"uv": [53, 110], "uv_size": [-4, 4]},
								"south": {"uv": [53, 110], "uv_size": [-4, 4]},
								"west": {"uv": [53, 110], "uv_size": [-4, 4]},
								"up": {"uv": [49, 114], "uv_size": [4, -4]},
								"down": {"uv": [49, 114], "uv_size": [4, -4]}
							}
						},
						{
							"origin": [-17.73886, 38.23115, -63.6],
							"size": [4, 0.5, 1.75],
							"pivot": [-15.73886, 17.93115, -1.5],
							"rotation": [0, 0, 67.5],
							"uv": {
								"north": {"uv": [53, 110], "uv_size": [-4, 4]},
								"east": {"uv": [53, 110], "uv_size": [-4, 4]},
								"south": {"uv": [53, 110], "uv_size": [-4, 4]},
								"west": {"uv": [53, 110], "uv_size": [-4, 4]},
								"up": {"uv": [49, 114], "uv_size": [4, -4]},
								"down": {"uv": [49, 114], "uv_size": [4, -4]}
							}
						},
						{
							"origin": [-17.73886, 38.23115, -59.85],
							"size": [4, 0.5, 1.75],
							"pivot": [-15.73886, 17.93115, -1.5],
							"rotation": [0, 0, 67.5],
							"uv": {
								"north": {"uv": [53, 110], "uv_size": [-4, 4]},
								"east": {"uv": [53, 110], "uv_size": [-4, 4]},
								"south": {"uv": [53, 110], "uv_size": [-4, 4]},
								"west": {"uv": [53, 110], "uv_size": [-4, 4]},
								"up": {"uv": [49, 114], "uv_size": [4, -4]},
								"down": {"uv": [49, 114], "uv_size": [4, -4]}
							}
						},
						{
							"origin": [-17.73886, 38.23115, -56.35],
							"size": [4, 0.5, 1.75],
							"pivot": [-15.73886, 17.93115, -1.5],
							"rotation": [0, 0, 67.5],
							"uv": {
								"north": {"uv": [53, 110], "uv_size": [-4, 4]},
								"east": {"uv": [53, 110], "uv_size": [-4, 4]},
								"south": {"uv": [53, 110], "uv_size": [-4, 4]},
								"west": {"uv": [53, 110], "uv_size": [-4, 4]},
								"up": {"uv": [49, 114], "uv_size": [4, -4]},
								"down": {"uv": [49, 114], "uv_size": [4, -4]}
							}
						},
						{
							"origin": [-17.73886, 38.23115, -52.85],
							"size": [4, 0.5, 1.75],
							"pivot": [-15.73886, 17.93115, -1.5],
							"rotation": [0, 0, 67.5],
							"uv": {
								"north": {"uv": [53, 110], "uv_size": [-4, 4]},
								"east": {"uv": [53, 110], "uv_size": [-4, 4]},
								"south": {"uv": [53, 110], "uv_size": [-4, 4]},
								"west": {"uv": [53, 110], "uv_size": [-4, 4]},
								"up": {"uv": [49, 114], "uv_size": [4, -4]},
								"down": {"uv": [49, 114], "uv_size": [4, -4]}
							}
						},
						{
							"origin": [-17.73886, 38.23115, -49.1],
							"size": [4, 0.5, 1.75],
							"pivot": [-15.73886, 17.93115, -1.5],
							"rotation": [0, 0, 67.5],
							"uv": {
								"north": {"uv": [53, 110], "uv_size": [-4, 4]},
								"east": {"uv": [53, 110], "uv_size": [-4, 4]},
								"south": {"uv": [53, 110], "uv_size": [-4, 4]},
								"west": {"uv": [53, 110], "uv_size": [-4, 4]},
								"up": {"uv": [49, 114], "uv_size": [4, -4]},
								"down": {"uv": [49, 114], "uv_size": [4, -4]}
							}
						},
						{
							"origin": [-5.36235, 25.71813, -70.85],
							"size": [4, 0.5, 1.75],
							"pivot": [-3.36235, 25.84313, -71.85],
							"rotation": [0, 0, 112.5],
							"uv": {
								"north": {"uv": [53, 110], "uv_size": [-4, 4]},
								"east": {"uv": [53, 110], "uv_size": [-4, 4]},
								"south": {"uv": [53, 110], "uv_size": [-4, 4]},
								"west": {"uv": [53, 110], "uv_size": [-4, 4]},
								"up": {"uv": [49, 114], "uv_size": [4, -4]},
								"down": {"uv": [49, 114], "uv_size": [4, -4]}
							}
						},
						{
							"origin": [-5.36235, 25.71813, -67.35],
							"size": [4, 0.5, 1.75],
							"pivot": [-3.36235, 25.84313, -71.85],
							"rotation": [0, 0, 112.5],
							"uv": {
								"north": {"uv": [53, 110], "uv_size": [-4, 4]},
								"east": {"uv": [53, 110], "uv_size": [-4, 4]},
								"south": {"uv": [53, 110], "uv_size": [-4, 4]},
								"west": {"uv": [53, 110], "uv_size": [-4, 4]},
								"up": {"uv": [49, 114], "uv_size": [4, -4]},
								"down": {"uv": [49, 114], "uv_size": [4, -4]}
							}
						},
						{
							"origin": [-5.36235, 25.71813, -63.6],
							"size": [4, 0.5, 1.75],
							"pivot": [-3.36235, 25.84313, -71.85],
							"rotation": [0, 0, 112.5],
							"uv": {
								"north": {"uv": [53, 110], "uv_size": [-4, 4]},
								"east": {"uv": [53, 110], "uv_size": [-4, 4]},
								"south": {"uv": [53, 110], "uv_size": [-4, 4]},
								"west": {"uv": [53, 110], "uv_size": [-4, 4]},
								"up": {"uv": [49, 114], "uv_size": [4, -4]},
								"down": {"uv": [49, 114], "uv_size": [4, -4]}
							}
						},
						{
							"origin": [-5.36235, 25.71813, -60.1],
							"size": [4, 0.5, 1.75],
							"pivot": [-3.36235, 25.84313, -71.85],
							"rotation": [0, 0, 112.5],
							"uv": {
								"north": {"uv": [53, 110], "uv_size": [-4, 4]},
								"east": {"uv": [53, 110], "uv_size": [-4, 4]},
								"south": {"uv": [53, 110], "uv_size": [-4, 4]},
								"west": {"uv": [53, 110], "uv_size": [-4, 4]},
								"up": {"uv": [49, 114], "uv_size": [4, -4]},
								"down": {"uv": [49, 114], "uv_size": [4, -4]}
							}
						},
						{
							"origin": [-5.36235, 25.71813, -56.35],
							"size": [4, 0.5, 1.75],
							"pivot": [-3.36235, 25.84313, -71.85],
							"rotation": [0, 0, 112.5],
							"uv": {
								"north": {"uv": [53, 110], "uv_size": [-4, 4]},
								"east": {"uv": [53, 110], "uv_size": [-4, 4]},
								"south": {"uv": [53, 110], "uv_size": [-4, 4]},
								"west": {"uv": [53, 110], "uv_size": [-4, 4]},
								"up": {"uv": [49, 114], "uv_size": [4, -4]},
								"down": {"uv": [49, 114], "uv_size": [4, -4]}
							}
						},
						{
							"origin": [-5.36235, 25.71813, -52.85],
							"size": [4, 0.5, 1.75],
							"pivot": [-3.36235, 25.84313, -71.85],
							"rotation": [0, 0, 112.5],
							"uv": {
								"north": {"uv": [53, 110], "uv_size": [-4, 4]},
								"east": {"uv": [53, 110], "uv_size": [-4, 4]},
								"south": {"uv": [53, 110], "uv_size": [-4, 4]},
								"west": {"uv": [53, 110], "uv_size": [-4, 4]},
								"up": {"uv": [49, 114], "uv_size": [4, -4]},
								"down": {"uv": [49, 114], "uv_size": [4, -4]}
							}
						},
						{
							"origin": [-5.36235, 25.71813, -49.1],
							"size": [4, 0.5, 1.75],
							"pivot": [-3.36235, 25.84313, -71.85],
							"rotation": [0, 0, 112.5],
							"uv": {
								"north": {"uv": [53, 110], "uv_size": [-4, 4]},
								"east": {"uv": [53, 110], "uv_size": [-4, 4]},
								"south": {"uv": [53, 110], "uv_size": [-4, 4]},
								"west": {"uv": [53, 110], "uv_size": [-4, 4]},
								"up": {"uv": [49, 114], "uv_size": [4, -4]},
								"down": {"uv": [49, 114], "uv_size": [4, -4]}
							}
						},
						{
							"origin": [-18.12311, 38.90608, -72.6],
							"size": [4, 0.25, 27],
							"pivot": [-16.62311, 18.10608, -3],
							"rotation": [0, 0, 67.5],
							"uv": {
								"north": {"uv": [40, 109], "uv_size": [-4, 12]},
								"east": {"uv": [40, 109], "uv_size": [-4, 12]},
								"south": {"uv": [40, 109], "uv_size": [-4, 12]},
								"west": {"uv": [40, 109], "uv_size": [-4, 12]},
								"up": {"uv": [44, 125], "uv_size": [-4, -15]},
								"down": {"uv": [40, 125], "uv_size": [4, -15]}
							}
						},
						{
							"origin": [-5.32455, 25.91156, -72.6],
							"size": [4, 0.25, 27],
							"pivot": [-2.82455, 26.16156, -63.475],
							"rotation": [0, 0, -67.5],
							"uv": {
								"north": {"uv": [40, 109], "uv_size": [-4, 12]},
								"east": {"uv": [40, 109], "uv_size": [-4, 12]},
								"south": {"uv": [40, 109], "uv_size": [-4, 12]},
								"west": {"uv": [40, 109], "uv_size": [-4, 12]},
								"up": {"uv": [40, 125], "uv_size": [4, -15]},
								"down": {"uv": [40, 125], "uv_size": [4, -15]}
							}
						},
						{
							"origin": [-1.75, 23.55, -78.35],
							"size": [3.5, 1.5, 0],
							"uv": {
								"north": {"uv": [101, 62], "uv_size": [4, 2]},
								"east": {"uv": [0, 0], "uv_size": [0, 2]},
								"south": {"uv": [76, 101], "uv_size": [4, 2]},
								"west": {"uv": [0, 0], "uv_size": [0, 2]},
								"up": {"uv": [0, 0], "uv_size": [4, 0]},
								"down": {"uv": [0, 0], "uv_size": [4, 0]}
							}
						},
						{
							"origin": [-1.25, 25.05, -78.35],
							"size": [2.5, 1, 0],
							"uv": {
								"north": {"uv": [105, 63], "uv_size": [3, 1]},
								"east": {"uv": [0, 0], "uv_size": [0, 1]},
								"south": {"uv": [105, 68], "uv_size": [3, 1]},
								"west": {"uv": [0, 0], "uv_size": [0, 1]},
								"up": {"uv": [0, 0], "uv_size": [3, 0]},
								"down": {"uv": [0, 0], "uv_size": [3, 0]}
							}
						},
						{
							"origin": [-2, 21.8838, -79.28496],
							"size": [4, 1, 4],
							"pivot": [0, 22.3838, -76.90996],
							"rotation": [-22.5, 0, 0],
							"uv": {
								"north": {"uv": [104, 78], "uv_size": [4, 1]},
								"east": {"uv": [105, 7], "uv_size": [4, 1]},
								"south": {"uv": [105, 8], "uv_size": [4, 1]},
								"west": {"uv": [105, 9], "uv_size": [4, 1]},
								"up": {"uv": [0, 97], "uv_size": [4, 4]},
								"down": {"uv": [4, 101], "uv_size": [4, -4]}
							}
						},
						{
							"origin": [-2.51766, 22.58091, -75.6],
							"size": [1.25, 0, 77.25],
							"pivot": [-2.01766, 23.08091, -36.975],
							"rotation": [0, 0, 50],
							"uv": {
								"north": {"uv": [0, 0], "uv_size": [1, 0]},
								"east": {"uv": [0, 0], "uv_size": [77, 0]},
								"south": {"uv": [0, 0], "uv_size": [1, 0]},
								"west": {"uv": [0, 0], "uv_size": [77, 0]},
								"up": {"uv": [72, 74], "uv_size": [1, 77]},
								"down": {"uv": [73, 151], "uv_size": [1, -77]}
							}
						},
						{
							"origin": [-2.84534, 22.74766, -78.34144],
							"size": [1.25, 0, 2.75],
							"pivot": [-2.22034, 22.74766, -76.59144],
							"rotation": [-7.5, 0, 50],
							"uv": {
								"north": {"uv": [0, 0], "uv_size": [1, 0]},
								"east": {"uv": [0, 0], "uv_size": [3, 0]},
								"south": {"uv": [0, 0], "uv_size": [1, 0]},
								"west": {"uv": [0, 0], "uv_size": [3, 0]},
								"up": {"uv": [16, 105], "uv_size": [1, 3]},
								"down": {"uv": [17, 108], "uv_size": [1, -3]}
							}
						},
						{
							"origin": [1.59687, 22.74638, -78.34158],
							"size": [1.25, 0, 2.75],
							"pivot": [2.22187, 22.74638, -76.59158],
							"rotation": [-7.5, 0, -50],
							"uv": {
								"north": {"uv": [0, 0], "uv_size": [1, 0]},
								"east": {"uv": [0, 0], "uv_size": [3, 0]},
								"south": {"uv": [0, 0], "uv_size": [1, 0]},
								"west": {"uv": [0, 0], "uv_size": [3, 0]},
								"up": {"uv": [105, 33], "uv_size": [1, 3]},
								"down": {"uv": [105, 39], "uv_size": [1, -3]}
							}
						},
						{
							"origin": [1.35773, 22.38876, -75.6],
							"size": [1.25, 0, 77.25],
							"pivot": [1.85773, 22.88876, -36.975],
							"rotation": [0, 0, -50],
							"uv": {
								"north": {"uv": [0, 0], "uv_size": [1, 0]},
								"east": {"uv": [0, 0], "uv_size": [77, 0]},
								"south": {"uv": [0, 0], "uv_size": [1, 0]},
								"west": {"uv": [0, 0], "uv_size": [77, 0]},
								"up": {"uv": [74, 74], "uv_size": [1, 77]},
								"down": {"uv": [75, 151], "uv_size": [1, -77]}
							}
						},
						{
							"origin": [-1.1, 27.299, -75.6],
							"size": [2.2, 0.25, 77.25],
							"uv": {
								"north": {"uv": [106, 91], "uv_size": [2, 1]},
								"east": {"uv": [75, 56], "uv_size": [77, 1]},
								"south": {"uv": [106, 92], "uv_size": [2, 1]},
								"west": {"uv": [75, 57], "uv_size": [77, 1]},
								"up": {"uv": [32, 44], "uv_size": [2, 77]},
								"down": {"uv": [34, 121], "uv_size": [2, -77]}
							}
						},
						{
							"origin": [-1.1, 27.08689, -77.5861],
							"size": [1.95, 0.25, 2],
							"pivot": [-0.15, 27.33689, -77.2111],
							"rotation": [7.5, 0, 0],
							"uv": {
								"north": {"uv": [94, 106], "uv_size": [2, 1]},
								"east": {"uv": [106, 95], "uv_size": [2, 1]},
								"south": {"uv": [96, 106], "uv_size": [2, 1]},
								"west": {"uv": [106, 96], "uv_size": [2, 1]},
								"up": {"uv": [9, 105], "uv_size": [2, 2]},
								"down": {"uv": [105, 12], "uv_size": [2, -2]}
							}
						},
						{
							"origin": [-0.7, 27.08689, -78.5861],
							"size": [1.45, 0.25, 1],
							"pivot": [-0.4, 27.33689, -77.2111],
							"rotation": [7.5, 0, 0],
							"uv": {
								"north": {"uv": [18, 107], "uv_size": [1, 1]},
								"east": {"uv": [107, 33], "uv_size": [1, 1]},
								"south": {"uv": [107, 34], "uv_size": [1, 1]},
								"west": {"uv": [107, 35], "uv_size": [1, 1]},
								"up": {"uv": [107, 38], "uv_size": [1, 1]},
								"down": {"uv": [107, 40], "uv_size": [1, -1]}
							}
						},
						{
							"origin": [-0.45, 27.08689, -79.0861],
							"size": [0.95, 0.25, 0.5],
							"pivot": [-0.65, 27.33689, -77.2111],
							"rotation": [7.5, 0, 0],
							"uv": {
								"north": {"uv": [107, 102], "uv_size": [1, 1]},
								"east": {"uv": [107, 103], "uv_size": [1, 1]},
								"south": {"uv": [107, 104], "uv_size": [1, 1]},
								"west": {"uv": [105, 107], "uv_size": [1, 1]},
								"up": {"uv": [107, 105], "uv_size": [1, 1]},
								"down": {"uv": [106, 108], "uv_size": [1, -1]}
							}
						},
						{
							"origin": [1.72731, 23.14358, -75.6],
							"size": [1, 4.75, 77.25],
							"pivot": [2.22731, 25.64358, -12.475],
							"rotation": [0, 0, -22.5],
							"uv": {
								"north": {"uv": [7, 102], "uv_size": [1, 5]},
								"east": {"uv": [0, 0], "uv_size": [77, 5]},
								"south": {"uv": [18, 102], "uv_size": [1, 5]},
								"west": {"uv": [0, 5], "uv_size": [77, 5]},
								"up": {"uv": [29, 68], "uv_size": [1, 77]},
								"down": {"uv": [30, 145], "uv_size": [1, -77]}
							}
						},
						{
							"origin": [1.72731, 18.64358, -22.6],
							"size": [1, 4.5, 22.25],
							"pivot": [2.22731, 25.64358, -12.475],
							"rotation": [0, 0, -22.5],
							"uv": {
								"north": {"uv": [69, 102], "uv_size": [1, 5]},
								"east": {"uv": [48, 34], "uv_size": [22, 5]},
								"south": {"uv": [102, 74], "uv_size": [1, 5]},
								"west": {"uv": [48, 39], "uv_size": [22, 5]},
								"up": {"uv": [59, 93], "uv_size": [1, 22]},
								"down": {"uv": [8, 116], "uv_size": [1, -22]}
							}
						},
						{
							"origin": [3.46, 19.20047, -1.41284],
							"size": [1, 5, 2],
							"pivot": [3.96415, 21.45047, -0.41284],
							"rotation": [-22.5, 0, -22.5],
							"uv": {
								"north": {"uv": [37, 103], "uv_size": [1, 5]},
								"east": {"uv": [64, 99], "uv_size": [2, 5]},
								"south": {"uv": [38, 103], "uv_size": [1, 5]},
								"west": {"uv": [99, 90], "uv_size": [2, 5]},
								"up": {"uv": [61, 106], "uv_size": [1, 2]},
								"down": {"uv": [62, 108], "uv_size": [1, -2]}
							}
						},
						{
							"origin": [-2.72731, 23.14358, -75.6],
							"size": [1, 4.75, 77.25],
							"pivot": [-2.22731, 25.64358, -12.475],
							"rotation": [0, 0, 22.5],
							"uv": {
								"north": {"uv": [102, 44], "uv_size": [1, 5]},
								"east": {"uv": [0, 10], "uv_size": [77, 5]},
								"south": {"uv": [102, 49], "uv_size": [1, 5]},
								"west": {"uv": [0, 15], "uv_size": [77, 5]},
								"up": {"uv": [31, 68], "uv_size": [1, 77]},
								"down": {"uv": [71, 149], "uv_size": [1, -77]}
							}
						},
						{
							"origin": [-2.23578, 22.92969, -79.28496],
							"size": [1, 4.75, 4],
							"pivot": [-1.73578, 25.30469, -76.90996],
							"rotation": [0, -22.5, 22.5],
							"uv": {
								"north": {"uv": [39, 103], "uv_size": [1, 5]},
								"east": {"uv": [93, 31], "uv_size": [4, 5]},
								"south": {"uv": [42, 103], "uv_size": [1, 5]},
								"west": {"uv": [9, 94], "uv_size": [4, 5]},
								"up": {"uv": [88, 9], "uv_size": [1, 4]},
								"down": {"uv": [13, 108], "uv_size": [1, -4]}
							}
						},
						{
							"origin": [1.23578, 22.92969, -79.28496],
							"size": [1, 4.75, 4],
							"pivot": [1.73578, 25.30469, -76.90996],
							"rotation": [0, 22.5, -22.5],
							"uv": {
								"north": {"uv": [43, 103], "uv_size": [1, 5]},
								"east": {"uv": [13, 94], "uv_size": [4, 5]},
								"south": {"uv": [44, 103], "uv_size": [1, 5]},
								"west": {"uv": [94, 74], "uv_size": [4, 5]},
								"up": {"uv": [104, 104], "uv_size": [1, 4]},
								"down": {"uv": [5, 109], "uv_size": [1, -4]}
							}
						},
						{
							"origin": [-2.72731, 18.64358, -22.6],
							"size": [1, 4.5, 22.25],
							"pivot": [-2.22731, 25.64358, -12.475],
							"rotation": [0, 0, 22.5],
							"uv": {
								"north": {"uv": [67, 102], "uv_size": [1, 5]},
								"east": {"uv": [48, 24], "uv_size": [22, 5]},
								"south": {"uv": [68, 102], "uv_size": [1, 5]},
								"west": {"uv": [48, 29], "uv_size": [22, 5]},
								"up": {"uv": [28, 92], "uv_size": [1, 22]},
								"down": {"uv": [58, 115], "uv_size": [1, -22]}
							}
						},
						{
							"origin": [-4.46, 19.20047, -1.41284],
							"size": [1, 5, 2],
							"pivot": [-3.96415, 21.45047, -0.41284],
							"rotation": [-22.5, 0, 22.5],
							"uv": {
								"north": {"uv": [24, 103], "uv_size": [1, 5]},
								"east": {"uv": [60, 99], "uv_size": [2, 5]},
								"south": {"uv": [36, 103], "uv_size": [1, 5]},
								"west": {"uv": [62, 99], "uv_size": [2, 5]},
								"up": {"uv": [57, 106], "uv_size": [1, 2]},
								"down": {"uv": [60, 108], "uv_size": [1, -2]}
							}
						},
						{
							"origin": [-4.068, 20.12925, -33.46303],
							"size": [0.998, 4.5, 12],
							"pivot": [-3.58141, 22.37925, -25.08803],
							"rotation": [-22.5, 0, 22.5],
							"uv": {
								"north": {"uv": [102, 98], "uv_size": [1, 5]},
								"east": {"uv": [76, 42], "uv_size": [12, 5]},
								"south": {"uv": [21, 103], "uv_size": [1, 5]},
								"west": {"uv": [77, 47], "uv_size": [12, 5]},
								"up": {"uv": [70, 98], "uv_size": [1, 12]},
								"down": {"uv": [98, 98], "uv_size": [1, -12]}
							}
						},
						{
							"origin": [3.072, 20.12927, -33.46303],
							"size": [0.998, 4.5, 12],
							"pivot": [3.58147, 22.37927, -25.08803],
							"rotation": [-22.5, 0, -22.5],
							"uv": {
								"north": {"uv": [22, 103], "uv_size": [1, 5]},
								"east": {"uv": [8, 80], "uv_size": [12, 5]},
								"south": {"uv": [23, 103], "uv_size": [1, 5]},
								"west": {"uv": [44, 81], "uv_size": [12, 5]},
								"up": {"uv": [90, 98], "uv_size": [1, 12]},
								"down": {"uv": [91, 110], "uv_size": [1, -12]}
							}
						},
						{
							"origin": [-2.03283, 22.55762, 0],
							"size": [1, 4.5, 5],
							"pivot": [-1.03283, 24.55762, 1],
							"rotation": [0, 0, 22.5],
							"uv": {
								"north": {"uv": [103, 49], "uv_size": [1, 5]},
								"east": {"uv": [92, 41], "uv_size": [5, 5]},
								"south": {"uv": [103, 74], "uv_size": [1, 5]},
								"west": {"uv": [92, 46], "uv_size": [5, 5]},
								"up": {"uv": [76, 103], "uv_size": [1, 5]},
								"down": {"uv": [77, 108], "uv_size": [1, -5]}
							}
						},
						{
							"origin": [-3.42918, 21.79965, 0],
							"size": [1, 1, 5],
							"pivot": [-3.42918, 23.79965, 1],
							"rotation": [0, 0, -45],
							"uv": {
								"north": {"uv": [96, 107], "uv_size": [1, 1]},
								"east": {"uv": [103, 3], "uv_size": [5, 1]},
								"south": {"uv": [97, 107], "uv_size": [1, 1]},
								"west": {"uv": [103, 4], "uv_size": [5, 1]},
								"up": {"uv": [80, 103], "uv_size": [1, 5]},
								"down": {"uv": [81, 108], "uv_size": [1, -5]}
							}
						},
						{
							"origin": [0.60076, 21.79965, 0],
							"size": [1, 1, 5],
							"pivot": [0.60076, 23.79965, 1],
							"rotation": [0, 0, -45],
							"uv": {
								"north": {"uv": [107, 94], "uv_size": [1, 1]},
								"east": {"uv": [102, 54], "uv_size": [5, 1]},
								"south": {"uv": [95, 107], "uv_size": [1, 1]},
								"west": {"uv": [102, 79], "uv_size": [5, 1]},
								"up": {"uv": [78, 103], "uv_size": [1, 5]},
								"down": {"uv": [79, 108], "uv_size": [1, -5]}
							}
						},
						{
							"origin": [1.03283, 22.55762, 0],
							"size": [1, 4.5, 5],
							"pivot": [1.03283, 24.55762, 1],
							"rotation": [0, 0, -22.5],
							"uv": {
								"north": {"uv": [103, 44], "uv_size": [1, 5]},
								"east": {"uv": [23, 92], "uv_size": [5, 5]},
								"south": {"uv": [45, 103], "uv_size": [1, 5]},
								"west": {"uv": [92, 36], "uv_size": [5, 5]},
								"up": {"uv": [46, 103], "uv_size": [1, 5]},
								"down": {"uv": [47, 108], "uv_size": [1, -5]}
							}
						},
						{
							"origin": [-1, 24.75, 0],
							"size": [2, 2.5, 5],
							"uv": {
								"north": {"uv": [14, 102], "uv_size": [2, 3]},
								"east": {"uv": [97, 43], "uv_size": [5, 3]},
								"south": {"uv": [16, 102], "uv_size": [2, 3]},
								"west": {"uv": [97, 46], "uv_size": [5, 3]},
								"up": {"uv": [94, 99], "uv_size": [2, 5]},
								"down": {"uv": [96, 104], "uv_size": [2, -5]}
							}
						},
						{
							"origin": [-2, 21.25, 0],
							"size": [4, 3.5, 25],
							"uv": {
								"north": {"uv": [23, 97], "uv_size": [4, 4]},
								"east": {"uv": [52, 48], "uv_size": [25, 4]},
								"south": {"uv": [97, 23], "uv_size": [4, 4]},
								"west": {"uv": [52, 52], "uv_size": [25, 4]},
								"up": {"uv": [52, 56], "uv_size": [4, 25]},
								"down": {"uv": [56, 81], "uv_size": [4, -25]}
							}
						},
						{
							"origin": [-1.875, 23.75, 3.75],
							"size": [3.75, 2.25, 5.25],
							"pivot": [0, 25.75, 7],
							"rotation": [-35, 0, 0],
							"uv": {
								"north": {"uv": [21, 101], "uv_size": [4, 2]},
								"east": {"uv": [100, 13], "uv_size": [5, 2]},
								"south": {"uv": [101, 27], "uv_size": [4, 2]},
								"west": {"uv": [100, 15], "uv_size": [5, 2]},
								"up": {"uv": [94, 79], "uv_size": [4, 5]},
								"down": {"uv": [94, 89], "uv_size": [4, -5]}
							}
						},
						{
							"origin": [-1.75, 25.81891, -28.51885],
							"size": [3.5, 2, 33],
							"uv": {
								"north": {"uv": [101, 29], "uv_size": [4, 2]},
								"east": {"uv": [75, 64], "uv_size": [33, 2]},
								"south": {"uv": [101, 31], "uv_size": [4, 2]},
								"west": {"uv": [75, 66], "uv_size": [33, 2]},
								"up": {"uv": [44, 48], "uv_size": [4, 33]},
								"down": {"uv": [48, 81], "uv_size": [4, -33]}
							}
						},
						{
							"origin": [-2, 12.75, 22.25],
							"size": [4, 8.5, 2.75],
							"uv": {
								"north": {"uv": [87, 82], "uv_size": [4, 9]},
								"east": {"uv": [91, 83], "uv_size": [3, 9]},
								"south": {"uv": [88, 0], "uv_size": [4, 9]},
								"west": {"uv": [87, 91], "uv_size": [3, 9]},
								"up": {"uv": [98, 98], "uv_size": [4, 3]},
								"down": {"uv": [99, 6], "uv_size": [4, -3]}
							}
						},
						{
							"origin": [-1.875, 32.80808, 21.73531],
							"size": [3.75, 5.5, 11.5],
							"pivot": [0.125, 34.55808, 6.23531],
							"rotation": [-50, 0, 0],
							"uv": {
								"north": {"uv": [76, 93], "uv_size": [4, 6]},
								"east": {"uv": [75, 58], "uv_size": [12, 6]},
								"south": {"uv": [80, 93], "uv_size": [4, 6]},
								"west": {"uv": [76, 28], "uv_size": [12, 6]},
								"up": {"uv": [25, 80], "uv_size": [4, 12]},
								"down": {"uv": [56, 93], "uv_size": [4, -12]}
							}
						},
						{
							"origin": [-1.75, 20.25, 5.5],
							"size": [3.5, 3.75, 19.5],
							"pivot": [0, 23, 10],
							"rotation": [-25, 0, 0],
							"uv": {
								"north": {"uv": [97, 27], "uv_size": [4, 4]},
								"east": {"uv": [67, 68], "uv_size": [20, 4]},
								"south": {"uv": [97, 31], "uv_size": [4, 4]},
								"west": {"uv": [70, 24], "uv_size": [20, 4]},
								"up": {"uv": [72, 28], "uv_size": [4, 20]},
								"down": {"uv": [67, 92], "uv_size": [4, -20]}
							}
						},
						{
							"origin": [-2, 27.5, -17.5],
							"size": [4, 1.5, 3.5],
							"uv": {
								"north": {"uv": [101, 33], "uv_size": [4, 2]},
								"east": {"uv": [101, 35], "uv_size": [4, 2]},
								"south": {"uv": [36, 101], "uv_size": [4, 2]},
								"west": {"uv": [101, 37], "uv_size": [4, 2]},
								"up": {"uv": [97, 35], "uv_size": [4, 4]},
								"down": {"uv": [97, 43], "uv_size": [4, -4]}
							}
						},
						{
							"origin": [-2, 26.84611, -14.29162],
							"size": [4, 1.5, 4.5],
							"pivot": [0, 27.84611, -12.29162],
							"rotation": [-20, 0, 0],
							"uv": {
								"north": {"uv": [101, 39], "uv_size": [4, 2]},
								"east": {"uv": [100, 17], "uv_size": [5, 2]},
								"south": {"uv": [101, 41], "uv_size": [4, 2]},
								"west": {"uv": [100, 19], "uv_size": [5, 2]},
								"up": {"uv": [94, 89], "uv_size": [4, 5]},
								"down": {"uv": [94, 99], "uv_size": [4, -5]}
							}
						},
						{
							"origin": [-2, 25.47976, -17.3852],
							"size": [4, 1.5, 2],
							"pivot": [0, 26.47976, -17.8852],
							"rotation": [70, 0, 0],
							"uv": {
								"north": {"uv": [80, 101], "uv_size": [4, 2]},
								"east": {"uv": [105, 12], "uv_size": [2, 2]},
								"south": {"uv": [101, 90], "uv_size": [4, 2]},
								"west": {"uv": [14, 105], "uv_size": [2, 2]},
								"up": {"uv": [101, 92], "uv_size": [4, 2]},
								"down": {"uv": [98, 103], "uv_size": [4, -2]}
							}
						},
						{
							"origin": [-1.975, 29, -17.5],
							"size": [0.025, 3, 0.75],
							"uv": {
								"north": {"uv": [0, 0], "uv_size": [0, 3]},
								"east": {"uv": [63, 105], "uv_size": [1, 3]},
								"south": {"uv": [0, 0], "uv_size": [0, 3]},
								"west": {"uv": [105, 90], "uv_size": [1, 3]},
								"up": {"uv": [0, 0], "uv_size": [0, 1]},
								"down": {"uv": [0, 1], "uv_size": [0, -1]}
							}
						},
						{
							"origin": [1.95, 29, -17.5],
							"size": [0.025, 3, 0.75],
							"uv": {
								"north": {"uv": [0, 0], "uv_size": [0, 3]},
								"east": {"uv": [19, 106], "uv_size": [1, 3]},
								"south": {"uv": [0, 0], "uv_size": [0, 3]},
								"west": {"uv": [106, 33], "uv_size": [1, 3]},
								"up": {"uv": [0, 0], "uv_size": [0, 1]},
								"down": {"uv": [0, 1], "uv_size": [0, -1]}
							}
						},
						{
							"origin": [-1.975, 28.76851, -16.65694],
							"size": [0.025, 3.25, 0.5],
							"pivot": [-2, 30.51851, -16.40694],
							"rotation": [22.5, 0, 0],
							"uv": {
								"north": {"uv": [0, 0], "uv_size": [0, 3]},
								"east": {"uv": [105, 104], "uv_size": [1, 3]},
								"south": {"uv": [0, 0], "uv_size": [0, 3]},
								"west": {"uv": [11, 106], "uv_size": [1, 3]},
								"up": {"uv": [0, 0], "uv_size": [0, 1]},
								"down": {"uv": [0, 1], "uv_size": [0, -1]}
							}
						},
						{
							"origin": [1.95, 28.76851, -16.65694],
							"size": [0.025, 3.25, 0.5],
							"pivot": [-2, 30.51851, -16.40694],
							"rotation": [22.5, 0, 0],
							"uv": {
								"north": {"uv": [0, 0], "uv_size": [0, 3]},
								"east": {"uv": [12, 106], "uv_size": [1, 3]},
								"south": {"uv": [0, 0], "uv_size": [0, 3]},
								"west": {"uv": [106, 14], "uv_size": [1, 3]},
								"up": {"uv": [0, 0], "uv_size": [0, 1]},
								"down": {"uv": [0, 1], "uv_size": [0, -1]}
							}
						},
						{
							"origin": [-1.975, 28.76851, -17.40694],
							"size": [0.025, 2.25, 0.75],
							"pivot": [-2, 30.51851, -16.40694],
							"rotation": [22.5, 0, 0],
							"uv": {
								"north": {"uv": [0, 0], "uv_size": [0, 2]},
								"east": {"uv": [100, 106], "uv_size": [1, 2]},
								"south": {"uv": [0, 0], "uv_size": [0, 2]},
								"west": {"uv": [101, 106], "uv_size": [1, 2]},
								"up": {"uv": [0, 0], "uv_size": [0, 1]},
								"down": {"uv": [0, 1], "uv_size": [0, -1]}
							}
						},
						{
							"origin": [1.95, 28.76851, -17.40694],
							"size": [0.025, 2.25, 0.75],
							"pivot": [-2, 30.51851, -16.40694],
							"rotation": [22.5, 0, 0],
							"uv": {
								"north": {"uv": [0, 0], "uv_size": [0, 2]},
								"east": {"uv": [102, 106], "uv_size": [1, 2]},
								"south": {"uv": [0, 0], "uv_size": [0, 2]},
								"west": {"uv": [103, 106], "uv_size": [1, 2]},
								"up": {"uv": [0, 0], "uv_size": [0, 1]},
								"down": {"uv": [0, 1], "uv_size": [0, -1]}
							}
						},
						{
							"origin": [-1.75, 15.8, -22.85],
							"size": [3.5, 1, 3],
							"uv": {
								"north": {"uv": [48, 114], "uv_size": [3.5, 3]},
								"east": {"uv": [48, 114], "uv_size": [3.5, 3]},
								"south": {"uv": [48, 114], "uv_size": [3.5, 3]},
								"west": {"uv": [48, 114], "uv_size": [3.5, 3]},
								"up": {"uv": [51.5, 117], "uv_size": [-3.5, -3]},
								"down": {"uv": [51.5, 117], "uv_size": [-3.5, -3]}
							}
						}
					]
				},
				{
					"name": "indicator",
					"parent": "gun",
					"pivot": [0, 28.34333, -12.84753],
					"rotation": [-20, 0, 0],
					"cubes": [
						{
							"origin": [-1.875, 28.59333, -13.97253],
							"size": [3.75, 0, 3.75],
							"uv": {
								"up": {"uv": [169, 24], "uv_size": [30, 46]}
							}
						}
					]
				},
				{
					"name": "holo",
					"parent": "gun",
					"pivot": [0, 30.5, -17.25]
				},
				{
					"name": "rightradiator",
					"parent": "gun",
					"pivot": [-1.99634, 26.54791, -14.35],
					"cubes": [
						{
							"origin": [-2.99634, 24.04791, -23.35],
							"size": [3, 3, 18],
							"pivot": [-1.99634, 25.54791, -14.35],
							"rotation": [0, 0, 22.5],
							"uv": {
								"north": {"uv": [0, 116], "uv_size": [2, 3]},
								"east": {"uv": [0, 116], "uv_size": [17, 3]},
								"south": {"uv": [0, 116], "uv_size": [2, 3]},
								"west": {"uv": [0, 116], "uv_size": [17, 3]},
								"up": {"uv": [0, 137], "uv_size": [0, -18]},
								"down": {"uv": [1, 119], "uv_size": [-1, 18]}
							}
						}
					]
				},
				{
					"name": "leftradiator",
					"parent": "gun",
					"pivot": [1.99634, 26.54791, -14.35],
					"cubes": [
						{
							"origin": [-0.00366, 24.04791, -23.35],
							"size": [3, 3, 18],
							"pivot": [1.99634, 25.54791, -14.35],
							"rotation": [0, 0, -22.5],
							"uv": {
								"north": {"uv": [0, 116], "uv_size": [2, 3]},
								"east": {"uv": [0, 116], "uv_size": [17, 3]},
								"south": {"uv": [0, 116], "uv_size": [2, 3]},
								"west": {"uv": [0, 116], "uv_size": [17, 3]},
								"up": {"uv": [1, 137], "uv_size": [-1, -18]},
								"down": {"uv": [1, 119], "uv_size": [-1, 18]}
							}
						}
					]
				},
				{
					"name": "lazermuzzleflash",
					"parent": "gun",
					"pivot": [0, 24.65, -77.6],
					"cubes": [
						{
							"origin": [-1.25, 23.4, -77.6],
							"size": [2.5, 2.5, 0],
							"uv": {
								"north": {"uv": [144.25, 1.5], "uv_size": [-32, 32]},
								"south": {"uv": [112.25, 1.5], "uv_size": [32, 32]}
							}
						}
					]
				},
				{
					"name": "scope",
					"parent": "gun",
					"pivot": [0, 30.7, -10.55],
					"cubes": [
						{"origin": [-0.5, 30.2, -11.05], "size": [1, 1, 1], "inflate": -0.4, "uv": [252, 0]}
					]
				},
				{
					"name": "magazine",
					"parent": "main",
					"pivot": [9.1375, 8.5275, -14.84009],
					"cubes": [
						{
							"origin": [-1.1875, 5.2775, -22.59009],
							"size": [2.25, 6, 14.5],
							"pivot": [9.1375, 8.5275, -14.84009],
							"rotation": [-67.5, 0, 0],
							"uv": {
								"north": {"uv": [54, 86], "uv_size": [2, 6]},
								"east": {"uv": [60, 56], "uv_size": [15, 6]},
								"south": {"uv": [98, 80], "uv_size": [2, 6]},
								"west": {"uv": [75, 62], "uv_size": [-15, 6]},
								"up": {"uv": [70, 28], "uv_size": [2, 15]},
								"down": {"uv": [65, 95], "uv_size": [2, -15]}
							}
						},
						{
							"origin": [-1.125, 3.2775, -10.09009],
							"size": [2.125, 2, 2],
							"pivot": [9.1375, 8.5275, -14.84009],
							"rotation": [-67.5, 0, 0],
							"uv": {
								"north": {"uv": [11, 104], "uv_size": [2, 2]},
								"east": {"uv": [64, 104], "uv_size": [2, 2]},
								"south": {"uv": [94, 104], "uv_size": [2, 2]},
								"west": {"uv": [104, 95], "uv_size": [2, 2]},
								"up": {"uv": [96, 104], "uv_size": [2, 2]},
								"down": {"uv": [98, 106], "uv_size": [2, -2]}
							}
						},
						{
							"origin": [-1.124, 1.39638, -17.21346],
							"size": [2.123, 2.25, 0.75],
							"pivot": [-0.0635, 2.39638, -16.83846],
							"rotation": [-55, 0, 0],
							"uv": {
								"north": {"uv": [100, 104], "uv_size": [2, 2]},
								"east": {"uv": [64, 106], "uv_size": [1, 2]},
								"south": {"uv": [102, 104], "uv_size": [2, 2]},
								"west": {"uv": [65, 106], "uv_size": [1, 2]},
								"up": {"uv": [106, 71], "uv_size": [2, 1]},
								"down": {"uv": [106, 91], "uv_size": [2, -1]}
							}
						}
					]
				},
				{
					"name": "magazine2",
					"parent": "main",
					"pivot": [9.1375, 8.5275, -14.84009],
					"cubes": [
						{
							"origin": [-1.1875, 5.2775, -22.59009],
							"size": [2.25, 6, 14.5],
							"pivot": [9.1375, 8.5275, -14.84009],
							"rotation": [-67.5, 0, 0],
							"uv": {
								"north": {"uv": [54, 86], "uv_size": [2, 6]},
								"east": {"uv": [60, 56], "uv_size": [15, 6]},
								"south": {"uv": [98, 80], "uv_size": [2, 6]},
								"west": {"uv": [75, 62], "uv_size": [-15, 6]},
								"up": {"uv": [70, 28], "uv_size": [2, 15]},
								"down": {"uv": [65, 95], "uv_size": [2, -15]}
							}
						},
						{
							"origin": [-1.125, 3.2775, -10.09009],
							"size": [2.125, 2, 2],
							"pivot": [9.1375, 8.5275, -14.84009],
							"rotation": [-67.5, 0, 0],
							"uv": {
								"north": {"uv": [11, 104], "uv_size": [2, 2]},
								"east": {"uv": [64, 104], "uv_size": [2, 2]},
								"south": {"uv": [94, 104], "uv_size": [2, 2]},
								"west": {"uv": [104, 95], "uv_size": [2, 2]},
								"up": {"uv": [96, 104], "uv_size": [2, 2]},
								"down": {"uv": [98, 106], "uv_size": [2, -2]}
							}
						},
						{
							"origin": [-1.124, 1.39638, -17.21346],
							"size": [2.123, 2.25, 0.75],
							"pivot": [-0.0635, 2.39638, -16.83846],
							"rotation": [-55, 0, 0],
							"uv": {
								"north": {"uv": [100, 104], "uv_size": [2, 2]},
								"east": {"uv": [64, 106], "uv_size": [1, 2]},
								"south": {"uv": [102, 104], "uv_size": [2, 2]},
								"west": {"uv": [65, 106], "uv_size": [1, 2]},
								"up": {"uv": [106, 71], "uv_size": [2, 1]},
								"down": {"uv": [106, 91], "uv_size": [2, -1]}
							}
						}
					]
				},
				{
					"name": "leftarm",
					"parent": "main",
					"pivot": [10.45, 10.3, -14.85],
					"rotation": [-116.84747, 17.54384, -29.74068],
					"cubes": [
						{"origin": [6.55475, -13.75863, -18.29285], "size": [8, 24, 8], "uv": [224, 37]}
					]
				},
				{
					"name": "rightarm",
					"parent": "main",
					"pivot": [-4.3, 8.8, 19.8],
					"rotation": [-101.81106, -12.40003, -2.46982],
					"cubes": [
						{"origin": [-8.3, -15.2, 15.8], "size": [8, 24, 8], "uv": [224, 37]}
					]
				}
			]
		}
	]
}