{
	"format_version": "1.12.0",
	"minecraft:geometry": [
		{
			"description": {
				"identifier": "geometry.unknown",
				"texture_width": 256,
				"texture_height": 256,
				"visible_bounds_width": 9,
				"visible_bounds_height": 4,
				"visible_bounds_offset": [0, 1, 0]
			},
			"bones": [
				{
					"name": "main",
					"pivot": [0, 0, 0]
				},
				{
					"name": "gun",
					"parent": "main",
					"pivot": [0, 0, 0],
					"cubes": [
						{
							"origin": [-1.25, 8, -1.5],
							"size": [2.5, 12, 4.5],
							"pivot": [0, 13.5, -1],
							"rotation": [12.5, 0, 0],
							"uv": {
								"north": {"uv": [93, 106], "uv_size": [3, 12]},
								"east": {"uv": [88, 84], "uv_size": [5, 12]},
								"south": {"uv": [103, 107], "uv_size": [3, 12]},
								"west": {"uv": [91, 0], "uv_size": [5, 12]},
								"up": {"uv": [30, 116], "uv_size": [3, 5]},
								"down": {"uv": [106, 121], "uv_size": [3, -5]}
							}
						},
						{
							"origin": [-2, 18, -40],
							"size": [4, 3.5, 38],
							"uv": {
								"north": {"uv": [81, 113], "uv_size": [4, 4]},
								"east": {"uv": [28, 68], "uv_size": [38, 4]},
								"south": {"uv": [46, 114], "uv_size": [4, 4]},
								"west": {"uv": [66, 68], "uv_size": [38, 4]},
								"up": {"uv": [28, 72], "uv_size": [4, 38]},
								"down": {"uv": [32, 110], "uv_size": [4, -38]}
							}
						},
						{
							"origin": [-2, 20, -41.4],
							"size": [4, 1.5, 1.4],
							"uv": {
								"north": {"uv": [126, 60], "uv_size": [4, 2]},
								"east": {"uv": [2, 130], "uv_size": [1, 2]},
								"south": {"uv": [61, 126], "uv_size": [4, 2]},
								"west": {"uv": [3, 130], "uv_size": [1, 2]},
								"up": {"uv": [123, 128], "uv_size": [4, 1]},
								"down": {"uv": [127, 129], "uv_size": [4, -1]}
							}
						},
						{
							"origin": [-1.99, 18.46976, -42.6591],
							"size": [3.98, 1.5, 3.475],
							"pivot": [0, 19.21976, -40.1591],
							"rotation": [-45, 0, 0],
							"uv": {
								"north": {"uv": [125, 119], "uv_size": [4, 2]},
								"east": {"uv": [126, 122], "uv_size": [3, 2]},
								"south": {"uv": [126, 54], "uv_size": [4, 2]},
								"west": {"uv": [127, 40], "uv_size": [3, 2]},
								"up": {"uv": [122, 81], "uv_size": [4, 3]},
								"down": {"uv": [122, 87], "uv_size": [4, -3]}
							}
						},
						{
							"origin": [-2.25, 26.75, -23],
							"size": [4.5, 1.5, 24.25],
							"uv": {
								"north": {"uv": [99, 81], "uv_size": [5, 2]},
								"east": {"uv": [82, 34], "uv_size": [24, 2]},
								"south": {"uv": [121, 97], "uv_size": [5, 2]},
								"west": {"uv": [82, 36], "uv_size": [24, 2]},
								"up": {"uv": [36, 72], "uv_size": [5, 24]},
								"down": {"uv": [41, 96], "uv_size": [5, -24]}
							}
						},
						{
							"origin": [-3.25, 21.75, -23],
							"size": [6.5, 2, 24],
							"uv": {
								"north": {"uv": [115, 81], "uv_size": [7, 2]},
								"east": {"uv": [82, 38], "uv_size": [24, 2]},
								"south": {"uv": [120, 117], "uv_size": [7, 2]},
								"west": {"uv": [91, 12], "uv_size": [24, 2]},
								"up": {"uv": [0, 64], "uv_size": [7, 24]},
								"down": {"uv": [7, 88], "uv_size": [7, -24]}
							}
						},
						{
							"origin": [-3.5, 21.5, -23],
							"size": [7, 0.25, 24],
							"uv": {
								"north": {"uv": [126, 86], "uv_size": [7, 1]},
								"east": {"uv": [112, 67], "uv_size": [24, 1]},
								"south": {"uv": [126, 87], "uv_size": [7, 1]},
								"west": {"uv": [112, 68], "uv_size": [24, 1]},
								"up": {"uv": [14, 64], "uv_size": [7, 24]},
								"down": {"uv": [21, 88], "uv_size": [7, -24]}
							}
						},
						{
							"origin": [2.83964, 25.04412, -23],
							"size": [1.5, 1.75, 24.25],
							"pivot": [1.08964, 24.16912, -11],
							"rotation": [0, 0, -35],
							"uv": {
								"north": {"uv": [32, 128], "uv_size": [2, 2]},
								"east": {"uv": [91, 14], "uv_size": [24, 2]},
								"south": {"uv": [42, 128], "uv_size": [2, 2]},
								"west": {"uv": [96, 9], "uv_size": [24, 2]},
								"up": {"uv": [60, 91], "uv_size": [2, 24]},
								"down": {"uv": [85, 116], "uv_size": [2, -24]}
							}
						},
						{
							"origin": [-3.4354, 27.912, -23],
							"size": [1.5, 1.75, 24.25],
							"pivot": [-5.1854, 27.037, -11],
							"rotation": [0, 0, 35],
							"uv": {
								"north": {"uv": [46, 128], "uv_size": [2, 2]},
								"east": {"uv": [98, 83], "uv_size": [24, 2]},
								"south": {"uv": [54, 128], "uv_size": [2, 2]},
								"west": {"uv": [98, 85], "uv_size": [24, 2]},
								"up": {"uv": [22, 96], "uv_size": [2, 24]},
								"down": {"uv": [44, 120], "uv_size": [2, -24]}
							}
						},
						{
							"origin": [0.90512, 20.54728, -23],
							"size": [1.5, 2.75, 24],
							"pivot": [-0.84488, 20.67228, -11],
							"rotation": [0, 0, 27.5],
							"uv": {
								"north": {"uv": [11, 127], "uv_size": [2, 3]},
								"east": {"uv": [70, 78], "uv_size": [24, 3]},
								"south": {"uv": [127, 20], "uv_size": [2, 3]},
								"west": {"uv": [70, 81], "uv_size": [24, 3]},
								"up": {"uv": [87, 96], "uv_size": [2, 24]},
								"down": {"uv": [89, 120], "uv_size": [2, -24]}
							}
						},
						{
							"origin": [2.40512, 20.79728, -22],
							"size": [0.25, 1, 8],
							"pivot": [-0.84488, 20.67228, -11],
							"rotation": [0, 0, 27.5],
							"uv": {
								"north": {"uv": [86, 130], "uv_size": [1, 1]},
								"east": {"uv": [125, 121], "uv_size": [8, 1]},
								"south": {"uv": [87, 130], "uv_size": [1, 1]},
								"west": {"uv": [126, 56], "uv_size": [8, 1]},
								"up": {"uv": [35, 110], "uv_size": [1, 8]},
								"down": {"uv": [97, 132], "uv_size": [1, -8]}
							}
						},
						{
							"origin": [-2.29214, 20.08553, -23],
							"size": [1.5, 2.75, 24],
							"pivot": [-0.04214, 20.21053, -11],
							"rotation": [0, 0, -27.5],
							"uv": {
								"north": {"uv": [22, 127], "uv_size": [2, 3]},
								"east": {"uv": [82, 16], "uv_size": [24, 3]},
								"south": {"uv": [24, 127], "uv_size": [2, 3]},
								"west": {"uv": [82, 19], "uv_size": [24, 3]},
								"up": {"uv": [91, 96], "uv_size": [2, 24]},
								"down": {"uv": [62, 121], "uv_size": [2, -24]}
							}
						},
						{
							"origin": [-2, 28.25, -22.5],
							"size": [4, 0.5, 23],
							"uv": {
								"north": {"uv": [46, 101], "uv_size": [4, 1]},
								"east": {"uv": [112, 69], "uv_size": [23, 1]},
								"south": {"uv": [127, 126], "uv_size": [4, 1]},
								"west": {"uv": [112, 70], "uv_size": [23, 1]},
								"up": {"uv": [78, 16], "uv_size": [4, 23]},
								"down": {"uv": [46, 101], "uv_size": [4, -23]}
							}
						},
						{
							"origin": [-2, 28.75, -1.5],
							"size": [4, 0.5, 1],
							"uv": {
								"north": {"uv": [128, 11], "uv_size": [4, 1]},
								"east": {"uv": [113, 60], "uv_size": [1, 1]},
								"south": {"uv": [128, 12], "uv_size": [4, 1]},
								"west": {"uv": [114, 79], "uv_size": [1, 1]},
								"up": {"uv": [128, 13], "uv_size": [4, 1]},
								"down": {"uv": [128, 15], "uv_size": [4, -1]}
							}
						},
						{
							"origin": [-2, 28.75, -3.5],
							"size": [4, 0.5, 1],
							"uv": {
								"north": {"uv": [128, 15], "uv_size": [4, 1]},
								"east": {"uv": [28, 115], "uv_size": [1, 1]},
								"south": {"uv": [128, 16], "uv_size": [4, 1]},
								"west": {"uv": [102, 118], "uv_size": [1, 1]},
								"up": {"uv": [128, 17], "uv_size": [4, 1]},
								"down": {"uv": [128, 19], "uv_size": [4, -1]}
							}
						},
						{
							"origin": [-2, 28.75, -5.5],
							"size": [4, 0.5, 1],
							"uv": {
								"north": {"uv": [128, 23], "uv_size": [4, 1]},
								"east": {"uv": [44, 120], "uv_size": [1, 1]},
								"south": {"uv": [128, 24], "uv_size": [4, 1]},
								"west": {"uv": [122, 78], "uv_size": [1, 1]},
								"up": {"uv": [128, 25], "uv_size": [4, 1]},
								"down": {"uv": [128, 27], "uv_size": [4, -1]}
							}
						},
						{
							"origin": [-2, 28.75, -7.5],
							"size": [4, 0.5, 1],
							"uv": {
								"north": {"uv": [128, 27], "uv_size": [4, 1]},
								"east": {"uv": [27, 123], "uv_size": [1, 1]},
								"south": {"uv": [128, 28], "uv_size": [4, 1]},
								"west": {"uv": [35, 123], "uv_size": [1, 1]},
								"up": {"uv": [128, 29], "uv_size": [4, 1]},
								"down": {"uv": [128, 31], "uv_size": [4, -1]}
							}
						},
						{
							"origin": [-2, 28.75, -9.5],
							"size": [4, 0.5, 1],
							"uv": {
								"north": {"uv": [128, 31], "uv_size": [4, 1]},
								"east": {"uv": [123, 125], "uv_size": [1, 1]},
								"south": {"uv": [128, 32], "uv_size": [4, 1]},
								"west": {"uv": [87, 126], "uv_size": [1, 1]},
								"up": {"uv": [128, 33], "uv_size": [4, 1]},
								"down": {"uv": [128, 35], "uv_size": [4, -1]}
							}
						},
						{
							"origin": [-2, 28.75, -21.5],
							"size": [4, 0.5, 1],
							"uv": {
								"north": {"uv": [59, 128], "uv_size": [4, 1]},
								"east": {"uv": [35, 130], "uv_size": [1, 1]},
								"south": {"uv": [76, 128], "uv_size": [4, 1]},
								"west": {"uv": [36, 130], "uv_size": [1, 1]},
								"up": {"uv": [92, 128], "uv_size": [4, 1]},
								"down": {"uv": [106, 129], "uv_size": [4, -1]}
							}
						},
						{
							"origin": [-2.5, 28.25, -19.5],
							"size": [5, 1, 9],
							"uv": {
								"north": {"uv": [127, 101], "uv_size": [5, 1]},
								"east": {"uv": [123, 36], "uv_size": [9, 1]},
								"south": {"uv": [127, 102], "uv_size": [5, 1]},
								"west": {"uv": [115, 124], "uv_size": [9, 1]},
								"up": {"uv": [51, 102], "uv_size": [5, 9]},
								"down": {"uv": [103, 49], "uv_size": [5, -9]}
							}
						},
						{
							"origin": [-2.5, 29.25, -18.5],
							"size": [5, 1, 3.5],
							"uv": {
								"north": {"uv": [127, 103], "uv_size": [5, 1]},
								"east": {"uv": [115, 128], "uv_size": [4, 1]},
								"south": {"uv": [127, 104], "uv_size": [5, 1]},
								"west": {"uv": [119, 128], "uv_size": [4, 1]},
								"up": {"uv": [76, 111], "uv_size": [5, 4]},
								"down": {"uv": [54, 116], "uv_size": [5, -4]}
							}
						},
						{
							"origin": [-2.5, 28.86612, -19.42678],
							"size": [5, 1, 1.5],
							"pivot": [0, 29.36612, -18.67678],
							"rotation": [45, 0, 0],
							"uv": {
								"north": {"uv": [127, 124], "uv_size": [5, 1]},
								"east": {"uv": [129, 127], "uv_size": [2, 1]},
								"south": {"uv": [127, 125], "uv_size": [5, 1]},
								"west": {"uv": [0, 130], "uv_size": [2, 1]},
								"up": {"uv": [123, 31], "uv_size": [5, 2]},
								"down": {"uv": [123, 35], "uv_size": [5, -2]}
							}
						},
						{
							"origin": [-2.5, 28.91117, -15.28711],
							"size": [5, 1, 4.75],
							"pivot": [0, 29.41117, -13.53711],
							"rotation": [-12.5, 0, 0],
							"uv": {
								"north": {"uv": [106, 127], "uv_size": [5, 1]},
								"east": {"uv": [127, 117], "uv_size": [5, 1]},
								"south": {"uv": [127, 118], "uv_size": [5, 1]},
								"west": {"uv": [124, 127], "uv_size": [5, 1]},
								"up": {"uv": [110, 23], "uv_size": [5, 5]},
								"down": {"uv": [24, 115], "uv_size": [5, -5]}
							}
						},
						{
							"origin": [-3, 31, -18.5],
							"size": [0.25, 2, 1],
							"uv": {
								"north": {"uv": [116, 129], "uv_size": [1, 2]},
								"east": {"uv": [117, 129], "uv_size": [1, 2]},
								"south": {"uv": [118, 129], "uv_size": [1, 2]},
								"west": {"uv": [119, 129], "uv_size": [1, 2]},
								"up": {"uv": [20, 130], "uv_size": [1, 1]},
								"down": {"uv": [21, 131], "uv_size": [1, -1]}
							}
						},
						{
							"origin": [2.75, 31, -18.5],
							"size": [0.25, 2, 1],
							"uv": {
								"north": {"uv": [129, 119], "uv_size": [1, 2]},
								"east": {"uv": [120, 129], "uv_size": [1, 2]},
								"south": {"uv": [121, 129], "uv_size": [1, 2]},
								"west": {"uv": [122, 129], "uv_size": [1, 2]},
								"up": {"uv": [22, 130], "uv_size": [1, 1]},
								"down": {"uv": [23, 131], "uv_size": [1, -1]}
							}
						},
						{
							"origin": [2.17597, 29.36418, -18.5],
							"size": [0.25, 1.75, 1],
							"pivot": [2.42597, 29.61418, -20.5],
							"rotation": [0, 0, 22.5],
							"uv": {
								"north": {"uv": [129, 122], "uv_size": [1, 2]},
								"east": {"uv": [123, 129], "uv_size": [1, 2]},
								"south": {"uv": [124, 129], "uv_size": [1, 2]},
								"west": {"uv": [125, 129], "uv_size": [1, 2]},
								"up": {"uv": [24, 130], "uv_size": [1, 1]},
								"down": {"uv": [25, 131], "uv_size": [1, -1]}
							}
						},
						{
							"origin": [-2.42597, 29.36418, -18.5],
							"size": [0.25, 1.75, 1],
							"pivot": [-2.42597, 29.61418, -20.5],
							"rotation": [0, 0, -22.5],
							"uv": {
								"north": {"uv": [126, 129], "uv_size": [1, 2]},
								"east": {"uv": [127, 129], "uv_size": [1, 2]},
								"south": {"uv": [128, 129], "uv_size": [1, 2]},
								"west": {"uv": [129, 129], "uv_size": [1, 2]},
								"up": {"uv": [32, 130], "uv_size": [1, 1]},
								"down": {"uv": [33, 131], "uv_size": [1, -1]}
							}
						},
						{
							"origin": [-3, 20.5, -36],
							"size": [5.75, 7.5, 13],
							"uv": {
								"north": {"uv": [6, 96], "uv_size": [6, 8]},
								"east": {"uv": [78, 0], "uv_size": [13, 8]},
								"south": {"uv": [12, 96], "uv_size": [6, 8]},
								"west": {"uv": [78, 8], "uv_size": [13, 8]},
								"up": {"uv": [50, 78], "uv_size": [6, 13]},
								"down": {"uv": [56, 91], "uv_size": [6, -13]}
							}
						},
						{
							"origin": [-2.5, 28, -36],
							"size": [4.75, 0.5, 13],
							"uv": {
								"north": {"uv": [114, 39], "uv_size": [5, 1]},
								"east": {"uv": [119, 42], "uv_size": [13, 1]},
								"south": {"uv": [115, 27], "uv_size": [5, 1]},
								"west": {"uv": [120, 19], "uv_size": [13, 1]},
								"up": {"uv": [70, 84], "uv_size": [5, 13]},
								"down": {"uv": [75, 97], "uv_size": [5, -13]}
							}
						},
						{
							"origin": [-2.5, 28.5, -33.75],
							"size": [4.75, 0.5, 8.5],
							"uv": {
								"north": {"uv": [127, 99], "uv_size": [5, 1]},
								"east": {"uv": [122, 66], "uv_size": [9, 1]},
								"south": {"uv": [127, 100], "uv_size": [5, 1]},
								"west": {"uv": [123, 35], "uv_size": [9, 1]},
								"up": {"uv": [102, 0], "uv_size": [5, 9]},
								"down": {"uv": [46, 111], "uv_size": [5, -9]}
							}
						},
						{
							"origin": [1.89645, 27.75, -36],
							"size": [0.75, 0.5, 13],
							"pivot": [2.39645, 28, -29.5],
							"rotation": [0, 0, 45],
							"uv": {
								"north": {"uv": [11, 130], "uv_size": [1, 1]},
								"east": {"uv": [121, 74], "uv_size": [13, 1]},
								"south": {"uv": [12, 130], "uv_size": [1, 1]},
								"west": {"uv": [121, 90], "uv_size": [13, 1]},
								"up": {"uv": [58, 116], "uv_size": [1, 13]},
								"down": {"uv": [49, 131], "uv_size": [1, -13]}
							}
						},
						{
							"origin": [2.68718, 17.73008, -36],
							"size": [1.75, 0.75, 13],
							"pivot": [3.18718, 25.98008, -29.5],
							"rotation": [0, 0, 45],
							"uv": {
								"north": {"uv": [106, 129], "uv_size": [2, 1]},
								"east": {"uv": [121, 95], "uv_size": [13, 1]},
								"south": {"uv": [108, 129], "uv_size": [2, 1]},
								"west": {"uv": [121, 96], "uv_size": [13, 1]},
								"up": {"uv": [4, 105], "uv_size": [2, 13]},
								"down": {"uv": [42, 121], "uv_size": [2, -13]}
							}
						},
						{
							"origin": [-3, 27.89645, -36],
							"size": [0.75, 0.5, 13],
							"pivot": [-2.5, 28.14645, -29.5],
							"rotation": [0, 0, -45],
							"uv": {
								"north": {"uv": [16, 130], "uv_size": [1, 1]},
								"east": {"uv": [121, 91], "uv_size": [13, 1]},
								"south": {"uv": [17, 130], "uv_size": [1, 1]},
								"west": {"uv": [121, 92], "uv_size": [13, 1]},
								"up": {"uv": [105, 119], "uv_size": [1, 13]},
								"down": {"uv": [10, 133], "uv_size": [1, -13]}
							}
						},
						{
							"origin": [1.39645, 20.25, -36],
							"size": [1.25, 0.75, 13],
							"pivot": [2.39645, 20.5, -29.5],
							"rotation": [0, 0, -45],
							"uv": {
								"north": {"uv": [18, 130], "uv_size": [1, 1]},
								"east": {"uv": [121, 93], "uv_size": [13, 1]},
								"south": {"uv": [19, 130], "uv_size": [1, 1]},
								"west": {"uv": [121, 94], "uv_size": [13, 1]},
								"up": {"uv": [14, 120], "uv_size": [1, 13]},
								"down": {"uv": [15, 133], "uv_size": [1, -13]}
							}
						},
						{
							"origin": [8.75, 22.5, -31],
							"size": [11, 3, 3],
							"pivot": [6.875, 25, -29.5],
							"rotation": [0, 0, 22.5],
							"uv": {
								"north": {"uv": [103, 61], "uv_size": [11, 3]},
								"east": {"uv": [35, 124], "uv_size": [3, 3]},
								"south": {"uv": [104, 80], "uv_size": [11, 3]},
								"west": {"uv": [38, 124], "uv_size": [3, 3]},
								"up": {"uv": [106, 64], "uv_size": [11, 3]},
								"down": {"uv": [108, 43], "uv_size": [11, -3]}
							}
						},
						{
							"origin": [2.25, 22.75, -30.75],
							"size": [3.5, 2.5, 2.5],
							"pivot": [6.875, 25, -29.5],
							"rotation": [0, 0, 22.5],
							"uv": {
								"north": {"uv": [106, 121], "uv_size": [4, 3]},
								"east": {"uv": [124, 39], "uv_size": [3, 3]},
								"south": {"uv": [110, 121], "uv_size": [4, 3]},
								"west": {"uv": [124, 57], "uv_size": [3, 3]},
								"up": {"uv": [121, 119], "uv_size": [4, 3]},
								"down": {"uv": [50, 125], "uv_size": [4, -3]}
							}
						},
						{
							"origin": [2.25, 25, -33.75],
							"size": [1, 2.5, 8.5],
							"uv": {
								"north": {"uv": [59, 112], "uv_size": [1, 3]},
								"east": {"uv": [108, 54], "uv_size": [9, 3]},
								"south": {"uv": [92, 120], "uv_size": [1, 3]},
								"west": {"uv": [108, 99], "uv_size": [9, 3]},
								"up": {"uv": [57, 120], "uv_size": [1, 9]},
								"down": {"uv": [114, 130], "uv_size": [1, -9]}
							}
						},
						{
							"origin": [-3.75, 26.5, -33.25],
							"size": [7.25, 0.5, 0.5],
							"pivot": [-0.125, 26.75, -33],
							"rotation": [-22.5, 0, 0],
							"uv": {
								"north": {"uv": [126, 62], "uv_size": [7, 1]},
								"east": {"uv": [51, 130], "uv_size": [1, 1]},
								"south": {"uv": [126, 63], "uv_size": [7, 1]},
								"west": {"uv": [52, 130], "uv_size": [1, 1]},
								"up": {"uv": [126, 64], "uv_size": [7, 1]},
								"down": {"uv": [65, 127], "uv_size": [7, -1]}
							}
						},
						{
							"origin": [-3.75, 23, -26.25],
							"size": [7.25, 0.5, 0.5],
							"pivot": [-0.125, 23.25, -26],
							"rotation": [-22.5, 0, 0],
							"uv": {
								"north": {"uv": [126, 75], "uv_size": [7, 1]},
								"east": {"uv": [130, 54], "uv_size": [1, 1]},
								"south": {"uv": [126, 76], "uv_size": [7, 1]},
								"west": {"uv": [55, 130], "uv_size": [1, 1]},
								"up": {"uv": [126, 77], "uv_size": [7, 1]},
								"down": {"uv": [126, 79], "uv_size": [7, -1]}
							}
						},
						{
							"origin": [-3.75, 23, -31.25],
							"size": [7.25, 0.5, 0.5],
							"pivot": [-0.125, 23.25, -31],
							"rotation": [45, 0, 0],
							"uv": {
								"north": {"uv": [126, 79], "uv_size": [7, 1]},
								"east": {"uv": [130, 55], "uv_size": [1, 1]},
								"south": {"uv": [80, 126], "uv_size": [7, 1]},
								"west": {"uv": [57, 130], "uv_size": [1, 1]},
								"up": {"uv": [126, 80], "uv_size": [7, 1]},
								"down": {"uv": [126, 82], "uv_size": [7, -1]}
							}
						},
						{
							"origin": [-4.25, 24.75, -28.25],
							"size": [0.5, 1, 1],
							"pivot": [-3.875, 25.25, -27.75],
							"rotation": [-45, 0, 0],
							"uv": {
								"north": {"uv": [130, 58], "uv_size": [1, 1]},
								"east": {"uv": [59, 130], "uv_size": [1, 1]},
								"south": {"uv": [130, 59], "uv_size": [1, 1]},
								"west": {"uv": [130, 60], "uv_size": [1, 1]},
								"up": {"uv": [130, 61], "uv_size": [1, 1]},
								"down": {"uv": [65, 131], "uv_size": [1, -1]}
							}
						},
						{
							"origin": [-3.75, 25, -28],
							"size": [0.25, 0.5, 0.5],
							"pivot": [-3.875, 25.25, -27.75],
							"rotation": [-45, 0, 0],
							"uv": {
								"north": {"uv": [80, 130], "uv_size": [1, 1]},
								"east": {"uv": [81, 130], "uv_size": [1, 1]},
								"south": {"uv": [82, 130], "uv_size": [1, 1]},
								"west": {"uv": [83, 130], "uv_size": [1, 1]},
								"up": {"uv": [84, 130], "uv_size": [1, 1]},
								"down": {"uv": [85, 131], "uv_size": [1, -1]}
							}
						},
						{
							"origin": [-4.25, 24.75, -31.75],
							"size": [0.5, 1, 1],
							"pivot": [-3.875, 25.25, -31.25],
							"rotation": [-67.5, 0, 0],
							"uv": {
								"north": {"uv": [66, 130], "uv_size": [1, 1]},
								"east": {"uv": [67, 130], "uv_size": [1, 1]},
								"south": {"uv": [68, 130], "uv_size": [1, 1]},
								"west": {"uv": [69, 130], "uv_size": [1, 1]},
								"up": {"uv": [70, 130], "uv_size": [1, 1]},
								"down": {"uv": [71, 131], "uv_size": [1, -1]}
							}
						},
						{
							"origin": [-3.75, 25, -31.5],
							"size": [0.25, 0.5, 0.5],
							"pivot": [-3.875, 25.25, -31.25],
							"rotation": [-67.5, 0, 0],
							"uv": {
								"north": {"uv": [72, 130], "uv_size": [1, 1]},
								"east": {"uv": [73, 130], "uv_size": [1, 1]},
								"south": {"uv": [74, 130], "uv_size": [1, 1]},
								"west": {"uv": [77, 130], "uv_size": [1, 1]},
								"up": {"uv": [78, 130], "uv_size": [1, 1]},
								"down": {"uv": [79, 131], "uv_size": [1, -1]}
							}
						},
						{
							"origin": [-3.75, 25, -33.25],
							"size": [7.25, 0.5, 0.5],
							"pivot": [-0.125, 25.25, -33],
							"rotation": [45, 0, 0],
							"uv": {
								"north": {"uv": [126, 82], "uv_size": [7, 1]},
								"east": {"uv": [130, 57], "uv_size": [1, 1]},
								"south": {"uv": [126, 83], "uv_size": [7, 1]},
								"west": {"uv": [58, 130], "uv_size": [1, 1]},
								"up": {"uv": [126, 84], "uv_size": [7, 1]},
								"down": {"uv": [126, 86], "uv_size": [7, -1]}
							}
						},
						{
							"origin": [-3.75, 26.5, -26.25],
							"size": [7.25, 0.5, 0.5],
							"pivot": [-0.125, 26.75, -26],
							"rotation": [-22.5, 0, 0],
							"uv": {
								"north": {"uv": [126, 65], "uv_size": [7, 1]},
								"east": {"uv": [53, 130], "uv_size": [1, 1]},
								"south": {"uv": [126, 71], "uv_size": [7, 1]},
								"west": {"uv": [54, 130], "uv_size": [1, 1]},
								"up": {"uv": [126, 72], "uv_size": [7, 1]},
								"down": {"uv": [126, 74], "uv_size": [7, -1]}
							}
						},
						{
							"origin": [2.25, 22.5, -31.25],
							"size": [1, 2.5, 6],
							"uv": {
								"north": {"uv": [28, 129], "uv_size": [1, 3]},
								"east": {"uv": [114, 31], "uv_size": [6, 3]},
								"south": {"uv": [30, 129], "uv_size": [1, 3]},
								"west": {"uv": [114, 34], "uv_size": [6, 3]},
								"up": {"uv": [26, 125], "uv_size": [1, 6]},
								"down": {"uv": [56, 131], "uv_size": [1, -6]}
							}
						},
						{
							"origin": [-3.5, 25, -33.75],
							"size": [1, 2.5, 8.5],
							"uv": {
								"north": {"uv": [34, 128], "uv_size": [1, 3]},
								"east": {"uv": [108, 102], "uv_size": [9, 3]},
								"south": {"uv": [44, 128], "uv_size": [1, 3]},
								"west": {"uv": [110, 20], "uv_size": [9, 3]},
								"up": {"uv": [13, 122], "uv_size": [1, 9]},
								"down": {"uv": [101, 131], "uv_size": [1, -9]}
							}
						},
						{
							"origin": [-3.5, 22.5, -31.25],
							"size": [1, 2.5, 6],
							"uv": {
								"north": {"uv": [63, 128], "uv_size": [1, 3]},
								"east": {"uv": [113, 57], "uv_size": [6, 3]},
								"south": {"uv": [64, 128], "uv_size": [1, 3]},
								"west": {"uv": [114, 28], "uv_size": [6, 3]},
								"up": {"uv": [61, 115], "uv_size": [1, 6]},
								"down": {"uv": [98, 130], "uv_size": [1, -6]}
							}
						},
						{
							"origin": [-3.499, 23.13128, -33.48851],
							"size": [1, 2.5, 3.5],
							"pivot": [-3, 24.38128, -31.36351],
							"rotation": [-45, 0, 0],
							"uv": {
								"north": {"uv": [110, 128], "uv_size": [1, 3]},
								"east": {"uv": [122, 54], "uv_size": [4, 3]},
								"south": {"uv": [27, 129], "uv_size": [1, 3]},
								"west": {"uv": [122, 60], "uv_size": [4, 3]},
								"up": {"uv": [87, 92], "uv_size": [1, 4]},
								"down": {"uv": [75, 131], "uv_size": [1, -4]}
							}
						},
						{
							"origin": [2.249, 23.13128, -33.48851],
							"size": [1, 2.5, 3.5],
							"pivot": [2.75, 24.38128, -31.36351],
							"rotation": [-45, 0, 0],
							"uv": {
								"north": {"uv": [31, 129], "uv_size": [1, 3]},
								"east": {"uv": [122, 63], "uv_size": [4, 3]},
								"south": {"uv": [129, 57], "uv_size": [1, 3]},
								"west": {"uv": [122, 75], "uv_size": [4, 3]},
								"up": {"uv": [104, 127], "uv_size": [1, 4]},
								"down": {"uv": [113, 131], "uv_size": [1, -4]}
							}
						},
						{
							"origin": [-3.08854, 27.05497, -33.75],
							"size": [1, 1.75, 8.5],
							"pivot": [-2.58854, 27.92997, -29.5],
							"rotation": [0, 0, 35],
							"uv": {
								"north": {"uv": [95, 129], "uv_size": [1, 2]},
								"east": {"uv": [84, 76], "uv_size": [9, 2]},
								"south": {"uv": [111, 129], "uv_size": [1, 2]},
								"west": {"uv": [112, 71], "uv_size": [9, 2]},
								"up": {"uv": [48, 123], "uv_size": [1, 9]},
								"down": {"uv": [29, 133], "uv_size": [1, -9]}
							}
						},
						{
							"origin": [1.6577, 27.62855, -33.75],
							"size": [1, 1.75, 8.5],
							"pivot": [3.1577, 28.50355, -29.5],
							"rotation": [0, 0, -35],
							"uv": {
								"north": {"uv": [112, 129], "uv_size": [1, 2]},
								"east": {"uv": [112, 73], "uv_size": [9, 2]},
								"south": {"uv": [115, 129], "uv_size": [1, 2]},
								"west": {"uv": [110, 112], "uv_size": [9, 2]},
								"up": {"uv": [41, 124], "uv_size": [1, 9]},
								"down": {"uv": [96, 133], "uv_size": [1, -9]}
							}
						},
						{
							"origin": [5, 23, -30.5],
							"size": [3.75, 2, 2],
							"pivot": [6.875, 25, -29.5],
							"rotation": [0, 0, 22.5],
							"uv": {
								"north": {"uv": [22, 125], "uv_size": [4, 2]},
								"east": {"uv": [8, 128], "uv_size": [2, 2]},
								"south": {"uv": [50, 125], "uv_size": [4, 2]},
								"west": {"uv": [128, 9], "uv_size": [2, 2]},
								"up": {"uv": [72, 125], "uv_size": [4, 2]},
								"down": {"uv": [88, 127], "uv_size": [4, -2]}
							}
						},
						{
							"origin": [-1.749, 27.03301, -4.44725],
							"size": [3.498, 11.5, 5],
							"pivot": [0, 33.53301, 7.05275],
							"rotation": [80, 0, 0],
							"uv": {
								"north": {"uv": [16, 108], "uv_size": [3, 11]},
								"east": {"uv": [50, 91], "uv_size": [5, 11]},
								"south": {"uv": [19, 108], "uv_size": [3, 11]},
								"west": {"uv": [55, 91], "uv_size": [5, 11]},
								"up": {"uv": [109, 116], "uv_size": [3, 5]},
								"down": {"uv": [112, 121], "uv_size": [3, -5]}
							}
						},
						{
							"origin": [-1.749, 21.44145, 8.6969],
							"size": [3.498, 9.5, 5],
							"pivot": [0, 27.94145, 20.1969],
							"rotation": [57.5, 0, 0],
							"uv": {
								"north": {"uv": [99, 108], "uv_size": [3, 9]},
								"east": {"uv": [99, 72], "uv_size": [5, 9]},
								"south": {"uv": [109, 67], "uv_size": [3, 9]},
								"west": {"uv": [98, 99], "uv_size": [5, 9]},
								"up": {"uv": [11, 117], "uv_size": [3, 5]},
								"down": {"uv": [99, 122], "uv_size": [3, -5]}
							}
						},
						{
							"origin": [-2, 20.39424, -3.13835],
							"size": [4, 9, 5.75],
							"pivot": [0, 24.39424, 8.36165],
							"rotation": [12.5, 0, 0],
							"uv": {
								"north": {"uv": [107, 0], "uv_size": [4, 9]},
								"east": {"uv": [0, 96], "uv_size": [6, 9]},
								"south": {"uv": [106, 107], "uv_size": [4, 9]},
								"west": {"uv": [96, 0], "uv_size": [6, 9]},
								"up": {"uv": [29, 110], "uv_size": [4, 6]},
								"down": {"uv": [110, 40], "uv_size": [4, -6]}
							}
						},
						{
							"origin": [-1.749, 20.39424, 2.61165],
							"size": [3.498, 1, 2.25],
							"pivot": [0, 24.39424, 8.36165],
							"rotation": [12.5, 0, 0],
							"uv": {
								"north": {"uv": [106, 67], "uv_size": [3, 1]},
								"east": {"uv": [16, 129], "uv_size": [3, 1]},
								"south": {"uv": [19, 129], "uv_size": [3, 1]},
								"west": {"uv": [129, 20], "uv_size": [3, 1]},
								"up": {"uv": [123, 78], "uv_size": [3, 3]},
								"down": {"uv": [124, 23], "uv_size": [3, -3]}
							}
						},
						{
							"origin": [-1.75, 19.75, 1],
							"size": [3.5, 6.25, 18.5],
							"uv": {
								"north": {"uv": [76, 97], "uv_size": [4, 6]},
								"east": {"uv": [46, 72], "uv_size": [19, 6]},
								"south": {"uv": [110, 28], "uv_size": [4, 6]},
								"west": {"uv": [65, 72], "uv_size": [19, 6]},
								"up": {"uv": [62, 78], "uv_size": [4, 19]},
								"down": {"uv": [66, 97], "uv_size": [4, -19]}
							}
						},
						{
							"origin": [-2, 14.5, 19.5],
							"size": [4, 11.5, 3.5],
							"uv": {
								"north": {"uv": [24, 88], "uv_size": [4, 12]},
								"east": {"uv": [18, 96], "uv_size": [4, 12]},
								"south": {"uv": [36, 96], "uv_size": [4, 12]},
								"west": {"uv": [40, 96], "uv_size": [4, 12]},
								"up": {"uv": [116, 16], "uv_size": [4, 4]},
								"down": {"uv": [54, 120], "uv_size": [4, -4]}
							}
						},
						{
							"origin": [-2, 23.78254, 21.97147],
							"size": [4, 11, 1],
							"pivot": [0, 24.90754, 21.72147],
							"rotation": [82.5, 0, 0],
							"uv": {
								"north": {"uv": [24, 100], "uv_size": [4, 10]},
								"east": {"uv": [102, 108], "uv_size": [1, 10]},
								"south": {"uv": [56, 102], "uv_size": [4, 10]},
								"west": {"uv": [45, 120], "uv_size": [1, 10]},
								"up": {"uv": [78, 39], "uv_size": [4, 1]},
								"down": {"uv": [94, 84], "uv_size": [4, -1]}
							}
						}
					]
				},
				{
					"name": "bone",
					"parent": "gun",
					"pivot": [0, 18.14796, -3.61887],
					"rotation": [-12.5, 0, 0],
					"cubes": [
						{
							"origin": [-0.5, 16.575, -3.81227],
							"size": [1, 1.5, 0.5],
							"uv": {
								"north": {"uv": [93, 76], "uv_size": [1, 2]},
								"east": {"uv": [80, 115], "uv_size": [1, 2]},
								"south": {"uv": [119, 112], "uv_size": [1, 2]},
								"west": {"uv": [32, 126], "uv_size": [1, 2]},
								"up": {"uv": [4, 130], "uv_size": [1, 1]},
								"down": {"uv": [5, 131], "uv_size": [1, -1]}
							}
						},
						{
							"origin": [-0.5, 14.73037, -4.07974],
							"size": [1, 1.5, 0.5],
							"pivot": [0, 15.73037, -2.57974],
							"rotation": [-22.5, 0, 0],
							"uv": {
								"north": {"uv": [6, 130], "uv_size": [1, 1]},
								"east": {"uv": [7, 130], "uv_size": [1, 1]},
								"south": {"uv": [8, 130], "uv_size": [1, 1]},
								"west": {"uv": [9, 130], "uv_size": [1, 1]},
								"up": {"uv": [130, 9], "uv_size": [1, 1]},
								"down": {"uv": [130, 11], "uv_size": [1, -1]}
							}
						}
					]
				},
				{
					"name": "gatling",
					"parent": "gun",
					"pivot": [0.00748, 24.59224, -55.20833],
					"cubes": [
						{
							"origin": [-2.58401, 22.09835, -44],
							"size": [5.175, 2, 8],
							"uv": {
								"north": {"uv": [122, 37], "uv_size": [5, 2]},
								"east": {"uv": [114, 37], "uv_size": [8, 2]},
								"south": {"uv": [122, 99], "uv_size": [5, 2]},
								"west": {"uv": [114, 60], "uv_size": [8, 2]},
								"up": {"uv": [103, 49], "uv_size": [5, 8]},
								"down": {"uv": [76, 111], "uv_size": [5, -8]}
							}
						},
						{
							"origin": [-5.76959, 21.61593, -44],
							"size": [5.175, 2, 8],
							"pivot": [-4.59459, 25.61593, -40],
							"rotation": [0, 0, -60],
							"uv": {
								"north": {"uv": [122, 101], "uv_size": [5, 2]},
								"east": {"uv": [114, 62], "uv_size": [8, 2]},
								"south": {"uv": [122, 103], "uv_size": [5, 2]},
								"west": {"uv": [114, 75], "uv_size": [8, 2]},
								"up": {"uv": [103, 99], "uv_size": [5, 8]},
								"down": {"uv": [6, 112], "uv_size": [5, -8]}
							}
						},
						{
							"origin": [-0.86254, 27.08003, -44],
							"size": [1.75, 1, 8],
							"uv": {
								"north": {"uv": [16, 107], "uv_size": [2, 1]},
								"east": {"uv": [64, 125], "uv_size": [8, 1]},
								"south": {"uv": [54, 111], "uv_size": [2, 1]},
								"west": {"uv": [80, 125], "uv_size": [8, 1]},
								"up": {"uv": [33, 110], "uv_size": [2, 8]},
								"down": {"uv": [14, 120], "uv_size": [2, -8]}
							}
						},
						{
							"origin": [-0.86254, 25.33003, -67],
							"size": [1.75, 1.75, 23],
							"inflate": -0.1,
							"uv": {
								"north": {"uv": [96, 106], "uv_size": [2, 2]},
								"east": {"uv": [98, 87], "uv_size": [23, 2]},
								"south": {"uv": [4, 118], "uv_size": [2, 2]},
								"west": {"uv": [98, 89], "uv_size": [23, 2]},
								"up": {"uv": [64, 97], "uv_size": [2, 23]},
								"down": {"uv": [66, 120], "uv_size": [2, -23]}
							}
						},
						{
							"origin": [-0.86254, 25.33003, -74.75],
							"size": [1.75, 1.75, 8],
							"uv": {
								"north": {"uv": [0, 128], "uv_size": [2, 2]},
								"east": {"uv": [115, 14], "uv_size": [8, 2]},
								"south": {"uv": [2, 128], "uv_size": [2, 2]},
								"west": {"uv": [115, 23], "uv_size": [8, 2]},
								"up": {"uv": [59, 115], "uv_size": [2, 8]},
								"down": {"uv": [76, 123], "uv_size": [2, -8]}
							}
						},
						{
							"origin": [-3.13577, 22.40655, -44],
							"size": [1.75, 1, 8],
							"pivot": [-2.47327, 22.90655, -40],
							"rotation": [0, 0, -120],
							"uv": {
								"north": {"uv": [112, 75], "uv_size": [2, 1]},
								"east": {"uv": [125, 112], "uv_size": [8, 1]},
								"south": {"uv": [85, 119], "uv_size": [2, 1]},
								"west": {"uv": [125, 113], "uv_size": [8, 1]},
								"up": {"uv": [50, 114], "uv_size": [2, 8]},
								"down": {"uv": [52, 122], "uv_size": [2, -8]}
							}
						},
						{
							"origin": [-3.13577, 20.65655, -67],
							"size": [1.75, 1.75, 23],
							"inflate": -0.1,
							"pivot": [-2.47327, 22.90655, -40],
							"rotation": [0, 0, -120],
							"uv": {
								"north": {"uv": [118, 114], "uv_size": [2, 2]},
								"east": {"uv": [98, 91], "uv_size": [23, 2]},
								"south": {"uv": [88, 127], "uv_size": [2, 2]},
								"west": {"uv": [98, 93], "uv_size": [23, 2]},
								"up": {"uv": [68, 97], "uv_size": [2, 23]},
								"down": {"uv": [70, 120], "uv_size": [2, -23]}
							}
						},
						{
							"origin": [-3.13577, 20.65655, -74.75],
							"size": [1.75, 1.75, 8],
							"pivot": [-2.47327, 22.90655, -41.75],
							"rotation": [0, 0, -120],
							"uv": {
								"north": {"uv": [4, 128], "uv_size": [2, 2]},
								"east": {"uv": [115, 25], "uv_size": [8, 2]},
								"south": {"uv": [6, 128], "uv_size": [2, 2]},
								"west": {"uv": [115, 79], "uv_size": [8, 2]},
								"up": {"uv": [78, 115], "uv_size": [2, 8]},
								"down": {"uv": [28, 124], "uv_size": [2, -8]}
							}
						},
						{
							"origin": [1.82673, 22.42209, -44],
							"size": [1.75, 1, 8],
							"pivot": [2.48923, 22.92209, -40],
							"rotation": [0, 0, -60],
							"uv": {
								"north": {"uv": [129, 88], "uv_size": [2, 1]},
								"east": {"uv": [125, 114], "uv_size": [8, 1]},
								"south": {"uv": [129, 89], "uv_size": [2, 1]},
								"west": {"uv": [115, 125], "uv_size": [8, 1]},
								"up": {"uv": [0, 115], "uv_size": [2, 8]},
								"down": {"uv": [2, 123], "uv_size": [2, -8]}
							}
						},
						{
							"origin": [1.82673, 23.42209, -67],
							"size": [1.75, 1.75, 23],
							"inflate": -0.1,
							"pivot": [2.48923, 22.92209, -40],
							"rotation": [0, 0, -60],
							"uv": {
								"north": {"uv": [90, 127], "uv_size": [2, 2]},
								"east": {"uv": [98, 95], "uv_size": [23, 2]},
								"south": {"uv": [99, 127], "uv_size": [2, 2]},
								"west": {"uv": [98, 97], "uv_size": [23, 2]},
								"up": {"uv": [72, 97], "uv_size": [2, 23]},
								"down": {"uv": [74, 120], "uv_size": [2, -23]}
							}
						},
						{
							"origin": [1.82673, 23.42209, -74.75],
							"size": [1.75, 1.75, 8],
							"pivot": [2.48923, 22.92209, -41.75],
							"rotation": [0, 0, -60],
							"uv": {
								"north": {"uv": [102, 127], "uv_size": [2, 2]},
								"east": {"uv": [6, 115], "uv_size": [8, 2]},
								"south": {"uv": [111, 127], "uv_size": [2, 2]},
								"west": {"uv": [115, 12], "uv_size": [8, 2]},
								"up": {"uv": [24, 115], "uv_size": [2, 8]},
								"down": {"uv": [26, 123], "uv_size": [2, -8]}
							}
						},
						{
							"origin": [-0.90356, 20.11593, -44],
							"size": [5.175, 2, 8],
							"pivot": [0.27144, 23.11593, -40],
							"rotation": [0, 0, -120],
							"uv": {
								"north": {"uv": [121, 122], "uv_size": [5, 2]},
								"east": {"uv": [114, 77], "uv_size": [8, 2]},
								"south": {"uv": [123, 12], "uv_size": [5, 2]},
								"west": {"uv": [110, 114], "uv_size": [8, 2]},
								"up": {"uv": [11, 104], "uv_size": [5, 8]},
								"down": {"uv": [104, 76], "uv_size": [5, -8]}
							}
						},
						{
							"origin": [-2.58401, 22.09835, -64],
							"size": [5.175, 2, 3],
							"uv": {
								"north": {"uv": [123, 27], "uv_size": [5, 2]},
								"east": {"uv": [118, 126], "uv_size": [3, 2]},
								"south": {"uv": [123, 29], "uv_size": [5, 2]},
								"west": {"uv": [121, 126], "uv_size": [3, 2]},
								"up": {"uv": [80, 117], "uv_size": [5, 3]},
								"down": {"uv": [117, 102], "uv_size": [5, -3]}
							}
						},
						{
							"origin": [-5.76959, 21.61593, -64],
							"size": [5.175, 2, 3],
							"pivot": [-4.59459, 25.61593, -65],
							"rotation": [0, 0, -60],
							"uv": {
								"north": {"uv": [123, 23], "uv_size": [5, 2]},
								"east": {"uv": [126, 97], "uv_size": [3, 2]},
								"south": {"uv": [123, 25], "uv_size": [5, 2]},
								"west": {"uv": [115, 126], "uv_size": [3, 2]},
								"up": {"uv": [117, 54], "uv_size": [5, 3]},
								"down": {"uv": [117, 67], "uv_size": [5, -3]}
							}
						},
						{
							"origin": [-0.90356, 20.11593, -64],
							"size": [5.175, 2, 3],
							"pivot": [0.27144, 23.11593, -65],
							"rotation": [0, 0, -120],
							"uv": {
								"north": {"uv": [123, 14], "uv_size": [5, 2]},
								"east": {"uv": [42, 126], "uv_size": [3, 2]},
								"south": {"uv": [22, 123], "uv_size": [5, 2]},
								"west": {"uv": [126, 88], "uv_size": [3, 2]},
								"up": {"uv": [115, 116], "uv_size": [5, 3]},
								"down": {"uv": [6, 120], "uv_size": [5, -3]}
							}
						},
						{
							"origin": [-0.86254, 27.08003, -64],
							"size": [1.75, 1, 3],
							"uv": {
								"north": {"uv": [99, 129], "uv_size": [2, 1]},
								"east": {"uv": [129, 39], "uv_size": [3, 1]},
								"south": {"uv": [102, 129], "uv_size": [2, 1]},
								"west": {"uv": [57, 129], "uv_size": [3, 1]},
								"up": {"uv": [54, 125], "uv_size": [2, 3]},
								"down": {"uv": [30, 129], "uv_size": [2, -3]}
							}
						},
						{
							"origin": [-3.13577, 22.40655, -64],
							"size": [1.75, 1, 3],
							"pivot": [-2.47327, 22.90655, -65],
							"rotation": [0, 0, -120],
							"uv": {
								"north": {"uv": [129, 97], "uv_size": [2, 1]},
								"east": {"uv": [129, 37], "uv_size": [3, 1]},
								"south": {"uv": [129, 98], "uv_size": [2, 1]},
								"west": {"uv": [129, 38], "uv_size": [3, 1]},
								"up": {"uv": [22, 120], "uv_size": [2, 3]},
								"down": {"uv": [112, 127], "uv_size": [2, -3]}
							}
						},
						{
							"origin": [1.82673, 22.42209, -64],
							"size": [1.75, 1, 3],
							"pivot": [2.48923, 22.92209, -65],
							"rotation": [0, 0, -60],
							"uv": {
								"north": {"uv": [91, 129], "uv_size": [2, 1]},
								"east": {"uv": [129, 21], "uv_size": [3, 1]},
								"south": {"uv": [93, 129], "uv_size": [2, 1]},
								"west": {"uv": [129, 22], "uv_size": [3, 1]},
								"up": {"uv": [16, 104], "uv_size": [2, 3]},
								"down": {"uv": [85, 119], "uv_size": [2, -3]}
							}
						}
					]
				},
				{
					"name": "magazine",
					"parent": "gun",
					"pivot": [0, 0, 0]
				},
				{
					"name": "octagon",
					"parent": "magazine",
					"pivot": [0, 12.25, -25],
					"rotation": [0, -90, 0],
					"cubes": [
						{
							"origin": [-25.75, 10.17893, -30],
							"size": [38.5, 4.14214, 10],
							"pivot": [0, 12.25, -25],
							"rotation": [-45, 0, 0],
							"uv": {
								"north": {"uv": [28, 64], "uv_size": [39, 4]},
								"east": {"uv": [84, 72], "uv_size": [10, 4]},
								"south": {"uv": [64, 40], "uv_size": [39, 4]},
								"west": {"uv": [103, 57], "uv_size": [10, 4]},
								"up": {"uv": [0, 0], "uv_size": [39, 10]},
								"down": {"uv": [0, 20], "uv_size": [39, -10]}
							}
						},
						{
							"origin": [-25.75, 10.17893, -30],
							"size": [38.5, 4.14214, 10],
							"uv": {
								"north": {"uv": [64, 44], "uv_size": [39, 4]},
								"east": {"uv": [104, 76], "uv_size": [10, 4]},
								"south": {"uv": [64, 48], "uv_size": [39, 4]},
								"west": {"uv": [106, 16], "uv_size": [10, 4]},
								"up": {"uv": [0, 20], "uv_size": [39, 10]},
								"down": {"uv": [0, 40], "uv_size": [39, -10]}
							}
						},
						{
							"origin": [-25.75, 7.25, -27.07107],
							"size": [38.5, 10, 4.14214],
							"pivot": [0, 12.25, -25],
							"rotation": [-45, 0, 0],
							"uv": {
								"north": {"uv": [39, 0], "uv_size": [39, 10]},
								"east": {"uv": [81, 103], "uv_size": [4, 10]},
								"south": {"uv": [39, 10], "uv_size": [39, 10]},
								"west": {"uv": [0, 105], "uv_size": [4, 10]},
								"up": {"uv": [64, 52], "uv_size": [39, 4]},
								"down": {"uv": [64, 60], "uv_size": [39, -4]}
							}
						},
						{
							"origin": [-25.75, 7.25, -27.07107],
							"size": [38.5, 10, 4.14214],
							"uv": {
								"north": {"uv": [39, 20], "uv_size": [39, 10]},
								"east": {"uv": [106, 20], "uv_size": [4, 10]},
								"south": {"uv": [39, 30], "uv_size": [39, 10]},
								"west": {"uv": [106, 30], "uv_size": [4, 10]},
								"up": {"uv": [64, 60], "uv_size": [39, 4]},
								"down": {"uv": [67, 68], "uv_size": [39, -4]}
							}
						},
						{
							"origin": [3.25, 17.25, -26.25],
							"size": [7.5, 0.75, 2.5],
							"uv": {
								"north": {"uv": [125, 115], "uv_size": [8, 1]},
								"east": {"uv": [77, 129], "uv_size": [3, 1]},
								"south": {"uv": [125, 116], "uv_size": [8, 1]},
								"west": {"uv": [88, 129], "uv_size": [3, 1]},
								"up": {"uv": [46, 111], "uv_size": [8, 3]},
								"down": {"uv": [6, 115], "uv_size": [8, -3]}
							}
						}
					]
				},
				{
					"name": "octagon4",
					"parent": "magazine",
					"pivot": [0, 12.25, -25],
					"rotation": [0, -90, 0],
					"cubes": [
						{
							"origin": [-25.75, 10.17893, -31],
							"size": [38, 4.14214, 11.75],
							"inflate": -0.5,
							"pivot": [0, 12.25, -25],
							"rotation": [-45, 0, 0],
							"uv": {
								"north": {"uv": [28, 64], "uv_size": [39, 4]},
								"east": {"uv": [84, 72], "uv_size": [10, 4]},
								"south": {"uv": [64, 40], "uv_size": [39, 4]},
								"west": {"uv": [103, 57], "uv_size": [10, 4]},
								"up": {"uv": [0, 0], "uv_size": [39, 10]},
								"down": {"uv": [0, 20], "uv_size": [39, -10]}
							}
						},
						{
							"origin": [-25.75, 10.17893, -30.75],
							"size": [38, 4.14214, 11.5],
							"inflate": -0.5,
							"uv": {
								"north": {"uv": [64, 44], "uv_size": [39, 4]},
								"east": {"uv": [104, 76], "uv_size": [10, 4]},
								"south": {"uv": [64, 48], "uv_size": [39, 4]},
								"west": {"uv": [106, 16], "uv_size": [10, 4]},
								"up": {"uv": [0, 20], "uv_size": [39, 10]},
								"down": {"uv": [0, 40], "uv_size": [39, -10]}
							}
						},
						{
							"origin": [-25.75, 6.5, -27.07107],
							"size": [38, 11.5, 4.14214],
							"inflate": -0.5,
							"pivot": [0, 12.25, -25],
							"rotation": [-45, 0, 0],
							"uv": {
								"north": {"uv": [39, 0], "uv_size": [39, 10]},
								"east": {"uv": [81, 103], "uv_size": [4, 10]},
								"south": {"uv": [39, 10], "uv_size": [39, 10]},
								"west": {"uv": [0, 105], "uv_size": [4, 10]},
								"up": {"uv": [64, 52], "uv_size": [39, 4]},
								"down": {"uv": [64, 60], "uv_size": [39, -4]}
							}
						},
						{
							"origin": [-25.75, 6.5, -27.07107],
							"size": [38, 11.5, 4.14214],
							"inflate": -0.5,
							"uv": {
								"north": {"uv": [39, 20], "uv_size": [39, 10]},
								"east": {"uv": [106, 20], "uv_size": [4, 10]},
								"south": {"uv": [39, 30], "uv_size": [39, 10]},
								"west": {"uv": [106, 30], "uv_size": [4, 10]},
								"up": {"uv": [64, 60], "uv_size": [39, 4]},
								"down": {"uv": [67, 68], "uv_size": [39, -4]}
							}
						},
						{
							"origin": [3.25, 17.25, -26.25],
							"size": [7, 0.75, 2.5],
							"inflate": -0.5,
							"uv": {
								"north": {"uv": [125, 115], "uv_size": [8, 1]},
								"east": {"uv": [77, 129], "uv_size": [3, 1]},
								"south": {"uv": [125, 116], "uv_size": [8, 1]},
								"west": {"uv": [88, 129], "uv_size": [3, 1]},
								"up": {"uv": [46, 111], "uv_size": [8, 3]},
								"down": {"uv": [6, 115], "uv_size": [8, -3]}
							}
						}
					]
				},
				{
					"name": "octagon2",
					"parent": "magazine",
					"pivot": [0, 12.25, -11.99929],
					"rotation": [0, -90, 0],
					"cubes": [
						{
							"origin": [-0.74071, 9.97183, -17.49929],
							"size": [2.48, 4.55635, 3],
							"pivot": [-0.00071, 12.25, -11.99929],
							"rotation": [-45, 0, 0],
							"uv": {
								"north": {"uv": [11, 122], "uv_size": [2, 5]},
								"east": {"uv": [33, 118], "uv_size": [3, 5]},
								"south": {"uv": [99, 122], "uv_size": [2, 5]},
								"west": {"uv": [46, 118], "uv_size": [3, 5]},
								"up": {"uv": [35, 127], "uv_size": [2, 3]},
								"down": {"uv": [37, 130], "uv_size": [2, -3]}
							}
						},
						{
							"origin": [-0.75071, 9.97183, -17.49929],
							"size": [2.5, 4.55635, 3.25],
							"uv": {
								"north": {"uv": [93, 118], "uv_size": [3, 5]},
								"east": {"uv": [16, 119], "uv_size": [3, 5]},
								"south": {"uv": [19, 119], "uv_size": [3, 5]},
								"west": {"uv": [36, 119], "uv_size": [3, 5]},
								"up": {"uv": [102, 124], "uv_size": [3, 3]},
								"down": {"uv": [106, 127], "uv_size": [3, -3]}
							}
						},
						{
							"origin": [-0.75071, 9.97183, -9.74929],
							"size": [2.5, 4.55635, 3.25],
							"uv": {
								"north": {"uv": [118, 119], "uv_size": [3, 5]},
								"east": {"uv": [4, 120], "uv_size": [3, 5]},
								"south": {"uv": [7, 120], "uv_size": [3, 5]},
								"west": {"uv": [120, 27], "uv_size": [3, 5]},
								"up": {"uv": [109, 124], "uv_size": [3, 3]},
								"down": {"uv": [124, 127], "uv_size": [3, -3]}
							}
						},
						{
							"origin": [-0.74071, 9.97183, -9.49929],
							"size": [2.48, 4.55635, 3],
							"pivot": [-0.00071, 12.25, -11.99929],
							"rotation": [-45, 0, 0],
							"uv": {
								"north": {"uv": [0, 123], "uv_size": [2, 5]},
								"east": {"uv": [39, 119], "uv_size": [3, 5]},
								"south": {"uv": [2, 123], "uv_size": [2, 5]},
								"west": {"uv": [96, 119], "uv_size": [3, 5]},
								"up": {"uv": [127, 37], "uv_size": [2, 3]},
								"down": {"uv": [39, 130], "uv_size": [2, -3]}
							}
						},
						{
							"origin": [-0.74071, 6.75, -14.27746],
							"size": [2.48, 3, 4.55635],
							"pivot": [-0.00071, 12.25, -11.99929],
							"rotation": [-45, 0, 0],
							"uv": {
								"north": {"uv": [50, 127], "uv_size": [2, 3]},
								"east": {"uv": [117, 102], "uv_size": [5, 3]},
								"south": {"uv": [52, 127], "uv_size": [2, 3]},
								"west": {"uv": [119, 20], "uv_size": [5, 3]},
								"up": {"uv": [33, 123], "uv_size": [2, 5]},
								"down": {"uv": [46, 128], "uv_size": [2, -5]}
							}
						},
						{
							"origin": [-0.75071, 6.75, -14.27746],
							"size": [2.51, 11, 4.55635],
							"uv": {
								"north": {"uv": [36, 108], "uv_size": [3, 11]},
								"east": {"uv": [80, 92], "uv_size": [5, 11]},
								"south": {"uv": [39, 108], "uv_size": [3, 11]},
								"west": {"uv": [93, 84], "uv_size": [5, 11]},
								"up": {"uv": [102, 119], "uv_size": [3, 5]},
								"down": {"uv": [115, 124], "uv_size": [3, -5]}
							}
						},
						{
							"origin": [-0.74071, 14.75, -14.27746],
							"size": [2.48, 3, 4.55635],
							"pivot": [-0.00071, 12.25, -11.99929],
							"rotation": [-45, 0, 0],
							"uv": {
								"north": {"uv": [127, 57], "uv_size": [2, 3]},
								"east": {"uv": [119, 39], "uv_size": [5, 3]},
								"south": {"uv": [65, 127], "uv_size": [2, 3]},
								"west": {"uv": [119, 57], "uv_size": [5, 3]},
								"up": {"uv": [59, 123], "uv_size": [2, 5]},
								"down": {"uv": [76, 128], "uv_size": [2, -5]}
							}
						}
					]
				},
				{
					"name": "octagon3",
					"parent": "magazine",
					"pivot": [0, 12.25, -51.49929],
					"rotation": [0, 90, 0],
					"cubes": [
						{
							"origin": [-0.74071, 9.97183, -56.99929],
							"size": [2.48, 4.55635, 3],
							"pivot": [-0.00071, 12.25, -51.49929],
							"rotation": [-45, 0, 0],
							"uv": {
								"north": {"uv": [78, 123], "uv_size": [2, 5]},
								"east": {"uv": [120, 32], "uv_size": [3, 5]},
								"south": {"uv": [92, 123], "uv_size": [2, 5]},
								"west": {"uv": [54, 120], "uv_size": [3, 5]},
								"up": {"uv": [67, 127], "uv_size": [2, 3]},
								"down": {"uv": [69, 130], "uv_size": [2, -3]}
							}
						},
						{
							"origin": [-0.75071, 9.97183, -56.99929],
							"size": [2.5, 4.55635, 3.25],
							"uv": {
								"north": {"uv": [64, 120], "uv_size": [3, 5]},
								"east": {"uv": [67, 120], "uv_size": [3, 5]},
								"south": {"uv": [70, 120], "uv_size": [3, 5]},
								"west": {"uv": [73, 120], "uv_size": [3, 5]},
								"up": {"uv": [4, 125], "uv_size": [3, 3]},
								"down": {"uv": [7, 128], "uv_size": [3, -3]}
							}
						},
						{
							"origin": [-0.75071, 9.97183, -49.24929],
							"size": [2.5, 4.55635, 3.25],
							"uv": {
								"north": {"uv": [80, 120], "uv_size": [3, 5]},
								"east": {"uv": [83, 120], "uv_size": [3, 5]},
								"south": {"uv": [86, 120], "uv_size": [3, 5]},
								"west": {"uv": [89, 120], "uv_size": [3, 5]},
								"up": {"uv": [125, 9], "uv_size": [3, 3]},
								"down": {"uv": [125, 19], "uv_size": [3, -3]}
							}
						},
						{
							"origin": [-0.74071, 9.97183, -48.99929],
							"size": [2.48, 4.55635, 3],
							"pivot": [-0.00071, 12.25, -51.49929],
							"rotation": [-45, 0, 0],
							"uv": {
								"north": {"uv": [94, 123], "uv_size": [2, 5]},
								"east": {"uv": [120, 112], "uv_size": [3, 5]},
								"south": {"uv": [123, 112], "uv_size": [2, 5]},
								"west": {"uv": [30, 121], "uv_size": [3, 5]},
								"up": {"uv": [71, 127], "uv_size": [2, 3]},
								"down": {"uv": [73, 130], "uv_size": [2, -3]}
							}
						},
						{
							"origin": [-0.74071, 6.75, -53.77746],
							"size": [2.48, 3, 4.55635],
							"pivot": [-0.00071, 12.25, -51.49929],
							"rotation": [-45, 0, 0],
							"uv": {
								"north": {"uv": [80, 127], "uv_size": [2, 3]},
								"east": {"uv": [120, 9], "uv_size": [5, 3]},
								"south": {"uv": [82, 127], "uv_size": [2, 3]},
								"west": {"uv": [120, 16], "uv_size": [5, 3]},
								"up": {"uv": [16, 124], "uv_size": [2, 5]},
								"down": {"uv": [18, 129], "uv_size": [2, -5]}
							}
						},
						{
							"origin": [-0.75071, 6.75, -53.77746],
							"size": [2.51, 11, 4.55635],
							"uv": {
								"north": {"uv": [108, 43], "uv_size": [3, 11]},
								"east": {"uv": [94, 72], "uv_size": [5, 11]},
								"south": {"uv": [96, 108], "uv_size": [3, 11]},
								"west": {"uv": [93, 95], "uv_size": [5, 11]},
								"up": {"uv": [42, 121], "uv_size": [3, 5]},
								"down": {"uv": [61, 126], "uv_size": [3, -5]}
							}
						},
						{
							"origin": [-0.74071, 14.75, -53.77746],
							"size": [2.48, 3, 4.55635],
							"pivot": [-0.00071, 12.25, -51.49929],
							"rotation": [-45, 0, 0],
							"uv": {
								"north": {"uv": [84, 127], "uv_size": [2, 3]},
								"east": {"uv": [121, 71], "uv_size": [5, 3]},
								"south": {"uv": [86, 127], "uv_size": [2, 3]},
								"west": {"uv": [121, 87], "uv_size": [5, 3]},
								"up": {"uv": [20, 124], "uv_size": [2, 5]},
								"down": {"uv": [27, 129], "uv_size": [2, -5]}
							}
						}
					]
				},
				{
					"name": "octagon5",
					"parent": "gun",
					"pivot": [2.75, 25, -0.25],
					"rotation": [0, 90, 0],
					"cubes": [
						{
							"origin": [1.5, 24.37868, 0.25],
							"size": [24, 1.24264, 1],
							"pivot": [-5.25, 25, -0.25],
							"rotation": [-45, 0, 0],
							"uv": {
								"north": {"uv": [96, 11], "uv_size": [24, 1]},
								"east": {"uv": [37, 130], "uv_size": [1, 1]},
								"south": {"uv": [108, 105], "uv_size": [24, 1]},
								"west": {"uv": [38, 130], "uv_size": [1, 1]},
								"up": {"uv": [108, 106], "uv_size": [24, 1]},
								"down": {"uv": [110, 108], "uv_size": [24, -1]}
							}
						},
						{
							"origin": [1.49, 24.37868, 0.25],
							"size": [24, 1.24264, 1],
							"uv": {
								"north": {"uv": [110, 108], "uv_size": [24, 1]},
								"east": {"uv": [39, 130], "uv_size": [1, 1]},
								"south": {"uv": [110, 109], "uv_size": [24, 1]},
								"west": {"uv": [40, 130], "uv_size": [1, 1]},
								"up": {"uv": [110, 110], "uv_size": [24, 1]},
								"down": {"uv": [111, 1], "uv_size": [24, -1]}
							}
						},
						{
							"origin": [1.5, 25.5, -0.87132],
							"size": [24, 1, 1.24264],
							"pivot": [-5.25, 25, -0.25],
							"rotation": [-45, 0, 0],
							"uv": {
								"north": {"uv": [111, 1], "uv_size": [24, 1]},
								"east": {"uv": [130, 40], "uv_size": [1, 1]},
								"south": {"uv": [111, 2], "uv_size": [24, 1]},
								"west": {"uv": [130, 41], "uv_size": [1, 1]},
								"up": {"uv": [111, 3], "uv_size": [24, 1]},
								"down": {"uv": [111, 5], "uv_size": [24, -1]}
							}
						},
						{
							"origin": [1.45, 23.5, -1.12132],
							"size": [24.15, 3, 1.49264],
							"uv": {
								"north": {"uv": [82, 22], "uv_size": [24, 3]},
								"east": {"uv": [60, 129], "uv_size": [1, 3]},
								"south": {"uv": [82, 25], "uv_size": [24, 3]},
								"west": {"uv": [61, 129], "uv_size": [1, 3]},
								"up": {"uv": [111, 5], "uv_size": [24, 1]},
								"down": {"uv": [111, 7], "uv_size": [24, -1]}
							}
						}
					]
				},
				{
					"name": "octagon6",
					"parent": "gun",
					"pivot": [-3.39645, 25, -11.00875],
					"rotation": [0, 90, -180],
					"cubes": [
						{
							"origin": [-15.4052, 24.37868, -11.1123],
							"size": [24, 1.24264, 1],
							"pivot": [-22.1552, 25, -11.6123],
							"rotation": [-45, 0, 0],
							"uv": {
								"north": {"uv": [111, 7], "uv_size": [24, 1]},
								"east": {"uv": [42, 130], "uv_size": [1, 1]},
								"south": {"uv": [111, 8], "uv_size": [24, 1]},
								"west": {"uv": [43, 130], "uv_size": [1, 1]},
								"up": {"uv": [111, 43], "uv_size": [24, 1]},
								"down": {"uv": [111, 45], "uv_size": [24, -1]}
							}
						},
						{
							"origin": [-15.425, 24.37868, -11.1123],
							"size": [24, 1.24264, 1],
							"uv": {
								"north": {"uv": [111, 45], "uv_size": [24, 1]},
								"east": {"uv": [45, 130], "uv_size": [1, 1]},
								"south": {"uv": [111, 46], "uv_size": [24, 1]},
								"west": {"uv": [46, 130], "uv_size": [1, 1]},
								"up": {"uv": [111, 47], "uv_size": [24, 1]},
								"down": {"uv": [111, 49], "uv_size": [24, -1]}
							}
						},
						{
							"origin": [-15.4052, 25.5, -12.23362],
							"size": [24, 1, 1.24264],
							"pivot": [-22.1552, 25, -11.6123],
							"rotation": [-45, 0, 0],
							"uv": {
								"north": {"uv": [111, 49], "uv_size": [24, 1]},
								"east": {"uv": [47, 130], "uv_size": [1, 1]},
								"south": {"uv": [111, 50], "uv_size": [24, 1]},
								"west": {"uv": [50, 130], "uv_size": [1, 1]},
								"up": {"uv": [111, 51], "uv_size": [24, 1]},
								"down": {"uv": [111, 53], "uv_size": [24, -1]}
							}
						},
						{
							"origin": [-15.4552, 23.5, -12.48362],
							"size": [24.15, 3, 1.49264],
							"uv": {
								"north": {"uv": [82, 28], "uv_size": [24, 3]},
								"east": {"uv": [62, 129], "uv_size": [1, 3]},
								"south": {"uv": [82, 31], "uv_size": [24, 3]},
								"west": {"uv": [76, 129], "uv_size": [1, 3]},
								"up": {"uv": [111, 53], "uv_size": [24, 1]},
								"down": {"uv": [110, 112], "uv_size": [24, -1]}
							}
						}
					]
				},
				{
					"name": "scope",
					"parent": "gun",
					"pivot": [0, 32.8, -0.55],
					"cubes": [
						{"origin": [-0.5, 32.3, -1.05], "size": [1, 1, 1], "inflate": -0.4, "uv": [252, 0]}
					]
				},
				{
					"name": "lazermuzzleflash",
					"parent": "gun",
					"pivot": [0, 26.25, -74],
					"cubes": [
						{
							"origin": [-0.75, 25.5, -74],
							"size": [1.5, 1.5, 0],
							"uv": {
								"north": {"uv": [255, 5], "uv_size": [-32, 32]},
								"east": {"uv": [255, 5], "uv_size": [-32, 32]},
								"south": {"uv": [255, 5], "uv_size": [-32, 32]},
								"west": {"uv": [255, 5], "uv_size": [-32, 32]},
								"up": {"uv": [223, 37], "uv_size": [32, -32]},
								"down": {"uv": [223, 37], "uv_size": [32, -32]}
							}
						}
					]
				},
				{
					"name": "rightarm",
					"parent": "main",
					"pivot": [-7.43091, 15.46504, 21.08027],
					"rotation": [-79.19803, -14.85621, -2.9494],
					"cubes": [
						{"origin": [-11.34171, -8.65077, 16.97225], "size": [8, 24, 8], "uv": [224, 37]}
					]
				},
				{
					"name": "leftarm",
					"parent": "main",
					"pivot": [15.85118, 18.29781, -9.15172],
					"rotation": [-80.64489, 5.69232, 111.92988],
					"cubes": [
						{"origin": [11.91086, -5.90327, -13.81687], "size": [8, 24, 8], "uv": [224, 37]}
					]
				}
			]
		}
	]
}