{    
    "mag_pick": {
        "sounds": [
          {
             "name": "pointblank:mag_pick",
             "stream": false
            }
        ]
    },
    "movement1": {
        "sounds": [
            {
                "name": "pointblank:movement1",
                "stream": false
            }
        ]
    },
    "movement2": {
        "sounds": [
            {
                "name": "pointblank:movement2",
                "stream": false
            }
        ]
    },
    "movement3": {
        "sounds": [
            {
                "name": "pointblank:movement3",
                "stream": false
            }
        ]
    },
    "emlr_mk7": {
        "sounds": [
            {
                "name": "pointblank:emlr_mk7",
                "stream": false
            }
        ]
    },
    "emlr_mk7_draw": {
        "sounds": [
            {
                "name": "pointblank:emlr_mk7_draw",
                "stream": false
            }
        ]
    },
    "emlr_mk7_draw_beep": {
        "sounds": [
            {
                "name": "pointblank:emlr_mk7_draw_beep",
                "stream": false
            }
        ]
    },
    "emlr_mk7_reload_beep": {
        "sounds": [
            {
                "name": "pointblank:emlr_mk7_reload_beep",
                "stream": false
            }
        ]
    },
    "emlr_mk7_radiator_close": {
        "sounds": [
            {
                "name": "pointblank:emlr_mk7_radiator_close",
                "stream": false
            }
        ]
    },
    "emlr_mk7_radiator_open": {
        "sounds": [
            {
                "name": "pointblank:emlr_mk7_radiator_open",
                "stream": false
            }
        ]
    },
    "amhs_gasoline_pulverizer": {
        "sounds": [
            {
                "name": "pointblank:amhs_gasoline_pulverizer",
                "stream": false
            }
        ]
    },
    "amhs_gasoline_pulverizer_belt_in": {
        "sounds": [
            {
                "name": "pointblank:amhs_gasoline_pulverizer_belt_in",
                "stream": false
            }
        ]
    },
    "amhs_gasoline_pulverizer_belt_out": {
        "sounds": [
            {
                "name": "pointblank:amhs_gasoline_pulverizer_belt_out",
                "stream": false
            }
        ]
    },
    "amhs_gasoline_pulverizer_draw": {
        "sounds": [
            {
                "name": "pointblank:amhs_gasoline_pulverizer_draw",
                "stream": false
            }
        ]
    },
    "rc2_qmg": {
        "sounds": [
            {
                "name": "pointblank:rc2_qmg",
                "stream": false
            }
        ]
    },
    "rc2_qmg_maghit": {
        "sounds": [
            {
                "name": "pointblank:rc2_qmg_maghit",
                "stream": false
            }
        ]
    },
    "rc2_qmg_magin": {
        "sounds": [
            {
                "name": "pointblank:rc2_qmg_magin",
                "stream": false
            }
        ]
    },
    "rc2_qmg_magout": {
        "sounds": [
            {
                "name": "pointblank:rc2_qmg_magout",
                "stream": false
            }
        ]
    },
    "rr-x": {
        "sounds": [
            {
                "name": "pointblank:rr-x",
                "stream": false
            }
        ]
    },
    "rr-x_disp_loaded": {
        "sounds": [
            {
                "name": "pointblank:rr-x_disp_loaded",
                "stream": false
            }
        ]
    },
    "rr-x_disp_unloaded": {
        "sounds": [
            {
                "name": "pointblank:rr-x_disp_unloaded",
                "stream": false
            }
        ]
    },
    "rr-x_disp_loading": {
        "sounds": [
            {
                "name": "pointblank:rr-x_disp_loading",
                "stream": false
            }
        ]
    },
    "rr-x_disp_statcheck": {
        "sounds": [
            {
                "name": "pointblank:rr-x_disp_statcheck",
                "stream": false
            }
        ]
    },
    "rr-x_draw": {
        "sounds": [
            {
                "name": "pointblank:rr-x_draw",
                "stream": false
            }
        ]
    },
    "rr-x_reload_draw": {
        "sounds": [
            {
                "name": "pointblank:rr-x_reload_draw",
                "stream": false
            }
        ]
    },
    "rr-x_akimbo_draw": {
        "sounds": [
            {
                "name": "pointblank:rr-x_akimbo_draw",
                "stream": false
            }
        ]
    },
    "rr-x_inspect": {
        "sounds": [
            {
                "name": "pointblank:rr-x_inspect",
                "stream": false
            }
        ]
    },
    "rr-x_magspin": {
        "sounds": [
            {
                "name": "pointblank:rr-x_magspin",
                "stream": false
            }
        ]
    },
    "rr-x_magin": {
        "sounds": [
            {
                "name": "pointblank:rr-x_magin",
                "stream": false
            }
        ]
    },
    "rr-x_magout": {
        "sounds": [
            {
                "name": "pointblank:rr-x_magout",
                "stream": false
            }
        ]
    },
    "atomic_devourer": {
        "sounds": [
            {
                "name": "pointblank:atomic_devourer",
                "stream": false
            }
        ]
    },
    "atomic_devourer_lever_flick_down": {
        "sounds": [
            {
                "name": "pointblank:atomic_devourer_lever_flick_down",
                "stream": false
            }
        ]
    },
    "atomic_devourer_lever_flick_up": {
        "sounds": [
            {
                "name": "pointblank:atomic_devourer_lever_flick_up",
                "stream": false
            }
        ]
    },
    "atomic_devourer_fizz": {
        "sounds": [
            {
                "name": "pointblank:atomic_devourer_fizz",
                "stream": false
            }
        ]
    },
    "atomic_devourer_radiator_alert": {
        "sounds": [
            {
                "name": "pointblank:atomic_devourer_radiator_alert",
                "stream": false
            }
        ]
    },
    "atomic_devourer_radiator_alert2": {
        "sounds": [
            {
                "name": "pointblank:atomic_devourer_radiator_alert2",
                "stream": false
            }
        ]
    },
    "atomic_devourer_radiator_open": {
        "sounds": [
            {
                "name": "pointblank:atomic_devourer_radiator_open",
                "stream": false
            }
        ]
    },
    "atomic_devourer_radiator_close": {
        "sounds": [
            {
                "name": "pointblank:atomic_devourer_radiator_close",
                "stream": false
            }
        ]
    },
    "atomic_devourer_magin": {
        "sounds": [
            {
                "name": "pointblank:atomic_devourer_magin",
                "stream": false
            }
        ]
    },
    "atomic_devourer_magout": {
        "sounds": [
            {
                "name": "pointblank:atomic_devourer_magout",
                "stream": false
            }
        ]
    },
    "m3k-4": {
        "sounds": [
            {
                "name": "pointblank:m3k-4",
                "stream": false
            }
        ]
    },
    "m3k-4_magout": {
        "sounds": [
            {
                "name": "pointblank:m3k-4_magout",
                "stream": false
            }
        ]
    },
    "m3k-4_magin": {
        "sounds": [
            {
                "name": "pointblank:m3k-4_magin",
                "stream": false
            }
        ]
    },
    "m3k-4_maghit": {
        "sounds": [
            {
                "name": "pointblank:m3k-4_maghit",
                "stream": false
            }
        ]
    },
    "m3k-4_gunhit": {
        "sounds": [
            {
                "name": "pointblank:m3k-4_gunhit",
                "stream": false
            }
        ]
    },
    "rc2_jqmg": {
        "sounds": [
            {
                "name": "pointblank:rc2_jqmg",
                "stream": false
            }
        ]
    },
    "rc2_jqmg_magin": {
        "sounds": [
            {
                "name": "pointblank:rc2_jqmg_magin",
                "stream": false
            }
        ]
    },
    "rc2_jqmg_magout": {
        "sounds": [
            {
                "name": "pointblank:rc2_jqmg_magout",
                "stream": false
            }
        ]
    }
}