{
	"format_version": "1.8.0",
	"animations": {
		"animation.model.inspect": {
			"loop": true,
			"animation_length": 5.6,
			"bones": {
				"leftarm": {
					"rotation": {
						"0.0": [0, 0, 0],
						"0.3333": [0, -5, 0],
						"0.6667": [0, -5, 0],
						"1.0": [0, -5, 0],
						"1.3333": [0, -5, 0],
						"1.4667": [0, -5, 0],
						"1.6667": [5.5, -1.06, 11.18],
						"1.7333": [7.5, 0, 15],
						"2.0": [7.47, 1.04, 14.68],
						"2.3333": [7.41, 2.34, 14.28],
						"2.6667": [7.35, 3.63, 13.87],
						"3.0": [7.28, 4.93, 13.47],
						"3.3333": [7.2, 6.23, 13.05],
						"3.5667": [7.14, 7.14, 12.76],
						"3.6667": [6.71, 6.8, 12.05],
						"4.0": [5.33, 5.62, 9.7],
						"4.3333": [4, 4.4, 7.38],
						"4.6667": [2.72, 3.12, 5.1],
						"5.0": [1.5, 1.79, 2.86],
						"5.3333": [0.34, 0.42, 0.66],
						"5.4333": [0, 0, 0]
					}
				},
				"holo": {
					"position": {
						"0.0": [0, 0, 0],
						"2.1333": [0, 0, 0],
						"2.4": [0, 0, 0],
						"2.5667": [0, 0, 0],
						"3.2": [0, 0, 0]
					},
					"scale": {
						"0.0": [1, 1, 1],
						"2.1333": [1, 1, 1],
						"2.4": [0, 0, 0],
						"2.5667": [0, 0, 0],
						"3.2": [1, 1, 1]
					}
				},
				"indicator": {
					"position": [0, 0, 0],
					"scale": 1
				},
				"main": {
					"rotation": {
						"0.0": [0, 0, 0],
						"0.3333": [-8.42, -13.6, -21.21],
						"0.5333": [-8.4, -20.1, -31.78],
						"0.6667": [-8.78, -20.37, -30.71],
						"0.9333": [-9.56, -20.89, -28.56],
						"1.0": [-9.36, -20.97, -29.1],
						"1.2": [-8.78, -21.22, -30.73],
						"1.3333": [-9.1, -21.09, -29.83],
						"1.4667": [-9.42, -20.95, -28.93],
						"1.6667": [-4.02, -21.09, -43.94],
						"1.7": [-3.12, -20.98, -46.44],
						"1.9": [-4.56, -20.73, -42.44],
						"2.0": [-4.86, -20.92, -41.6],
						"2.1": [-4.58, -20.98, -42.39],
						"2.2333": [-4.01, -21.09, -43.98],
						"2.3333": [-4.29, -21.04, -43.19],
						"2.3667": [-4.39, -21.02, -42.93],
						"2.6667": [-4.21, -21.05, -43.43],
						"2.7": [-4.19, -21.06, -43.49],
						"3.0": [-17.17, -9.71, 10.01],
						"3.2667": [-16.91, 5.38, 54.4],
						"3.3333": [-16.58, 5.48, 55.53],
						"3.6": [-15.23, 5.8, 60.05],
						"3.6667": [-15.36, 5.82, 59.89],
						"3.8333": [-15.71, 5.86, 59.49],
						"3.9667": [-15.94, 7.04, 62.69],
						"4.0": [-15.88, 7.16, 63.12],
						"4.1667": [-15.61, 7.75, 65.23],
						"4.3333": [-15.72, 7.52, 64.42],
						"4.5": [-15.56, 7.84, 65.56],
						"4.6667": [-15.6, 7.76, 65.28],
						"4.7333": [-15.62, 7.73, 65.17],
						"4.9": [-15.98, 6.94, 62.33],
						"5.0": [-13.21, 4.57, 50.05],
						"5.1333": [-8.87, 2.42, 33.56],
						"5.3333": [0, -1.75, -2.75],
						"5.5667": [0, 0, 0]
					},
					"position": {
						"0.0": [0, 0, 0],
						"0.3333": [-0.3, 0.92, -5.44],
						"0.5333": [-0.47, 1.48, -8.7],
						"0.6667": [-0.37, 1.3, -8.34],
						"0.9": [-0.19, 1, -7.7],
						"1.0": [-0.14, 0.91, -7.7],
						"1.2": [-0.03, 0.73, -7.7],
						"1.3333": [-0.01, 0.99, -7.7],
						"1.4": [0, 1.13, -7.7],
						"1.6": [0.13, 1.4, -8.27],
						"1.6667": [0.1, 1.41, -8.23],
						"1.9667": [-0.02, 1.48, -8],
						"2.0": [0, 1.47, -8.03],
						"2.1667": [0.11, 1.43, -8.18],
						"2.3333": [0.17, 1.36, -8.1],
						"2.6333": [0.28, 1.25, -7.97],
						"2.6667": [0.21, 1.01, -8.09],
						"2.8333": [-0.13, -0.19, -8.65],
						"3.0": [-0.34, 0.24, -9.9],
						"3.1667": [-0.55, 0.68, -11.15],
						"3.3333": [-0.45, 5.62, -10.72],
						"3.4": [-0.41, 7.61, -10.54],
						"3.6667": [-0.49, 8.57, -9.63],
						"3.8": [-0.52, 7.55, -9.17],
						"3.9333": [-0.49, 7.57, -9.85],
						"4.0": [-0.48, 7.55, -9.68],
						"4.1667": [-0.45, 7.5, -9.24],
						"4.3333": [-0.52, 7.5, -9.26],
						"4.3667": [-0.53, 7.5, -9.27],
						"4.6333": [-0.49, 7.59, -9.3],
						"4.6667": [-0.5, 7.6, -9.3],
						"4.8667": [-0.55, 7.68, -9.32],
						"5.0": [-0.81, 4.66, -8.23],
						"5.1": [-1, 2.39, -7.41],
						"5.3333": [-0.37, 0.87, -2.69],
						"5.4667": [0, 0, 0]
					}
				},
				"belt2": {
					"rotation": {
						"0.2667": [0, 0, 0],
						"0.5333": [0, 0, -17.5],
						"2.6667": [0, 0, -17.5],
						"3.0667": [0, 0, 0]
					},
					"position": {
						"0.2667": [0, 0, 0],
						"0.5333": [0, -0.5, 0],
						"2.6667": [0, -0.5, 0],
						"3.0667": [0, 0, 0]
					}
				},
				"belt3": {
					"rotation": {
						"0.2667": [0, 0, 0],
						"0.5333": [0, 0, 27.5],
						"2.6667": [0, 0, 27.5],
						"3.0667": [0, 0, 0]
					},
					"position": {
						"0.2667": [0, 0, 0],
						"0.5333": [0.25, 0.25, 0],
						"2.6667": [0.25, 0.25, 0],
						"3.0667": [0, 0, 0]
					}
				},
				"belt4": {
					"rotation": {
						"0.0": [0, 0, 0],
						"0.5333": [0, 0, -10],
						"2.6667": [0, 0, -10],
						"3.0667": [0, 0, 0]
					}
				},
				"magazine2": {
					"scale": 0
				}
			}
		},
		"animation.model.draw": {
			"loop": true,
			"animation_length": 1.25,
			"bones": {
				"leftarm": {
					"rotation": {
						"0.0": [0, 0, 0],
						"0.3": [0.29, 0, -6.5],
						"0.35": [0.32, 0, -7.15],
						"0.7": [0.13, 0, -2.86],
						"1.0": [0, 0, 0]
					},
					"position": {
						"0.0": [0, 0, 0],
						"0.3": [1.05, 1.08, 1.65],
						"0.35": [1.15, 1.19, 1.82],
						"0.7": [0.46, 0.48, 0.73],
						"1.0": [0, 0, 0]
					}
				},
				"holo": {
					"position": {
						"0.0": [0, 0, 0],
						"0.4": [0, -2, 0],
						"0.7": [0, 0, 0]
					},
					"scale": {
						"0.4": [1, 0, 1],
						"0.45": [1.0251, 0.14064, 0.97742],
						"0.5": [1.04265, 0.5766, 0.93358],
						"0.55": [1, 0.78563, 0.93546],
						"0.6": [0.95735, 0.89701, 0.95168],
						"0.65": [0.9749, 0.96232, 0.97408],
						"0.7": [1, 1, 1]
					}
				},
				"indicator": {
					"position": {
						"0.0": [0, -1.25, 2],
						"0.3": [0, 0, 0]
					},
					"scale": {
						"0.05": [1, 1, 0],
						"0.1": [0.99441, 0.99441, 0.15582],
						"0.15": [0.98448, 0.98448, 0.54464],
						"0.2": [0.98289, 0.98289, 0.7423],
						"0.25": [0.98434, 0.98434, 0.85411],
						"0.3": [0.98722, 0.98722, 0.92295],
						"0.35": [0.99096, 0.99096, 0.96532],
						"0.4": [0.99527, 0.99527, 0.98943],
						"0.45": [1, 1, 1]
					}
				},
				"main": {
					"rotation": {
						"0.0": [18.22, -8.32, 15.99],
						"0.3": [-27.42, -5.03, 7.78],
						"0.35": [-31.99, -5.08, 6.87],
						"0.55": [-11.43, -2.12, -0.12],
						"0.75": [2.5, 0, 0],
						"1.1": [0, 0, 0]
					},
					"position": {
						"0.0": [-3, -17.3, 0],
						"0.2": [-0.4, -2.52, -1.62],
						"0.3": [-0.33, -2.05, -1.79],
						"0.45": [-0.05, 0, -2.49],
						"0.55": [-0.01, 0, -0.55],
						"0.65": [0, 0, 0],
						"0.75": [0, 0, 3],
						"1.1": [0, 0, 0]
					}
				},
				"shockwavechamber": {
					"rotation": {
						"0.0": [0, 0, 0],
						"0.2": [0, 0, -360],
						"0.5": [0, 0, -450],
						"0.7": [0, 0, -679],
						"0.85": [0, 0, -692],
						"0.95": [0, 0, -708.5],
						"1.1": [0, 0, -720]
					}
				}
			}
		},
		"animation.model.fire": {
			"loop": true,
			"animation_length": 0.25,
			"bones": {
				"main": {
					"rotation": {
						"0.0": [0, 0, 0],
						"0.0625": [-10, 0, 0],
						"0.25": [0, 0, 0]
					}
				},
				"leftarm": {
					"rotation": {
						"0.0": [0, 0, 0],
						"0.0625": [0, 0, -7.5],
						"0.25": [0, 0, 0]
					},
					"position": {
						"0.0": [0, 0, 0],
						"0.0625": [0, 1, 0],
						"0.25": [0, 0, 0]
					}
				},
				"magazine": {
					"scale": {
						"0.0": [0, 0, 0],
						"0.25": [0, 0, 0]
					}
				},
				"belt": {
					"rotation": {
						"0.0": [0, 0, 0],
						"0.0625": [0, 0, -7.5]
					}
				},
				"shockwavechamber": {
					"rotation": {
						"0.0": [0, 0, 0],
						"0.0625": [0, 0, -180],
						"0.125": [0, 0, -300],
						"0.25": [0, 0, -360]
					}
				},
				"belt5": {
					"rotation": {
						"0.0": [0, 0, 0],
						"0.125": [0, 0, -7.5]
					},
					"position": {
						"0.0": [0, 0, 0],
						"0.125": [0.13, -0.37, 0]
					}
				},
				"belt6": {
					"rotation": {
						"0.0": [0, 0, 0],
						"0.125": [0, 0, -20]
					},
					"position": {
						"0.0": [0, 0, 0],
						"0.125": [0.13, -0.12, 0]
					}
				},
				"belt7": {
					"rotation": {
						"0.0": [0, 0, 0],
						"0.125": [0, 0, -7.5]
					},
					"position": {
						"0.0": [0, 0, 0],
						"0.125": [0.13, 0.38, 0]
					}
				},
				"belt9": {
					"rotation": [0, 0, 0],
					"position": {
						"0.0": [0, 0, 0],
						"0.125": [0, 2.75, 0]
					}
				},
				"trigger": {
					"rotation": {
						"0.0": [2.5, 0, 0],
						"0.25": [2.5, 0, 0]
					}
				}
			}
		},
		"animation.model.reload": {
			"loop": true,
			"animation_length": 7.5,
			"bones": {
				"leftarm": {
					"rotation": {
						"0.0": [0, 0, 0],
						"0.2667": [0, 0, 0],
						"0.5": [0, 0, 0],
						"0.7667": [0, 0, 0],
						"1.0": [0, 0, 0],
						"1.2": [7.91, 11.53, -1.92],
						"1.3": [11.93, 17.36, -2.29],
						"1.3333": [14.75014, 17.80281, 0.38625],
						"1.3667": [12.44, 15.98, -10.26],
						"1.4667": [13.78, 17.36, -2.29],
						"1.5333": [25.39, 17.36, -2.29],
						"1.7": [54.43, 17.36, -2.29],
						"1.9333": [51.93, 17.36, -2.29],
						"2.0": [48.73, 19.09, -0.26],
						"2.1667": [32.95, 29.1, 8.58],
						"2.2333": [26.61, 33.63, 11.41],
						"2.5": [26.61, 33.63, 11.41],
						"2.6333": [33.13472, 33.05433, 17.80195],
						"2.7333": [34.52, 33.12, 17.13],
						"2.9667": [47.02, 33.68, 11.07],
						"3.0667": [58.68, 33.71, 10.87],
						"3.3333": [62.47, 55.86, 46.49],
						"3.6": [40.74, 58.28, 36.08],
						"3.7333": [41.99, 58.28, 36.08],
						"3.8667": [43.24, 58.28, 36.08],
						"4.1667": [36.48, 62.28, 21.11],
						"4.3333": [30.82, 64.17, 10.81],
						"4.5667": [28.08, 46.73, 7.71],
						"4.9333": [27.73, 41.74, 7.25],
						"5.0": [28.96, 38.4, 7.24],
						"5.2": [34.47, 21.76, 6.01],
						"5.4": [32.08, 17.64, 5.31],
						"5.4333": [31.62, 16.82, 5.2],
						"5.8333": [4.7, 11.12, -15.18],
						"5.9": [8.75, 14.96, -2.62],
						"6.0": [7.01, 13.52, -7.71],
						"6.0667": [4.7, 11.12, -15.18],
						"6.2": [5.66, 6.25, -6.08],
						"6.2333": [0.56, 6.12, -5.99],
						"6.3667": [-14.74, 5.8, -5.65],
						"6.5333": [-25.29, 5.04, -4.9],
						"6.6667": [-14.36, 3.14, -2.52],
						"6.7333": [0, 0, 0],
						"7.0": [0, 0, 0],
						"7.1333": [0, 0, 0],
						"7.2667": [0, 0, 0],
						"7.5": [0, 0, 0]
					},
					"position": {
						"0.0": [0, 0, 0],
						"0.2667": [0, 0, 0],
						"0.5": [0, 0, 0],
						"0.7667": [0, 0, 0],
						"1.0": [0, 0, 0],
						"1.2": [0, 0, 4],
						"1.3": [0, 0, 6],
						"1.5333": [0, -0.17, 6],
						"1.7": [0, -1.89, 6],
						"2.0": [0, -5.11, 6],
						"2.1667": [0, -5.98, 6],
						"2.2333": [0, -6, 6],
						"2.5": [0, -6, 6],
						"2.6333": [0, -6, 6],
						"2.7333": [-0.12, -6.13, 6.83],
						"2.9667": [-1.2, -7.27, 14.31],
						"3.0667": [-1.89, -8, 19.06],
						"3.6": [8.92, -6.38, 27.92],
						"3.7333": [8.92, -6.38, 27.92],
						"3.8667": [8.92, -6.38, 27.92],
						"4.1667": [6.32, -6.85, 20.07],
						"4.5667": [2.6, -7.53, 8.85],
						"4.8667": [0, -8, 1],
						"4.9333": [0, -8, 1],
						"5.0": [0, -7.33, 2],
						"5.2": [0, -4, 7],
						"5.4": [1.67, -4, 7],
						"5.4333": [2, -4, 7],
						"5.8333": [2, -4, 7],
						"6.2": [2, -4, 7],
						"6.2333": [2.46, -3.93, 7.62],
						"6.3667": [3.86, -3.72, 9.5],
						"6.5333": [1.35, -3.23, 8.24],
						"6.6667": [1.1, -2.64, 6.73],
						"6.7333": [0, 0, 0],
						"7.0": [0, 0, 0],
						"7.1333": [0, 0, 0],
						"7.2667": [0, 0, 0],
						"7.5": [0, 0, 0]
					}
				},
				"main": {
					"rotation": {
						"0.0": [0, 0, 0],
						"0.2667": [-19.57, 7.33, 13.02],
						"0.5": [-37.68, 18.47, 23.22],
						"0.5333": [-39.43, 19.74, 24.06],
						"0.6667": [-38.43, 19.74, 23.06],
						"0.7667": [-38.45, 19.74, 23.06],
						"1.1333": [-38.45, 19.74, 23.06],
						"1.2": [-37.29, 18.01, 20.47],
						"1.3333": [-35.42, 15.5, 16.57],
						"1.5333": [-34.25, 13.54, 13.87],
						"1.5667": [-33.72, 12.71, 12.71],
						"1.6667": [-37.97, 4.99, 2.33],
						"1.7": [-38.42, 4.13, 1.19],
						"2.0": [-40.73, -1.14, -5.47],
						"2.0667": [-40.73, -1.14, -5.47],
						"2.1667": [-38.7, 1.53, -2.39],
						"2.2": [-38.17, 2.18, -1.6],
						"2.5": [-39.71, 1.26, -2.79],
						"2.6333": [-40.72, 0.63, -3.57],
						"2.7333": [-40.96, 0.39, -3.87],
						"2.9667": [-50.58, -1.76, -6.53],
						"3.0667": [-48, -3.12, -8.22],
						"3.2333": [-44.97, -6.83, -12.91],
						"3.3333": [-44.6, -6.33, -12.17],
						"3.7": [-41.81, -6.06, -11.74],
						"3.7333": [-41.46, -6.28, -11.43],
						"4.0": [-39.4, -7.61, -9.63],
						"4.1667": [-39.46, -7.25, -9.15],
						"4.5667": [-39.6, -6.37, -7.97],
						"4.7": [-37.14, -6.1, -7.62],
						"4.9333": [-44.31, -15.99, -17.07],
						"5.0": [-44.17, -15.43, -16.52],
						"5.4": [-34.9, -9.88, -10.94],
						"5.6": [-39.80942, -7.41058, -8.31364],
						"5.8333": [-40.12, -4.53, -5.25],
						"5.8667": [-39.86, -4.01, -4.68],
						"6.1": [-38.98, -4.07, -5.19],
						"6.2333": [-38.9, -0.54, -1.45],
						"6.6667": [-36.95, 11.04, 11.23],
						"6.7333": [-35.42, 15.5, 16.57],
						"7.0": [-28.57, 11.64, 14.02],
						"7.1333": [-16.94, 5.95, 8.87],
						"7.2667": [10.07, 1.43, 2.7],
						"7.5": [0, 0, 0]
					},
					"position": {
						"0.0": [0, 0, 0],
						"0.2667": [0, 0, 0],
						"0.5": [0, 0, 0],
						"0.7667": [0, 0, 0],
						"1.2": [0, 0, 0],
						"1.5333": [0, 0, 0],
						"1.7": [0, 0, 0],
						"2.0": [0, 0, 0],
						"2.1667": [0, 0, 0],
						"2.5": [0, 0, 0],
						"2.9667": [0, 0, 0],
						"3.0667": [0, 0, 0],
						"3.3333": [0, 0, 0],
						"3.7333": [0, 0, 0],
						"4.1667": [0, 0, 0],
						"4.5667": [0, 0, 0],
						"5.0": [0, 0, 0],
						"5.4": [0, 0, 0],
						"5.8333": [0, 0, 0],
						"6.2333": [0, 0, 0],
						"6.6667": [0, 0, 0],
						"7.0": [0, 0, 0],
						"7.1333": [0, 0, 0],
						"7.2667": [0, -2, 0],
						"7.5": [0, 0, 0]
					}
				},
				"magazine": {
					"rotation": {
						"0.0": [0, 0, 0],
						"0.2667": [0, 0, 0],
						"0.5": [0, 0, 0],
						"0.7667": [0, 0, 0],
						"1.2": [0, 0, 0],
						"1.5333": [0, 0, 0],
						"1.7": [0, 0, 0],
						"2.0": [0, 0, 0],
						"2.1667": [0, 0, 0],
						"2.5": [0, 0, 0],
						"2.6333": [0, 0, 17.5],
						"2.7333": [-0.12, -1.33, 16.26],
						"2.9667": [-1.1858, -13.30822, 5.13834],
						"3.0667": [-1.91617, -20.91633, 5.35373],
						"3.2333": [0, -70, 0],
						"3.3333": [5.06, -54.06, 1.5],
						"3.7333": [0, -27.5, 0],
						"3.7667": [10, -70, 0],
						"4.0667": [0, 0, 0],
						"4.1667": [0, 0, 0],
						"4.3333": [0, 0, 0],
						"4.5667": [0, -7.5, 0],
						"4.8333": [0, 0, 0],
						"5.0": [0, 0, 0],
						"5.4": [0, 0, 0],
						"5.8333": [0, 0, 0],
						"6.2333": [0, 0, 0],
						"6.6667": [0, 0, 0],
						"7.0": [0, 0, 0],
						"7.1333": [0, 0, 0],
						"7.2667": [0, 0, 0],
						"7.5": [0, 0, 0]
					},
					"position": {
						"0.0": [0, 0, 0],
						"0.2667": [0, 0, 0],
						"0.5": [0, 0, 0],
						"0.7667": [0, 0, 0],
						"1.2": [0, 0, 0],
						"1.5333": [0, 0, 0],
						"1.7": [0, 0, 0],
						"2.0": [0, 0, 0],
						"2.1667": [0, 0, 0],
						"2.5": [0, 0, 0],
						"2.6333": [1, -1, 0],
						"2.7333": [1.89, -0.9, 1.11],
						"2.9667": [9.9, 0, 11.1],
						"3.0667": [15.56, 0, 17.44],
						"3.2333": [51.87, 0, 58.14],
						"3.3333": [37.33, 0, 76.03],
						"3.7333": [28.07, 0, 60.14],
						"3.7667": [24, 0, 48],
						"4.0667": [14, 0, 26],
						"4.1667": [14, 0, 22.67],
						"4.3333": [14, 0, 16],
						"4.5667": [11, 0, 7],
						"4.8333": [0, -2, 0],
						"4.9333": [0, 0, 0],
						"5.0": [0, 0, 0],
						"5.4": [0, 0, 0],
						"5.8333": [0, 0, 0],
						"6.2333": [0, 0, 0],
						"6.6667": [0, 0, 0],
						"7.0": [0, 0, 0],
						"7.1333": [0, 0, 0],
						"7.2667": [0, 0, 0],
						"7.5": [0, 0, 0]
					},
					"scale": {
						"0.0": [1, 1, 1],
						"0.2667": [1, 1, 1],
						"0.5": [1, 1, 1],
						"0.7667": [1, 1, 1],
						"1.2": [1, 1, 1],
						"1.5333": [1, 1, 1],
						"1.7": [1, 1, 1],
						"2.0": [1, 1, 1],
						"2.1667": [1, 1, 1],
						"2.5": [1, 1, 1],
						"3.0667": [1, 1, 1],
						"3.3333": [1, 1, 1],
						"3.7333": [1, 1, 1],
						"3.7667": [0, 0, 0],
						"4.1667": [0.6923, 0.6923, 0.6923],
						"4.3333": [1, 1, 1],
						"4.5667": [1, 1, 1],
						"5.0": [1, 1, 1],
						"5.4": [1, 1, 1],
						"5.8333": [1, 1, 1],
						"6.2333": [1, 1, 1],
						"6.6667": [1, 1, 1],
						"7.0": [1, 1, 1],
						"7.1333": [1, 1, 1],
						"7.2667": [1, 1, 1],
						"7.5": [1, 1, 1]
					}
				},
				"belt": {
					"rotation": {
						"0.0": [0, 0, 0],
						"0.2667": [0, 0, 0],
						"0.5": [0, 0, 0],
						"0.7667": [0, 0, 0],
						"1.2": [0, 0, 0],
						"1.3667": [0, 0, 0],
						"1.5333": [0, 0, 15.94],
						"1.7": [0, 0, 42.5],
						"2.0": [0, 0, 42.5],
						"2.1667": [0, 0, 42.5],
						"2.5": [0, 0, 42.5],
						"2.9": [0, 0, 42.5],
						"3.3333": [0, 0, 42.5],
						"3.7333": [0, 0, 42.5],
						"4.1667": [0, 0, 42.5],
						"4.5667": [0, 0, 42.5],
						"5.0": [0, 0, 42.5],
						"5.2": [0, 0, 42.5],
						"5.4": [0, 0, 28.33],
						"5.8333": [0, 0, 0],
						"6.2333": [0, 0, 0],
						"6.6667": [0, 0, 0],
						"7.0": [0, 0, 0],
						"7.1333": [0, 0, 0],
						"7.2667": [0, 0, 0],
						"7.5": [0, 0, 0]
					},
					"position": {
						"0.0": [0, 0, 0],
						"0.2667": [0, 0, 0],
						"0.5": [0, 0, 0],
						"0.7667": [0, 0, 0],
						"1.2": [0, 0, 0],
						"1.3667": [0, 0, 0],
						"1.5333": [-0.07, 0, 0],
						"1.6": [-0.11, 0, 0],
						"1.7": [1, 0, 0],
						"2.0": [1, 0, 0],
						"2.1667": [1, 0, 0],
						"2.5": [1, 0, 0],
						"2.9": [1, 0, 0],
						"3.3333": [1, 0, 0],
						"3.7333": [1, 0, 0],
						"4.1667": [1, 0, 0],
						"4.5667": [1, 0, 0],
						"5.0": [1, 0, 0],
						"5.2": [1, 0, 0],
						"5.4": [0.07, 0, 0],
						"5.4333": [-0.11, 0, 0],
						"5.8333": [0, 0, 0],
						"6.2333": [0, 0, 0],
						"6.6667": [0, 0, 0],
						"7.0": [0, 0, 0],
						"7.1333": [0, 0, 0],
						"7.2667": [0, 0, 0],
						"7.5": [0, 0, 0]
					}
				},
				"belt2": {
					"rotation": {
						"0.0": [0, 0, 0],
						"0.2667": [0, 0, 0],
						"0.5": [0, 0, 0],
						"0.7667": [0, 0, 0],
						"1.2": [0, 0, 0],
						"1.3667": [0, 0, 0],
						"1.5333": [0, 0, 21],
						"1.6": [0, 0, 35],
						"1.7": [0, 0, 52.5],
						"2.0": [0, 0, 52.5],
						"2.1667": [0, 0, 52.5],
						"2.5": [0, 0, 52.5],
						"2.9": [0, 0, 52.5],
						"3.3333": [0, 0, 52.5],
						"3.7333": [0, 0, 52.5],
						"4.1667": [0, 0, 52.5],
						"4.5667": [0, 0, 52.5],
						"5.0": [0, 0, 52.5],
						"5.2": [0, 0, 52.5],
						"5.4": [0, 0, 37.92],
						"5.4333": [0, 0, 35],
						"5.8333": [0, 0, 0],
						"6.2333": [0, 0, 0],
						"6.6667": [0, 0, 0],
						"7.0": [0, 0, 0],
						"7.1333": [0, 0, 0],
						"7.2667": [0, 0, 0],
						"7.5": [0, 0, 0]
					},
					"position": {
						"0.0": [0, 0, 0],
						"0.2667": [0, 0, 0],
						"0.5": [0, 0, 0],
						"0.7667": [0, 0, 0],
						"1.2": [0, 0, 0],
						"1.3667": [0, 0, 0],
						"1.5333": [0.01, 0.01, 0],
						"1.7": [0.75, 0.75, 0],
						"2.0": [0.75, 0.75, 0],
						"2.1667": [0.75, 0.75, 0],
						"2.5": [0.75, 0.75, 0],
						"2.9": [0.75, 0.75, 0],
						"3.3333": [0.75, 0.75, 0],
						"3.7333": [0.75, 0.75, 0],
						"4.1667": [0.75, 0.75, 0],
						"4.5667": [0.75, 0.75, 0],
						"5.0": [0.75, 0.75, 0],
						"5.2": [0.75, 0.75, 0],
						"5.4": [0.5, 0.5, 0],
						"5.8333": [0, 0, 0],
						"6.2333": [0, 0, 0],
						"6.6667": [0, 0, 0],
						"7.0": [0, 0, 0],
						"7.1333": [0, 0, 0],
						"7.2667": [0, 0, 0],
						"7.5": [0, 0, 0]
					}
				},
				"belt3": {
					"rotation": {
						"0.0": [0, 0, 0],
						"0.2667": [0, 0, 0],
						"0.5": [0, 0, 0],
						"0.7667": [0, 0, 0],
						"1.2": [0, 0, 0],
						"1.3667": [0, 0, 0],
						"1.5333": [0, 0, 21],
						"1.6": [0, 0, 35],
						"1.7": [0, 0, 60],
						"2.0": [0, 0, 60],
						"2.1667": [0, 0, 60],
						"2.5": [0, 0, 60],
						"2.9": [0, 0, 60],
						"3.3333": [0, 0, 60],
						"3.7333": [0, 0, 60],
						"4.1667": [0, 0, 60],
						"4.5667": [0, 0, 60],
						"5.0": [0, 0, 60],
						"5.2": [0, 0, 60],
						"5.4": [0, 0, 39.17],
						"5.4333": [0, 0, 35],
						"5.8333": [0, 0, 0],
						"6.2333": [0, 0, 0],
						"6.6667": [0, 0, 0],
						"7.0": [0, 0, 0],
						"7.1333": [0, 0, 0],
						"7.2667": [0, 0, 0],
						"7.5": [0, 0, 0]
					},
					"position": {
						"0.0": [0, 0, 0],
						"0.2667": [0, 0, 0],
						"0.5": [0, 0, 0],
						"0.7667": [0, 0, 0],
						"1.2": [0, 0, 0],
						"1.3667": [0, 0, 0],
						"1.5333": [0.02, 0.02, 0],
						"1.7": [1, 1, 0],
						"2.0": [1, 1, 0],
						"2.1667": [1, 1, 0],
						"2.5": [1, 1, 0],
						"2.9": [1, 1, 0],
						"3.3333": [1, 1, 0],
						"3.7333": [1, 1, 0],
						"4.1667": [1, 1, 0],
						"4.5667": [1, 1, 0],
						"5.0": [1, 1, 0],
						"5.2": [1, 1, 0],
						"5.4": [0.67, 0.67, 0],
						"5.8333": [0, 0, 0],
						"6.2333": [0, 0, 0],
						"6.6667": [0, 0, 0],
						"7.0": [0, 0, 0],
						"7.1333": [0, 0, 0],
						"7.2667": [0, 0, 0],
						"7.5": [0, 0, 0]
					}
				},
				"belt4": {
					"rotation": {
						"0.0": [0, 0, 0],
						"0.2667": [0, 0, 0],
						"0.5": [0, 0, 0],
						"0.7667": [0, 0, 0],
						"1.2": [0, 0, 0],
						"1.3667": [0, 0, 0],
						"1.5333": [0, 0, 9],
						"1.6": [0, 0, 15],
						"1.7": [0, 0, 67.5],
						"2.0": [0, 0, 67.5],
						"2.1667": [0, 0, 67.5],
						"2.5": [0, 0, 67.5],
						"2.9": [0, 0, 67.5],
						"3.3333": [0, 0, 67.5],
						"3.7333": [0, 0, 67.5],
						"4.1667": [0, 0, 67.5],
						"4.5667": [0, 0, 67.5],
						"5.0": [0, 0, 67.5],
						"5.2": [0, 0, 67.5],
						"5.4": [0, 0, 23.75],
						"5.4333": [0, 0, 15],
						"5.8333": [0, 0, 0],
						"6.2333": [0, 0, 0],
						"6.6667": [0, 0, 0],
						"7.0": [0, 0, 0],
						"7.1333": [0, 0, 0],
						"7.2667": [0, 0, 0],
						"7.5": [0, 0, 0]
					},
					"position": {
						"0.0": [0, 0, 0],
						"0.2667": [0, 0, 0],
						"0.5": [0, 0, 0],
						"0.7667": [0, 0, 0],
						"1.2": [0, 0, 0],
						"1.3667": [0, 0, 0],
						"1.5333": [0.02, 0.01, 0],
						"1.7": [1.25, 0.75, 0],
						"2.0": [1.25, 0.75, 0],
						"2.1667": [1.25, 0.75, 0],
						"2.5": [1.25, 0.75, 0],
						"2.9": [1.25, 0.75, 0],
						"3.3333": [1.25, 0.75, 0],
						"3.7333": [1.25, 0.75, 0],
						"4.1667": [1.25, 0.75, 0],
						"4.5667": [1.25, 0.75, 0],
						"5.0": [1.25, 0.75, 0],
						"5.2": [1.25, 0.75, 0],
						"5.4": [0.83, 0.5, 0],
						"5.8333": [0, 0, 0],
						"6.2333": [0, 0, 0],
						"6.6667": [0, 0, 0],
						"7.0": [0, 0, 0],
						"7.1333": [0, 0, 0],
						"7.2667": [0, 0, 0],
						"7.5": [0, 0, 0]
					}
				},
				"shockwavechamber": {
					"rotation": {
						"0.0": [0, 0, 0],
						"0.2667": [0, 0, 0],
						"0.5": [0, 0, 0],
						"0.7667": [0, 0, 0],
						"1.2": [0, 0, 0],
						"1.5333": [0, 0, 0],
						"1.7": [0, 0, 0],
						"2.0": [0, 0, 0],
						"2.1667": [0, 0, 0],
						"2.5": [0, 0, 0],
						"2.9": [0, 0, 0],
						"3.3333": [0, 0, 0],
						"3.7333": [0, 0, 0],
						"4.1667": [0, 0, 0],
						"4.5667": [0, 0, 0],
						"5.0": [0, 0, 0],
						"5.4": [0, 0, 0],
						"5.8333": [0, 0, 0],
						"6.2333": [0, 0, 0],
						"6.3667": [0, 0, 0],
						"6.6667": [0, 0, 0],
						"7.0": [0, 0, -360]
					}
				},
				"magazine2": {
					"scale": 0
				}
			},
			"sound_effects": {
				"0.0": {
					"effect": "movement1"
				},
				"1.2667": {
					"effect": "movement1"
				},
				"1.3667": {
					"effect": "lmg_bulletchain"
				},
				"2.2333": {
					"effect": "lmg_magout"
				},
				"2.5667": {
					"effect": "movement2"
				},
				"4.4333": {
					"effect": "lmg_magin"
				},
				"4.5": {
					"effect": "movement1"
				},
				"5.0667": {
					"effect": "lmg_bulletchain"
				},
				"5.6": {
					"effect": "movement3"
				}
			}
		},
		"animation.model.reloadempty": {
			"loop": true,
			"animation_length": 7.5,
			"bones": {
				"leftarm": {
					"rotation": {
						"0.0": [0, 0, 0],
						"0.2667": [0, 0, 0],
						"0.5": [0, 0, 0],
						"0.7667": [0, 0, 0],
						"1.0": [0, 0, 0],
						"1.2": [7.91, 11.53, -1.92],
						"1.3": [11.93, 17.36, -2.29],
						"1.3333": [14.75014, 17.80281, 0.38625],
						"1.3667": [12.44, 15.98, -10.26],
						"1.4667": [13.78, 17.36, -2.29],
						"1.5333": [25.39, 17.36, -2.29],
						"1.7": [54.43, 17.36, -2.29],
						"1.9333": [51.93, 17.36, -2.29],
						"2.0": [48.73, 19.09, -0.26],
						"2.1667": [32.95, 29.1, 8.58],
						"2.2333": [26.61, 33.63, 11.41],
						"2.5": [26.61, 33.63, 11.41],
						"2.6333": [33.13472, 33.05433, 17.80195],
						"2.7333": [34.52, 33.12, 17.13],
						"2.9667": [47.02, 33.68, 11.07],
						"3.0667": [58.68, 33.71, 10.87],
						"3.3333": [62.47, 55.86, 46.49],
						"3.6": [40.74, 58.28, 36.08],
						"3.7333": [41.99, 58.28, 36.08],
						"3.8667": [43.24, 58.28, 36.08],
						"4.1667": [36.48, 62.28, 21.11],
						"4.3333": [30.82, 64.17, 10.81],
						"4.5667": [28.08, 46.73, 7.71],
						"4.9333": [27.73, 41.74, 7.25],
						"5.0": [28.96, 38.4, 7.24],
						"5.2": [34.47, 21.76, 6.01],
						"5.4": [32.08, 17.64, 5.31],
						"5.4333": [31.62, 16.82, 5.2],
						"5.8333": [4.7, 11.12, -15.18],
						"5.9": [8.75, 14.96, -2.62],
						"6.0": [7.01, 13.52, -7.71],
						"6.0667": [4.7, 11.12, -15.18],
						"6.2": [5.66, 6.25, -6.08],
						"6.2333": [0.56, 6.12, -5.99],
						"6.3667": [-14.74, 5.8, -5.65],
						"6.5333": [-25.29, 5.04, -4.9],
						"6.6667": [-14.36, 3.14, -2.52],
						"6.7333": [0, 0, 0],
						"7.0": [0, 0, 0],
						"7.1333": [0, 0, 0],
						"7.2667": [0, 0, 0],
						"7.5": [0, 0, 0]
					},
					"position": {
						"0.0": [0, 0, 0],
						"0.2667": [0, 0, 0],
						"0.5": [0, 0, 0],
						"0.7667": [0, 0, 0],
						"1.0": [0, 0, 0],
						"1.2": [0, 0, 4],
						"1.3": [0, 0, 6],
						"1.5333": [0, -0.17, 6],
						"1.7": [0, -1.89, 6],
						"2.0": [0, -5.11, 6],
						"2.1667": [0, -5.98, 6],
						"2.2333": [0, -6, 6],
						"2.5": [0, -6, 6],
						"2.6333": [0, -6, 6],
						"2.7333": [-0.12, -6.13, 6.83],
						"2.9667": [-1.2, -7.27, 14.31],
						"3.0667": [-1.89, -8, 19.06],
						"3.6": [8.92, -6.38, 27.92],
						"3.7333": [8.92, -6.38, 27.92],
						"3.8667": [8.92, -6.38, 27.92],
						"4.1667": [6.32, -6.85, 20.07],
						"4.5667": [2.6, -7.53, 8.85],
						"4.8667": [0, -8, 1],
						"4.9333": [0, -8, 1],
						"5.0": [0, -7.33, 2],
						"5.2": [0, -4, 7],
						"5.4": [1.67, -4, 7],
						"5.4333": [2, -4, 7],
						"5.8333": [2, -4, 7],
						"6.2": [2, -4, 7],
						"6.2333": [2.46, -3.93, 7.62],
						"6.3667": [3.86, -3.72, 9.5],
						"6.5333": [1.35, -3.23, 8.24],
						"6.6667": [1.1, -2.64, 6.73],
						"6.7333": [0, 0, 0],
						"7.0": [0, 0, 0],
						"7.1333": [0, 0, 0],
						"7.2667": [0, 0, 0],
						"7.5": [0, 0, 0]
					}
				},
				"main": {
					"rotation": {
						"0.0": [0, 0, 0],
						"0.2667": [-19.57, 7.33, 13.02],
						"0.5": [-37.68, 18.47, 23.22],
						"0.5333": [-39.43, 19.74, 24.06],
						"0.6667": [-38.43, 19.74, 23.06],
						"0.7667": [-38.45, 19.74, 23.06],
						"1.1333": [-38.45, 19.74, 23.06],
						"1.2": [-37.29, 18.01, 20.47],
						"1.3333": [-35.42, 15.5, 16.57],
						"1.5333": [-34.25, 13.54, 13.87],
						"1.5667": [-33.72, 12.71, 12.71],
						"1.6667": [-37.97, 4.99, 2.33],
						"1.7": [-38.42, 4.13, 1.19],
						"2.0": [-40.73, -1.14, -5.47],
						"2.0667": [-40.73, -1.14, -5.47],
						"2.1667": [-38.7, 1.53, -2.39],
						"2.2": [-38.17, 2.18, -1.6],
						"2.5": [-39.71, 1.26, -2.79],
						"2.6333": [-40.72, 0.63, -3.57],
						"2.7333": [-40.96, 0.39, -3.87],
						"2.9667": [-50.58, -1.76, -6.53],
						"3.0667": [-48, -3.12, -8.22],
						"3.2333": [-44.97, -6.83, -12.91],
						"3.3333": [-44.6, -6.33, -12.17],
						"3.7": [-41.81, -6.06, -11.74],
						"3.7333": [-41.46, -6.28, -11.43],
						"4.0": [-39.4, -7.61, -9.63],
						"4.1667": [-39.46, -7.25, -9.15],
						"4.5667": [-39.6, -6.37, -7.97],
						"4.7": [-37.14, -6.1, -7.62],
						"4.9333": [-44.31, -15.99, -17.07],
						"5.0": [-44.17, -15.43, -16.52],
						"5.4": [-34.9, -9.88, -10.94],
						"5.6": [-39.80942, -7.41058, -8.31364],
						"5.8333": [-40.12, -4.53, -5.25],
						"5.8667": [-39.86, -4.01, -4.68],
						"6.1": [-38.98, -4.07, -5.19],
						"6.2333": [-38.9, -0.54, -1.45],
						"6.6667": [-36.95, 11.04, 11.23],
						"6.7333": [-35.42, 15.5, 16.57],
						"7.0": [-28.57, 11.64, 14.02],
						"7.1333": [-16.94, 5.95, 8.87],
						"7.2667": [10.07, 1.43, 2.7],
						"7.5": [0, 0, 0]
					},
					"position": {
						"0.0": [0, 0, 0],
						"0.2667": [0, 0, 0],
						"0.5": [0, 0, 0],
						"0.7667": [0, 0, 0],
						"1.2": [0, 0, 0],
						"1.5333": [0, 0, 0],
						"1.7": [0, 0, 0],
						"2.0": [0, 0, 0],
						"2.1667": [0, 0, 0],
						"2.5": [0, 0, 0],
						"2.9667": [0, 0, 0],
						"3.0667": [0, 0, 0],
						"3.3333": [0, 0, 0],
						"3.7333": [0, 0, 0],
						"4.1667": [0, 0, 0],
						"4.5667": [0, 0, 0],
						"5.0": [0, 0, 0],
						"5.4": [0, 0, 0],
						"5.8333": [0, 0, 0],
						"6.2333": [0, 0, 0],
						"6.6667": [0, 0, 0],
						"7.0": [0, 0, 0],
						"7.1333": [0, 0, 0],
						"7.2667": [0, -2, 0],
						"7.5": [0, 0, 0]
					}
				},
				"magazine": {
					"rotation": {
						"0.0": [0, 0, 0],
						"0.2667": [0, 0, 0],
						"0.5": [0, 0, 0],
						"0.7667": [0, 0, 0],
						"1.2": [0, 0, 0],
						"1.5333": [0, 0, 0],
						"1.7": [0, 0, 0],
						"2.0": [0, 0, 0],
						"2.1667": [0, 0, 0],
						"2.5": [0, 0, 0],
						"2.6333": [0, 0, 17.5],
						"2.7333": [-0.12, -1.33, 16.26],
						"2.9667": [-1.1858, -13.30822, 5.13834],
						"3.0667": [-1.91617, -20.91633, 5.35373],
						"3.2333": [0, -70, 0],
						"3.3333": [5.06, -54.06, 1.5],
						"3.7333": [0, -27.5, 0],
						"3.7667": [10, -70, 0],
						"4.0667": [0, 0, 0],
						"4.1667": [0, 0, 0],
						"4.3333": [0, 0, 0],
						"4.5667": [0, -7.5, 0],
						"4.8333": [0, 0, 0],
						"5.0": [0, 0, 0],
						"5.4": [0, 0, 0],
						"5.8333": [0, 0, 0],
						"6.2333": [0, 0, 0],
						"6.6667": [0, 0, 0],
						"7.0": [0, 0, 0],
						"7.1333": [0, 0, 0],
						"7.2667": [0, 0, 0],
						"7.5": [0, 0, 0]
					},
					"position": {
						"0.0": [0, 0, 0],
						"0.2667": [0, 0, 0],
						"0.5": [0, 0, 0],
						"0.7667": [0, 0, 0],
						"1.2": [0, 0, 0],
						"1.5333": [0, 0, 0],
						"1.7": [0, 0, 0],
						"2.0": [0, 0, 0],
						"2.1667": [0, 0, 0],
						"2.5": [0, 0, 0],
						"2.6333": [1, -1, 0],
						"2.7333": [1.89, -0.9, 1.11],
						"2.9667": [9.9, 0, 11.1],
						"3.0667": [15.56, 0, 17.44],
						"3.2333": [51.87, 0, 58.14],
						"3.3333": [37.33, 0, 76.03],
						"3.7333": [28.07, 0, 60.14],
						"3.7667": [24, 0, 48],
						"4.0667": [14, 0, 26],
						"4.1667": [14, 0, 22.67],
						"4.3333": [14, 0, 16],
						"4.5667": [11, 0, 7],
						"4.8333": [0, -2, 0],
						"4.9333": [0, 0, 0],
						"5.0": [0, 0, 0],
						"5.4": [0, 0, 0],
						"5.8333": [0, 0, 0],
						"6.2333": [0, 0, 0],
						"6.6667": [0, 0, 0],
						"7.0": [0, 0, 0],
						"7.1333": [0, 0, 0],
						"7.2667": [0, 0, 0],
						"7.5": [0, 0, 0]
					},
					"scale": {
						"0.0": [1, 1, 1],
						"0.2667": [1, 1, 1],
						"0.5": [1, 1, 1],
						"0.7667": [1, 1, 1],
						"1.2": [1, 1, 1],
						"1.5333": [1, 1, 1],
						"1.7": [1, 1, 1],
						"2.0": [1, 1, 1],
						"2.1667": [1, 1, 1],
						"2.5": [1, 1, 1],
						"3.0667": [1, 1, 1],
						"3.3333": [1, 1, 1],
						"3.7333": [1, 1, 1],
						"3.7667": [0, 0, 0],
						"4.1667": [0.6923, 0.6923, 0.6923],
						"4.3333": [1, 1, 1],
						"4.5667": [1, 1, 1],
						"5.0": [1, 1, 1],
						"5.4": [1, 1, 1],
						"5.8333": [1, 1, 1],
						"6.2333": [1, 1, 1],
						"6.6667": [1, 1, 1],
						"7.0": [1, 1, 1],
						"7.1333": [1, 1, 1],
						"7.2667": [1, 1, 1],
						"7.5": [1, 1, 1]
					}
				},
				"belt": {
					"rotation": {
						"0.0": [0, 0, 0],
						"0.2667": [0, 0, 0],
						"0.5": [0, 0, 0],
						"0.7667": [0, 0, 0],
						"1.2": [0, 0, 0],
						"1.3667": [0, 0, 0],
						"1.5333": [0, 0, 15.94],
						"1.7": [0, 0, 42.5],
						"2.0": [0, 0, 42.5],
						"2.1667": [0, 0, 42.5],
						"2.5": [0, 0, 42.5],
						"2.9": [0, 0, 42.5],
						"3.3333": [0, 0, 42.5],
						"3.7333": [0, 0, 42.5],
						"4.1667": [0, 0, 42.5],
						"4.5667": [0, 0, 42.5],
						"5.0": [0, 0, 42.5],
						"5.2": [0, 0, 42.5],
						"5.4": [0, 0, 28.33],
						"5.8333": [0, 0, 0],
						"6.2333": [0, 0, 0],
						"6.6667": [0, 0, 0],
						"7.0": [0, 0, 0],
						"7.1333": [0, 0, 0],
						"7.2667": [0, 0, 0],
						"7.5": [0, 0, 0]
					},
					"position": {
						"0.0": [0, 0, 0],
						"0.2667": [0, 0, 0],
						"0.5": [0, 0, 0],
						"0.7667": [0, 0, 0],
						"1.2": [0, 0, 0],
						"1.3667": [0, 0, 0],
						"1.5333": [-0.07, 0, 0],
						"1.6": [-0.11, 0, 0],
						"1.7": [1, 0, 0],
						"2.0": [1, 0, 0],
						"2.1667": [1, 0, 0],
						"2.5": [1, 0, 0],
						"2.9": [1, 0, 0],
						"3.3333": [1, 0, 0],
						"3.7333": [1, 0, 0],
						"4.1667": [1, 0, 0],
						"4.5667": [1, 0, 0],
						"5.0": [1, 0, 0],
						"5.2": [1, 0, 0],
						"5.4": [0.07, 0, 0],
						"5.4333": [-0.11, 0, 0],
						"5.8333": [0, 0, 0],
						"6.2333": [0, 0, 0],
						"6.6667": [0, 0, 0],
						"7.0": [0, 0, 0],
						"7.1333": [0, 0, 0],
						"7.2667": [0, 0, 0],
						"7.5": [0, 0, 0]
					}
				},
				"belt2": {
					"rotation": {
						"0.0": [0, 0, 0],
						"0.2667": [0, 0, 0],
						"0.5": [0, 0, 0],
						"0.7667": [0, 0, 0],
						"1.2": [0, 0, 0],
						"1.3667": [0, 0, 0],
						"1.5333": [0, 0, 21],
						"1.6": [0, 0, 35],
						"1.7": [0, 0, 52.5],
						"2.0": [0, 0, 52.5],
						"2.1667": [0, 0, 52.5],
						"2.5": [0, 0, 52.5],
						"2.9": [0, 0, 52.5],
						"3.3333": [0, 0, 52.5],
						"3.7333": [0, 0, 52.5],
						"4.1667": [0, 0, 52.5],
						"4.5667": [0, 0, 52.5],
						"5.0": [0, 0, 52.5],
						"5.2": [0, 0, 52.5],
						"5.4": [0, 0, 37.92],
						"5.4333": [0, 0, 35],
						"5.8333": [0, 0, 0],
						"6.2333": [0, 0, 0],
						"6.6667": [0, 0, 0],
						"7.0": [0, 0, 0],
						"7.1333": [0, 0, 0],
						"7.2667": [0, 0, 0],
						"7.5": [0, 0, 0]
					},
					"position": {
						"0.0": [0, 0, 0],
						"0.2667": [0, 0, 0],
						"0.5": [0, 0, 0],
						"0.7667": [0, 0, 0],
						"1.2": [0, 0, 0],
						"1.3667": [0, 0, 0],
						"1.5333": [0.01, 0.01, 0],
						"1.7": [0.75, 0.75, 0],
						"2.0": [0.75, 0.75, 0],
						"2.1667": [0.75, 0.75, 0],
						"2.5": [0.75, 0.75, 0],
						"2.9": [0.75, 0.75, 0],
						"3.3333": [0.75, 0.75, 0],
						"3.7333": [0.75, 0.75, 0],
						"4.1667": [0.75, 0.75, 0],
						"4.5667": [0.75, 0.75, 0],
						"5.0": [0.75, 0.75, 0],
						"5.2": [0.75, 0.75, 0],
						"5.4": [0.5, 0.5, 0],
						"5.8333": [0, 0, 0],
						"6.2333": [0, 0, 0],
						"6.6667": [0, 0, 0],
						"7.0": [0, 0, 0],
						"7.1333": [0, 0, 0],
						"7.2667": [0, 0, 0],
						"7.5": [0, 0, 0]
					}
				},
				"belt3": {
					"rotation": {
						"0.0": [0, 0, 0],
						"0.2667": [0, 0, 0],
						"0.5": [0, 0, 0],
						"0.7667": [0, 0, 0],
						"1.2": [0, 0, 0],
						"1.3667": [0, 0, 0],
						"1.5333": [0, 0, 21],
						"1.6": [0, 0, 35],
						"1.7": [0, 0, 60],
						"2.0": [0, 0, 60],
						"2.1667": [0, 0, 60],
						"2.5": [0, 0, 60],
						"2.9": [0, 0, 60],
						"3.3333": [0, 0, 60],
						"3.7333": [0, 0, 60],
						"4.1667": [0, 0, 60],
						"4.5667": [0, 0, 60],
						"5.0": [0, 0, 60],
						"5.2": [0, 0, 60],
						"5.4": [0, 0, 39.17],
						"5.4333": [0, 0, 35],
						"5.8333": [0, 0, 0],
						"6.2333": [0, 0, 0],
						"6.6667": [0, 0, 0],
						"7.0": [0, 0, 0],
						"7.1333": [0, 0, 0],
						"7.2667": [0, 0, 0],
						"7.5": [0, 0, 0]
					},
					"position": {
						"0.0": [0, 0, 0],
						"0.2667": [0, 0, 0],
						"0.5": [0, 0, 0],
						"0.7667": [0, 0, 0],
						"1.2": [0, 0, 0],
						"1.3667": [0, 0, 0],
						"1.5333": [0.02, 0.02, 0],
						"1.7": [1, 1, 0],
						"2.0": [1, 1, 0],
						"2.1667": [1, 1, 0],
						"2.5": [1, 1, 0],
						"2.9": [1, 1, 0],
						"3.3333": [1, 1, 0],
						"3.7333": [1, 1, 0],
						"4.1667": [1, 1, 0],
						"4.5667": [1, 1, 0],
						"5.0": [1, 1, 0],
						"5.2": [1, 1, 0],
						"5.4": [0.67, 0.67, 0],
						"5.8333": [0, 0, 0],
						"6.2333": [0, 0, 0],
						"6.6667": [0, 0, 0],
						"7.0": [0, 0, 0],
						"7.1333": [0, 0, 0],
						"7.2667": [0, 0, 0],
						"7.5": [0, 0, 0]
					}
				},
				"belt4": {
					"rotation": {
						"0.0": [0, 0, 0],
						"0.2667": [0, 0, 0],
						"0.5": [0, 0, 0],
						"0.7667": [0, 0, 0],
						"1.2": [0, 0, 0],
						"1.3667": [0, 0, 0],
						"1.5333": [0, 0, 9],
						"1.6": [0, 0, 15],
						"1.7": [0, 0, 67.5],
						"2.0": [0, 0, 67.5],
						"2.1667": [0, 0, 67.5],
						"2.5": [0, 0, 67.5],
						"2.9": [0, 0, 67.5],
						"3.3333": [0, 0, 67.5],
						"3.7333": [0, 0, 67.5],
						"4.1667": [0, 0, 67.5],
						"4.5667": [0, 0, 67.5],
						"5.0": [0, 0, 67.5],
						"5.2": [0, 0, 67.5],
						"5.4": [0, 0, 23.75],
						"5.4333": [0, 0, 15],
						"5.8333": [0, 0, 0],
						"6.2333": [0, 0, 0],
						"6.6667": [0, 0, 0],
						"7.0": [0, 0, 0],
						"7.1333": [0, 0, 0],
						"7.2667": [0, 0, 0],
						"7.5": [0, 0, 0]
					},
					"position": {
						"0.0": [0, 0, 0],
						"0.2667": [0, 0, 0],
						"0.5": [0, 0, 0],
						"0.7667": [0, 0, 0],
						"1.2": [0, 0, 0],
						"1.3667": [0, 0, 0],
						"1.5333": [0.02, 0.01, 0],
						"1.7": [1.25, 0.75, 0],
						"2.0": [1.25, 0.75, 0],
						"2.1667": [1.25, 0.75, 0],
						"2.5": [1.25, 0.75, 0],
						"2.9": [1.25, 0.75, 0],
						"3.3333": [1.25, 0.75, 0],
						"3.7333": [1.25, 0.75, 0],
						"4.1667": [1.25, 0.75, 0],
						"4.5667": [1.25, 0.75, 0],
						"5.0": [1.25, 0.75, 0],
						"5.2": [1.25, 0.75, 0],
						"5.4": [0.83, 0.5, 0],
						"5.8333": [0, 0, 0],
						"6.2333": [0, 0, 0],
						"6.6667": [0, 0, 0],
						"7.0": [0, 0, 0],
						"7.1333": [0, 0, 0],
						"7.2667": [0, 0, 0],
						"7.5": [0, 0, 0]
					}
				},
				"shockwavechamber": {
					"rotation": {
						"0.0": [0, 0, 0],
						"0.2667": [0, 0, 0],
						"0.5": [0, 0, 0],
						"0.7667": [0, 0, 0],
						"1.2": [0, 0, 0],
						"1.5333": [0, 0, 0],
						"1.7": [0, 0, 0],
						"2.0": [0, 0, 0],
						"2.1667": [0, 0, 0],
						"2.5": [0, 0, 0],
						"2.9": [0, 0, 0],
						"3.3333": [0, 0, 0],
						"3.7333": [0, 0, 0],
						"4.1667": [0, 0, 0],
						"4.5667": [0, 0, 0],
						"5.0": [0, 0, 0],
						"5.4": [0, 0, 0],
						"5.8333": [0, 0, 0],
						"6.2333": [0, 0, 0],
						"6.3667": [0, 0, 0],
						"6.6667": [0, 0, 0],
						"7.0": [0, 0, -360]
					}
				},
				"magazine2": {
					"scale": 0
				}
			},
			"sound_effects": {
				"0.0": {
					"effect": "movement1"
				},
				"1.2667": {
					"effect": "movement1"
				},
				"1.3667": {
					"effect": "lmg_bulletchain"
				},
				"2.2333": {
					"effect": "lmg_magout"
				},
				"2.5667": {
					"effect": "movement2"
				},
				"4.4333": {
					"effect": "lmg_magin"
				},
				"4.5": {
					"effect": "movement1"
				},
				"5.0667": {
					"effect": "lmg_bulletchain"
				},
				"5.6": {
					"effect": "movement3"
				}
			}
		}
	},
	"geckolib_format_version": 2
}