{
	"format_version": "1.8.0",
	"animations": {
		"animation.model.fire": {
			"loop": true,
			"animation_length": 2.5,
			"bones": {
				"main": {
					"rotation": {
						"0.0": [-7.5, 0, 0],
						"0.2083": [-0.83, 0, 0],
						"0.3333": [6.17, 0, 0],
						"0.4167": [2.5, 0, 0],
						"0.75": [0, 0, 0],
						"1.0": [0, 0, 45],
						"1.25": [0, 0, 37.5],
						"1.75": [0, 0, 46],
						"2.0833": [0, 0, 0],
						"2.2083": [0, 0, -2.5],
						"2.2917": [0, 0, 0]
					},
					"position": {
						"0.0": [0, 0, 10],
						"0.25": [0, 0, 3.87],
						"0.2917": [0, -2.5, 3.43],
						"0.3333": [0, -1, 3],
						"0.5": [0, 0, 0],
						"1.0": [0, 0, -13],
						"1.75": [0, 0.25, -13],
						"2.0833": [0, 0, 0],
						"2.5": [0, 0, 0]
					}
				},
				"leftarm": {
					"rotation": {
						"0.0": [0, 0, 0],
						"0.25": [0, 0, 0],
						"0.3333": [-15, 0, 0],
						"0.5": [0, 0, 0]
					},
					"position": {
						"0.0": [0, 0, 0],
						"0.25": [0, 0, 0],
						"0.3333": [-1, -9, -3],
						"0.5": [0, 0, 0]
					}
				},
				"chamberbullet": {
					"position": {
						"0.0": [0, 0, 0],
						"0.0417": [0, 0, -17140]
					},
					"scale": {
						"0.0417": [1, 1, 1],
						"0.0833": [0, 0, 0]
					}
				},
				"chamberbullet2": {
					"position": {
						"0.0": [0, -2, 0],
						"0.2917": [0, -2, 0],
						"0.3333": [0, 0, 0]
					}
				},
				"Rcapsule1": {
					"position": {
						"0.0": [1, 0, -1],
						"2.0": [1, 0, -1],
						"2.125": [0, 0, 0]
					}
				},
				"Rcapsule2": {
					"position": {
						"0.0": [1, 0, -1],
						"1.9167": [1, 0, -1],
						"2.0417": [0, 0, 0]
					}
				},
				"Lcapsule1": {
					"position": {
						"0.0": [-1, 0, -1],
						"2.0833": [-1, 0, -1],
						"2.2083": [0, 0, 0]
					}
				},
				"Lcapsule2": {
					"position": {
						"0.0": [-1, 0, -1],
						"2.125": [-1, 0, -1],
						"2.25": [0, 0, 0]
					}
				},
				"lever": {
					"rotation": {
						"0.0": [0, 0, 0],
						"0.25": [0, 0, 0],
						"0.3333": [-27.5, 0, 0],
						"0.5": [0, 0, 0]
					}
				},
				"ready": {
					"scale": {
						"0.0": [0, 0, 0],
						"2.4583": [0, 0, 0],
						"2.5": [1, 1, 1]
					}
				},
				"unready": {
					"position": [0, 0, -5],
					"scale": {
						"0.0": [1, 1, 1],
						"2.4583": [1, 1, 1],
						"2.5": [0, 0, 0]
					}
				},
				"radiator": {
					"rotation": {
						"0.0": [0, 0, 0],
						"0.125": [-54.17, 0, 0],
						"0.25": [-65, 0, 0],
						"1.75": [-65, 0, 0],
						"2.2917": [-5.42, 0, 0],
						"2.5": [0, 0, 0]
					}
				}
			},
			"sound_effects": {
				"0.0": {
					"effect": "atomic_devourer_fizz"
				},
				"0.25": {
					"effect": "atomic_devourer_radiator_alert"
				},
				"0.2917": {
					"effect": "atomic_devourer_lever_flick_down"
				},
				"0.4167": {
					"effect": "atomic_devourer_lever_flick_up"
				},
				"0.75": {
					"effect": "atomic_devourer_radiator_alert"
				},
				"0.7917": {
					"effect": "movement1"
				},
				"1.25": {
					"effect": "atomic_devourer_radiator_alert"
				},
				"1.75": {
					"effect": "atomic_devourer_radiator_alert"
				},
				"1.7917": {
					"effect": "movement2"
				},
				"2.25": {
					"effect": "atomic_devourer_radiator_close"
				},
				"2.2917": {
					"effect": "atomic_devourer_radiator_alert2"
				}
			}
		},
		"animation.model.draw": {
			"loop": true,
			"animation_length": 1.26,
			"bones": {
				"holo": {
					"position": {
						"0.0": [0, 0, 0],
						"0.6": [0, -2, 0],
						"0.9": [0, 0, 0]
					},
					"scale": {
						"0.6": [1, 0, 1],
						"0.65": [1.0251, 0.14064, 0.97742],
						"0.7": [1.04265, 0.5766, 0.93358],
						"0.75": [1, 0.78563, 0.93546],
						"0.8": [0.95735, 0.89701, 0.95168],
						"0.85": [0.9749, 0.96232, 0.97408],
						"0.9": [1, 1, 1]
					}
				},
				"indicator": {
					"position": [0, 0, 0],
					"scale": {
						"0.25": [1, 1, 0],
						"0.65": [1, 1, 1]
					}
				},
				"leftradiator": {
					"rotation": {
						"0.64": [0, 0, -45],
						"1.0": [0, 0, -4.5],
						"1.2": [0, 0, 0]
					}
				},
				"rightradiator": {
					"rotation": {
						"0.0": [0, 0, 17.5],
						"0.64": [0, 0, 45],
						"1.0": [0, 0, 4.5],
						"1.2": [0, 0, 0]
					}
				},
				"lazermuzzleflash": {
					"scale": 0
				},
				"main": {
					"rotation": {
						"0.0": [32.09413, -54.38778, -8.29667],
						"0.67": [0.14, -0.24, -1.86],
						"0.87": [0.26, -0.45, -3.56],
						"0.96": [5.32, -0.55, -4.32],
						"1.04": [0.34986, -0.58765, -4.65589],
						"1.25": [0, 0, 0]
					},
					"position": {
						"0.0": [0, -17.3, 0],
						"0.51": [-0.4, -2.525, -1.625],
						"0.76": [-0.05, 0, -2.49],
						"0.87": [-0.03, 0, -1.73],
						"0.96": [-0.02, -2, -1.11],
						"1.05": [-0.01, 0, -0.48],
						"1.12": [0, 0, 0]
					}
				},
				"leftarm": {
					"rotation": {
						"0.0": [0, 0, 0],
						"0.2": [1, 0, -22],
						"0.86": [0, 0, 0],
						"0.97": [-17.5, 0, 0],
						"1.22": [0, 0, 0]
					},
					"position": {
						"0.0": [0, 0, 0],
						"0.2": [3.53901, 3.6754, 5.59783],
						"0.86": [0, 0, 0],
						"0.97": [-3, -10, -5.75],
						"1.22": [0, 0, 0]
					}
				},
				"Rcapsule1": {
					"position": {
						"0.0": [1, 0, -1],
						"0.5": [1, 0, -1],
						"0.54": [0, 0, 0]
					}
				},
				"Rcapsule2": {
					"position": {
						"0.0": [1, 0, -1],
						"0.54": [1, 0, -1],
						"0.58": [0, 0, 0]
					}
				},
				"Lcapsule1": {
					"position": {
						"0.0": [-1, 0, -1],
						"0.54": [-1, 0, -1],
						"0.58": [0, 0, 0]
					}
				},
				"Lcapsule2": {
					"position": {
						"0.0": [-1, 0, -1],
						"0.5": [-1, 0, -1],
						"0.54": [0, 0, 0]
					}
				},
				"lever": {
					"rotation": {
						"0.0": [0, 0, 0],
						"0.87": [0, 0, 0],
						"0.97": [-25, 0, 0],
						"1.15": [0, 0, 0]
					}
				},
				"ready": {
					"scale": {
						"0.0": [0, 0, 0],
						"0.96": [0, 0, 0],
						"1.0": [1, 1, 1]
					}
				},
				"unready": {
					"scale": {
						"0.0": [1, 1, 1],
						"0.96": [1, 1, 1],
						"1.0": [0, 0, 0]
					}
				}
			},
			"sound_effects": {
				"0.88": {
					"effect": "atomic_devourer_lever_flick_down"
				},
				"1.05": {
					"effect": "atomic_devourer_lever_flick_up"
				}
			}
		},
		"animation.model.inspect": {
			"loop": true,
			"animation_length": 5,
			"bones": {
				"holo": {
					"position": {
						"0.0": [0, 0, 0],
						"2.1333": [0, 0, 0],
						"2.4": [0, 0, 0],
						"2.5667": [0, 0, 0],
						"3.2": [0, 0, 0]
					},
					"scale": {
						"0.0": [1, 1, 1],
						"2.1333": [1, 1, 1],
						"2.2333": [1, 0.3249, 1],
						"2.4": [1, 0, 1],
						"2.5667": [1, 0, 1],
						"2.8667": [1, 0.4421, 1],
						"3.2": [1, 1, 1]
					}
				},
				"indicator": {
					"position": [0, 0, 0],
					"scale": 1
				},
				"lazermuzzleflash": {
					"scale": 0
				},
				"main": {
					"rotation": {
						"0.0": [0, 0, 0],
						"0.6333": [-9.55676, -20.88889, -28.55629],
						"0.8333": [-8.77652, -21.21647, -30.72851],
						"1.0667": [-9.4227, -20.94881, -28.93303],
						"1.4": [-3.1216, -20.98207, -46.44405],
						"1.5333": [-4.564, -20.73064, -42.44007],
						"1.6": [-4.86325, -20.9153, -41.60203],
						"1.7333": [-4.58308, -20.97575, -42.38574],
						"1.8333": [-4.01131, -21.08802, -43.97908],
						"1.9667": [-4.38767, -21.01662, -42.9316],
						"2.1": [-4.18847, -21.05622, -43.48691],
						"2.9": [-15.70981, 5.86025, 59.48558],
						"3.1333": [-15.93602, 7.03904, 62.69373],
						"3.3667": [-15.60896, 7.75082, 65.23442],
						"3.6333": [-15.71675, 7.52491, 64.42194],
						"3.8": [-15.56389, 7.84019, 65.55973],
						"4.1": [-15.61778, 7.73186, 65.16659],
						"4.2667": [-15.9801, 6.93689, 62.33342],
						"4.4667": [-8.86998, 2.42135, 33.56191],
						"4.8667": [0, -1.75, -2.75],
						"5.0": [0, 0, 0]
					},
					"position": {
						"0.0": [0, 0, 0],
						"0.4": [-0.475, 1.475, -8.7],
						"0.6": [-0.195, 1, -7.7],
						"0.8333": [-0.03, 0.725, -7.7],
						"1.0": [0, 1.125, -7.7],
						"1.3": [0.125, 1.4, -8.275],
						"1.6": [-0.02, 1.475, -8],
						"1.8": [0.11, 1.425, -8.175],
						"2.0333": [0.275, 1.25, -7.975],
						"2.1667": [-2.13, -0.19, -8.65],
						"2.3667": [-4.545, 0.675, -11.15],
						"2.6333": [-4.415, 7.605, -10.545],
						"2.8333": [-4.49, 8.57, -9.63],
						"2.8667": [-4.525, 7.545, -9.17],
						"3.1": [-4.49, 7.57, -9.85],
						"3.3667": [-4.455, 7.5, -9.24],
						"3.6667": [-4.53, 7.5, -9.27],
						"3.9": [-4.49, 7.59, -9.3],
						"4.2333": [-4.545, 7.675, -9.325],
						"4.4667": [-5.005, 2.39, -7.41],
						"4.9667": [0, 0, 0]
					}
				},
				"leftarm": {
					"rotation": {
						"0.0": [0, 0, 0],
						"0.4": [0, 0, -2.5],
						"2.1": [0, 0, -2.5],
						"2.5667": [0, 0, 0],
						"4.3": [-20, 0, -45],
						"4.9": [0, 0, 0]
					},
					"position": {
						"0.0": [0, 0, 0],
						"0.4": [-16.76014, -11.20851, -8.35136],
						"2.1": [-16.76014, -11.20851, -8.35136],
						"2.5667": [0, 0, 0],
						"4.3": [7.35, 6.25, 2.33],
						"4.9": [0, 0, 0]
					}
				}
			}
		},
		"animation.model.reloadempty": {
			"animation_length": 3.91667,
			"bones": {
				"main": {
					"rotation": {
						"0.0": [0, 0, 0],
						"0.125": [0, 0, -3.33],
						"0.3333": [0, 0, -20],
						"0.375": [0, 0, -22.5],
						"0.625": [0, 0, -20],
						"0.75": [0, 0, -22.5],
						"0.875": [0, 0, -35],
						"1.125": [0, 0, -27.5],
						"1.3333": [0, 0, -25],
						"1.875": [0, 0, -43.64],
						"2.125": [0, 0, -45],
						"2.2917": [0, 0, -22.5],
						"2.7083": [2.72321, 0, -14.832],
						"2.875": [0.3125, 0, -11.7648],
						"2.9583": [-2.5, 0, -10.2312],
						"3.2083": [2.5, 0, -3.33],
						"3.3333": [5, 0, 0],
						"3.6667": [0, 0, 0]
					},
					"position": {
						"0.0": [0, 0, 0],
						"0.0833": [0, 0, 0],
						"0.1667": [0, -2, 0],
						"0.3333": [0, 0, 6],
						"2.1667": [0, 0, 6],
						"2.2083": [0, 1, 6],
						"2.875": [0, 1, 6],
						"2.9583": [0, -2, 6],
						"3.6667": [0, 0, 0]
					}
				},
				"leftarm": {
					"rotation": {
						"0.0": [0, 0, 0],
						"0.2083": [-4.58, 0, 0],
						"0.3333": [-1.9, -2.02, 0.76],
						"0.5": [14.18873, -14.14006, 5.29498],
						"0.75": [12.8917, -2.34532, 0.95027],
						"1.6667": [22.2667, -2.34532, 0.95027],
						"2.0": [25.3917, -2.34532, 0.95027],
						"2.1667": [40.34455, 1.33113, 4.69641],
						"2.6667": [-4.58, 0, 0],
						"2.7083": [-9.33, 0, 0],
						"2.875": [-12.5, 0, 0],
						"2.9167": [-15.25, 0, 0],
						"3.0": [-24.58, 0, 0],
						"3.0833": [0, 0, 0]
					},
					"position": {
						"0.0": [0, 0, 0],
						"0.2083": [-2.17, -8.17, -1.83],
						"0.3333": [-4, -8.57, -4.28],
						"0.5": [-15, -11, -19],
						"0.75": [-17, -11, -21],
						"0.9167": [-22, -21, -30],
						"1.0": [-22, -24, -26],
						"1.1667": [0, -38, 7],
						"1.6667": [0, -38, 7],
						"1.8333": [-22, -24, -26],
						"2.0": [-22, -21, -30],
						"2.1667": [-17, -11, -28],
						"2.6667": [-2.17, -8.17, -1.83],
						"2.7083": [-1.47, -6.27, -3.13],
						"2.875": [-1, -5, -4],
						"2.9167": [-1.7, -8.9, -3.7],
						"3.0": [-3.17, -12.17, -6.83],
						"3.0833": [0, 0, 0]
					}
				},
				"chamberbullet2": {
					"position": [0, -2, 0]
				},
				"chamberbullet": {
					"position": {
						"0.0": [0, -2, 0],
						"2.875": [0, -2.02, 0],
						"2.9167": [0, 0, 0]
					}
				},
				"lever": {
					"rotation": {
						"0.0": [0, 0, 0],
						"0.2083": [-27.5, 0, 0],
						"2.6667": [-27.5, 0, 0],
						"2.7083": [-18.5, 0, 0],
						"2.875": [-12.5, 0, 0],
						"2.9167": [-24, 0, 0],
						"3.0": [-30, 0, 0],
						"3.0833": [0, 0, 0]
					}
				},
				"loadedmagazine": {
					"position": {
						"0.0": [19, -26, 35],
						"1.5833": [19, -26, 35],
						"1.6667": [19, -26, 35],
						"1.8333": [0, -12, -2],
						"2.0": [0, -9, -3],
						"2.1667": [0, 0, 0]
					},
					"scale": {
						"0.0": [0, 0, 0],
						"1.5417": [0, 0, 0],
						"1.5833": [1, 1, 1]
					}
				},
				"unloadedmagazine": {
					"position": {
						"0.0": [0, 0, 0],
						"0.7083": [0, 0, 0],
						"0.75": [0, -3, -1],
						"0.9167": [0, -9, -3],
						"1.0": [0, -12, -2],
						"1.1667": [19, -26, 35]
					},
					"scale": {
						"0.0": [1, 1, 1],
						"1.5417": [1, 1, 1],
						"1.5833": [0, 0, 0]
					}
				},
				"ready": {
					"scale": {
						"0.0": [0, 0, 0],
						"3.125": [0, 0, 0],
						"3.1667": [1, 1, 1]
					}
				},
				"unready": {
					"position": [0, 0, -5],
					"scale": {
						"0.0": [1, 1, 1],
						"3.125": [1, 1, 1],
						"3.1667": [0, 0, 0]
					}
				}
			},
			"sound_effects": {
				"0.0": {
					"effect": "movement1"
				},
				"0.2917": {
					"effect": "atomic_devourer_lever_flick_down"
				},
				"0.7083": {
					"effect": "movement2"
				},
				"0.7917": {
					"effect": "atomic_devourer_magout"
				},
				"1.6667": {
					"effect": "movement3"
				},
				"1.7917": {
					"effect": "atomic_devourer_magin"
				},
				"2.875": {
					"effect": "atomic_devourer_lever_flick_down"
				},
				"3.0": {
					"effect": "atomic_devourer_lever_flick_up"
				}
			}
		},
		"animation.model.reload": {
			"animation_length": 2.66667,
			"bones": {
				"main": {
					"rotation": {
						"0.0": [0, 0, 0],
						"0.125": [0, 0, -3.33],
						"0.3333": [0, 0, -20],
						"0.375": [0, 0, -22.5],
						"0.625": [0, 0, -20],
						"0.75": [0, 0, -22.5],
						"0.875": [0, 0, -35],
						"1.0833": [0, 0, -27.5],
						"1.2917": [0, 0, -25],
						"1.875": [0, 0, -43.64],
						"2.0": [0, 0, -43.81],
						"2.125": [-4.5, 0, -45],
						"2.2917": [0, 0, -22.5],
						"2.4583": [0, 0, 2.5],
						"2.6667": [0, 0, 0]
					},
					"position": {
						"0.0": [0, 0, 0],
						"0.0833": [0, 0, 0],
						"0.1667": [0, -2, 0],
						"0.3333": [0, 0, 6],
						"2.125": [0, 0, 6],
						"2.1667": [0, 1, 6],
						"2.6667": [0, 0, 0]
					}
				},
				"leftarm": {
					"rotation": {
						"0.0": [0, 0, 0],
						"0.5": [14.18873, -14.14006, 5.29498],
						"0.75": [12.8917, -2.34532, 0.95027],
						"1.6667": [22.2667, -2.34532, 0.95027],
						"2.0": [25.3917, -2.34532, 0.95027],
						"2.1667": [40.34455, 1.33113, 4.69641],
						"2.6667": [0, 0, 0]
					},
					"position": {
						"0.0": [0, 0, 0],
						"0.5": [-15, -11, -19],
						"0.75": [-17, -11, -21],
						"0.875": [-22, -21, -30],
						"1.0": [-22, -24, -26],
						"1.125": [0, -38, 7],
						"1.6667": [0, -38, 7],
						"1.8333": [-22, -24, -26],
						"2.0": [-22, -21, -30],
						"2.1667": [-17, -11, -28],
						"2.6667": [0, 0, 0]
					}
				},
				"chamberbullet2": {
					"position": [0, -2, 0]
				},
				"loadedmagazine": {
					"position": {
						"0.0": [0, 0, 0],
						"0.7083": [0, 0, 0],
						"0.75": [0, -3, -1],
						"0.875": [0, -9, -3],
						"1.0": [0, -12, -2],
						"1.125": [19, -26, 35],
						"1.5": [19, -26, 35],
						"1.6667": [19, -26, 35],
						"1.8333": [0, -12, -2],
						"2.0": [0, -9, -3],
						"2.1667": [0, 0, 0]
					},
					"scale": 1
				},
				"unloadedmagazine": {
					"scale": 0
				}
			},
			"sound_effects": {
				"0.7083": {
					"effect": "movement2"
				},
				"0.7917": {
					"effect": "atomic_devourer_magout"
				},
				"1.6667": {
					"effect": "movement3"
				},
				"1.7917": {
					"effect": "atomic_devourer_magin"
				}
			}
		}
	}
}