{
	"format_version": "1.8.0",
	"animations": {
		"animation.model.draw": {
			"loop": true,
			"animation_length": 1.2,
			"bones": {
				"leftarm": {
					"rotation": {
						"0.0": [0, 0, 0],
						"0.2": [1, 0, -22],
						"0.4": [0, 0, 0]
					},
					"position": {
						"0.0": [0, 0, 0],
						"0.2": [3.53901, 3.6754, 5.59783],
						"0.4": [0, 0, 0]
					}
				},
				"main": {
					"rotation": {
						"0.0": [32.09413, -54.38778, -8.29667],
						"0.35": [0.50518, -5.08075, 6.8716],
						"0.5": [0.32389, -0.60235, -2.1558],
						"0.6": [0, 0, 0]
					},
					"position": {
						"0.0": [0, -17.3, 0],
						"0.25": [-0.4, -2.525, -1.625],
						"0.4": [-0.05, 0, -2.49],
						"0.55": [0, 0, 0]
					}
				},
				"holo": {
					"position": {
						"0.0": [0, 0, 0],
						"0.6": [0, -2, 0],
						"0.9": [0, 0, 0]
					},
					"scale": {
						"0.6": [1, 0, 1],
						"0.65": [1.0251, 0.14064, 0.97742],
						"0.7": [1.04265, 0.5766, 0.93358],
						"0.75": [1, 0.78563, 0.93546],
						"0.8": [0.95735, 0.89701, 0.95168],
						"0.85": [0.9749, 0.96232, 0.97408],
						"0.9": [1, 1, 1]
					}
				},
				"indicator": {
					"position": [0, 0, 0],
					"scale": {
						"0.25": [1, 1, 0],
						"0.65": [1, 1, 1]
					}
				},
				"leftradiator": {
					"rotation": {
						"0.64": [0, 0, -45],
						"1.0": [0, 0, -4.5],
						"1.2": [0, 0, 0]
					}
				},
				"rightradiator": {
					"rotation": {
						"0.0": [0, 0, 17.5],
						"0.64": [0, 0, 45],
						"1.0": [0, 0, 4.5],
						"1.2": [0, 0, 0]
					}
				},
				"lazermuzzleflash": {
					"scale": 0
				}
			},
			"sound_effects": {
				"0.01": {
					"effect": "emlr_mk7_draw"
				},
				"0.65": {
					"effect": "emlr_mk7_draw_beep"
				}
			}
		},
		"animation.model.reload": {
			"animation_length": 2.3,
			"blend_weight": "1",
			"bones": {
				"leftarm": {
					"rotation": {
						"0.0": [0, 0, 0],
						"0.1333": [2.28391, 2.67333, 27.66424],
						"0.3333": [1.64065, 7.08142, 25.21776],
						"0.5333": [2.28391, 2.67333, 27.66424],
						"0.6": [2.28391, 2.67333, 27.66424],
						"0.8": [65.37457, 16.87836, 54.89185],
						"1.0": [42.24093, 13.29583, 35.84954],
						"1.4": [34.99373, 3.60781, 29.19496],
						"1.6": [0, 0, 0]
					},
					"position": {
						"0.0": [0, 0, 0],
						"0.1333": [2, -6, 13],
						"0.5333": [2, -6, 13],
						"0.6": [2, -6, 13],
						"0.8": [-4.13, -18.6, 12.13],
						"1.0": [-5.65, -11.96, 23.8],
						"1.4": [5.29, -3.97, 19.83],
						"1.6": [0, 0, 0]
					}
				},
				"main": {
					"rotation": {
						"0.0": [0, 0, 0],
						"0.2": [-1.75226, -3.84689, -29.05701],
						"0.3": [-4.93529, -4.72908, -38.89897],
						"0.4": [-7.72506, -5.45154, -36.29313],
						"0.5": [-7.05012, -6.14312, -43.55145],
						"0.6667": [-7.45868, -6.0893, -37.47535],
						"0.8": [-6.24269, -7.61817, -47.94156],
						"0.9": [-6.75271, -6.61964, -45.52051],
						"1.0": [-5.70106, -7.54331, -54.03534],
						"1.1": [-4.52666, -5.99441, -49.62156],
						"1.2333": [-5.32391, -3.82513, -33.76028],
						"1.4667": [0, 0, -5.25],
						"1.5667": [0, 0, 1.13],
						"1.6667": [0, 0, 0]
					},
					"position": {
						"0.0": [0, 0, 0],
						"0.1333": [0.355, 1.58, -4.425],
						"0.3667": [-0.35, 3.25, 0.05],
						"0.5667": [-0.15, 3.4, 1],
						"0.6667": [-0.52, 4.28, 0.475],
						"0.8": [-0.85, 3.725, 1],
						"0.9": [-0.65, 4.525, 1],
						"1.0": [-1.35, 5.775, 0.525],
						"1.1333": [-1.575, 3.9, -1.075],
						"1.4": [0, 3.7, -3.4],
						"1.5": [0, 2.575, -2.45],
						"1.6": [0, 0, 0]
					}
				},
				"magazine": {
					"rotation": {
						"0.0": [0, 0, 0],
						"0.3333": [0, 0, 0],
						"0.4333": [0, 0, 0]
					},
					"position": {
						"0.0": [0, 0, 0],
						"0.3333": [0, 0, 0],
						"0.4333": [0, 0, 0],
						"1.7": [0, -132.62, 12.82],
						"2.1333": [0, -82, 12]
					}
				},
				"magazine2": {
					"rotation": {
						"0.8": [0, 35, 0],
						"1.1333": [0, 0, 0]
					},
					"position": {
						"0.0": [0, 0, 0],
						"0.7667": [-5, -22, -6],
						"0.8": [-5, -22, -6],
						"1.0": [-3.21, -14.14, 2.14],
						"1.1333": [0, 0, 0]
					},
					"scale": {
						"0.0": [0, 0, 0],
						"0.7667": [0, 0, 0],
						"0.8": [1, 1, 1]
					}
				},
				"leftradiator": {
					"rotation": {
						"0.0": [0, 0, 0],
						"0.4": [0, 0, 0],
						"0.4333": [0, 0, -45],
						"1.5": [0, 0, -45],
						"2.0667": [0, 0, 0]
					}
				},
				"rightradiator": {
					"rotation": {
						"0.0": [0, 0, 0],
						"0.4": [0, 0, 0],
						"0.4333": [0, 0, 45],
						"1.5": [0, 0, 45],
						"2.0667": [0, 0, 0]
					}
				},
				"lazermuzzleflash": {
					"scale": 0
				}
			},
			"sound_effects": {
				"0.0": {
					"effect": "foley_start"
				},
				"0.0333": {
					"effect": "movement1"
				},
				"0.4667": {
					"effect": "m4_magout"
				},
				"0.5": {
					"effect": "emlr_mk7_reload_beep"
				},
				"0.5333": {
					"effect": "emlr_mk7_radiator_open"
				},
				"0.6": {
					"effect": "mag_pick"
				},
				"1.1333": {
					"effect": "m4_magin"
				},
				"1.1667": {
					"effect": "emlr_mk7_radiator_close"
				},
				"1.5333": {
					"effect": "foley_end"
				},
				"1.5667": {
					"effect": "emlr_mk7_draw_beep"
				}
			}
		},
		"animation.model.inspect": {
			"loop": true,
			"animation_length": 4.26667,
			"bones": {
				"main": {
					"rotation": {
						"0.0": [0, 0, 0],
						"0.1667": [-8.41746, -13.59608, -21.21259],
						"0.3": [-8.39812, -20.10111, -31.77688],
						"0.4333": [-9.55676, -20.88889, -28.55629],
						"0.5333": [-8.77652, -21.21647, -30.72851],
						"0.7667": [-9.4227, -20.94881, -28.93303],
						"1.0": [-3.1216, -20.98207, -46.44405],
						"1.1333": [-4.564, -20.73064, -42.44007],
						"1.2333": [-4.86325, -20.9153, -41.60203],
						"1.3333": [-4.58308, -20.97575, -42.38574],
						"1.4667": [-4.01131, -21.08802, -43.97908],
						"1.6": [-4.38767, -21.01662, -42.9316],
						"1.7": [-4.18847, -21.05622, -43.48691],
						"2.0333": [-16.91438, 5.38499, 54.40399],
						"2.1667": [-15.22513, 5.80082, 60.04554],
						"2.3": [-15.70981, 5.86025, 59.48558],
						"2.4333": [-15.93602, 7.03904, 62.69373],
						"2.5667": [-15.60896, 7.75082, 65.23442],
						"2.7333": [-15.71675, 7.52491, 64.42194],
						"2.9": [-15.56389, 7.84019, 65.55973],
						"3.1": [-15.61778, 7.73186, 65.16659],
						"3.2667": [-15.9801, 6.93689, 62.33342],
						"3.4": [-8.86998, 2.42135, 33.56191],
						"3.5333": [0, -1.75, -2.75],
						"3.7": [0, 0, 0]
					},
					"position": {
						"0.0": [0, 0, 0],
						"0.3": [-0.475, 1.475, -8.7],
						"0.4": [-0.195, 1, -7.7],
						"0.5333": [-0.03, 0.725, -7.7],
						"0.7": [0, 1.125, -7.7],
						"0.9": [0.125, 1.4, -8.275],
						"1.2": [-0.02, 1.475, -8],
						"1.4": [0.11, 1.425, -8.175],
						"1.6667": [0.275, 1.25, -7.975],
						"1.8": [-2.13, -0.19, -8.65],
						"1.9667": [-4.545, 0.675, -11.15],
						"2.1333": [-4.415, 7.605, -10.545],
						"2.2333": [-4.49, 8.57, -9.63],
						"2.2667": [-4.525, 7.545, -9.17],
						"2.4": [-4.49, 7.57, -9.85],
						"2.5667": [-4.455, 7.5, -9.24],
						"2.7667": [-4.53, 7.5, -9.27],
						"3.0": [-4.49, 7.59, -9.3],
						"3.2333": [-4.545, 7.675, -9.325],
						"3.3667": [-5.005, 2.39, -7.41],
						"3.6333": [0, 0, 0]
					}
				},
				"leftarm": {
					"rotation": {
						"0.0": [0, 0, 0],
						"0.1667": [0, 0, -2.5],
						"1.7333": [0, 0, -2.5],
						"2.0333": [-20, 0, -45],
						"3.3": [-20, 0, -45],
						"3.5667": [0, 0, 0]
					},
					"position": {
						"0.0": [0, 0, 0],
						"0.1667": [11.23986, -30.20851, 24.64864],
						"1.7333": [11.23986, -30.20851, 24.64864],
						"2.0333": [7.35, 6.25, 2.33],
						"3.3": [7.35, 6.25, 2.33],
						"3.5667": [0, 0, 0]
					}
				},
				"holo": {
					"position": {
						"0.0": [0, 0, 0],
						"2.1333": [0, 0, 0],
						"2.4": [0, 0, 0],
						"2.5667": [0, 0, 0],
						"3.2": [0, 0, 0]
					},
					"scale": {
						"0.0": [1, 1, 1],
						"2.1333": [1, 1, 1],
						"2.2333": [1, 0.3249, 1],
						"2.4": [1, 0, 1],
						"2.5667": [1, 0, 1],
						"2.8667": [1, 0.4421, 1],
						"3.2": [1, 1, 1]
					}
				},
				"indicator": {
					"position": [0, 0, 0],
					"scale": 1
				},
				"lazermuzzleflash": {
					"scale": 0
				}
			}
		},
		"animation.model.fire": {
			"loop": true,
			"animation_length": 0.417,
			"bones": {
				"main": {
					"rotation": {
						"0.0": [-0.165, 0, 0],
						"0.0417": [0, 0, 0]
					}
				},
				"lazermuzzleflash": {
					"rotation": {
						"0.0": [0, 0, 0],
						"0.0417": [0, 0, 360]
					},
					"position": [0, 0, -2],
					"scale": {
						"0.0": [6.25, 6.25, 6.25],
						"0.0417": [0, 0, 0]
					}
				}
			}
		}
	}
}