{
	"format_version": "1.8.0",
	"animations": {
		"animation.model.fire": {
			"loop": true,
			"animation_length": 0.06,
			"bones": {
				"gatling": {
					"rotation": {
						"0.0": [0, 0, 0],
						"0.059": [0, 0, 120],
						"0.06": [0, 0, 0]
					}
				},
				"leftarm": {
					"rotation": {
						"0.0": [0, 0, 0],
						"0.04": [-1.5, 0, 0]
					},
					"position": {
						"0.0": [0, 0, 0],
						"0.06": [0, 0.5, 0]
					}
				},
				"lazermuzzleflash": {
					"rotation": {
						"0.0": [0, 0, 360],
						"0.03": [0, 0, 0]
					},
					"position": [0, 0, -1],
					"scale": {
						"0.0": [10.25, 10.25, 10.25],
						"0.03": [0, 0, 0]
					}
				}
			}
		},
		"animation.model.reload": {
			"loop": true,
			"animation_length": 2.4167,
			"bones": {
				"main": {
					"rotation": {
						"0.0": [0, 0, 0],
						"0.2917": [0, 0, -20.83],
						"0.5": [0, 0, -25],
						"1.0": [0, 0, -22.5],
						"1.25": [0, 0, -29.09],
						"2.0417": [0, 0, -17.5],
						"2.0833": [-1.75, 0, -12.5],
						"2.3333": [0, 0, 2.5],
						"2.4167": [0, 0, 0]
					}
				},
				"magazine": {
					"position": {
						"0.3333": [0, 0, 0],
						"0.4167": [0, -2.67, 0],
						"0.5833": [0, -4, 0],
						"0.75": [0, -18.4, 24],
						"0.9167": [0, -22, 30],
						"1.4167": [0, -22, 30],
						"1.625": [0, -18.4, 24],
						"1.9167": [0, -4, 0],
						"2.0": [0, 0, 0]
					}
				},
				"leftarm": {
					"rotation": {
						"0.0": [0, 0, 0],
						"0.25": [16.3468, -42.4772, 37.03177],
						"0.3333": [19.1898, -48.24201, 40.41861],
						"0.5833": [8.9649, -17.94591, 47.38868],
						"1.9167": [8.9649, -17.94591, 47.38868],
						"2.0": [7.7752, -27.05223, 38.46761],
						"2.1667": [1.7722, -9.34747, 12.1099],
						"2.3333": [0, 0, 0]
					},
					"position": {
						"0.0": [0, 0, 0],
						"0.25": [3.71, -12.14, 3.57],
						"0.3333": [0.78, -13.1, 2.93],
						"0.5833": [-9, -16, 1],
						"0.75": [-8.4, -31, 23.4],
						"0.9167": [-8, -35, 29],
						"1.4167": [-8, -35, 29],
						"1.625": [-8.4, -31, 23.4],
						"1.9167": [-9, -16, 1],
						"2.0": [-7.22, -10.1, 2.93],
						"2.1667": [0.84, -12.07, 2.2],
						"2.3333": [0, 0, 0]
					}
				}
			},
			"sound_effects": {
				"0.0": {
					"effect": "movement1"
				},
				"0.0417": {
					"effect": "m3k-4_magout"
				},
				"1.25": {
					"effect": "mag_pick"
				},
				"1.5": {
					"effect": "movement3"
				},
				"1.5833": {
					"effect": "m3k-4_magin"
				}
			}
		},
		"animation.model.reloadempty": {
			"loop": true,
			"animation_length": 3,
			"bones": {
				"main": {
					"rotation": {
						"0.0": [0, 0, 0],
						"0.2917": [0, 0, -20.83],
						"0.5": [0, 0, -25],
						"1.0": [0, 0, -22.5],
						"1.25": [0, 0, -29.09],
						"1.9583": [0, 0, -25],
						"2.0": [-3.5, 0, -25],
						"2.2917": [0, 0, -25],
						"2.3333": [-3.5, 0, -25],
						"2.4583": [0, 0, -25],
						"2.625": [0, 0, -25],
						"2.6667": [0, 0, -27.5],
						"2.7917": [0, 0, -25],
						"3.0": [0, 0, 0]
					}
				},
				"magazine": {
					"position": {
						"0.3333": [0, 0, 0],
						"0.4167": [0, -2.67, 0],
						"0.5833": [0, -4, 0],
						"0.75": [0, -18.4, 24],
						"0.9167": [0, -22, 30],
						"1.4167": [0, -22, 30],
						"1.625": [0, -18.4, 24],
						"1.9167": [0, -4, 0],
						"2.0": [0, 0, 0]
					}
				},
				"leftarm": {
					"rotation": {
						"0.0": [0, 0, 0],
						"0.25": [16.3468, -42.4772, 37.03177],
						"0.3333": [19.1898, -48.24201, 40.41861],
						"0.5833": [8.9649, -17.94591, 47.38868],
						"1.9167": [8.9649, -17.94591, 47.38868],
						"2.0": [7.7752, -27.05223, 38.46761],
						"2.25": [3.32466, -25.70468, 14.43712],
						"2.3333": [17.38368, -36.34198, 39.56613],
						"2.5": [2.44032, -18.34567, 16.13411],
						"2.5833": [16.22828, 14.20992, -12.76604],
						"2.6667": [19.03905, 1.94731, -11.33044],
						"2.7917": [0, 0, 0]
					},
					"position": {
						"0.0": [0, 0, 0],
						"0.25": [3.71, -12.14, 3.57],
						"0.3333": [0.78, -13.1, 2.93],
						"0.5833": [-9, -16, 1],
						"0.75": [-8.4, -31, 23.4],
						"0.9167": [-8, -35, 29],
						"1.4167": [-8, -35, 29],
						"1.625": [-8.4, -31, 23.4],
						"1.9167": [-9, -16, 1],
						"2.0": [-7.22, -10.1, 2.93],
						"2.25": [-3.31, -16.86, 5.6],
						"2.3333": [-6.31, -16.86, 5.6],
						"2.5": [2.94, -13.86, 5.6],
						"2.5833": [-1.31, -4.86, 5.6],
						"2.6667": [-3.31, 2.14, 7.6],
						"2.7917": [0, 0, 0]
					}
				}
			},
			"sound_effects": {
				"0.0": {
					"effect": "movement1"
				},
				"0.0417": {
					"effect": "m3k-4_magout"
				},
				"1.25": {
					"effect": "mag_pick"
				},
				"1.5": {
					"effect": "movement3"
				},
				"1.5833": {
					"effect": "m3k-4_magin"
				},
				"2.2917": {
					"effect": "m3k-4_maghit"
				},
				"2.625": {
					"effect": "m3k-4_gunhit"
				}
			}
		},
		"animation.model.draw": {
			"loop": true,
			"animation_length": 1.2,
			"bones": {
				"holo": {
					"position": {
						"0.0": [0, 0, 0],
						"0.6": [0, -2, 0],
						"0.9": [0, 0, 0]
					},
					"scale": {
						"0.6": [1, 0, 1],
						"0.65": [1.0251, 0.14064, 0.97742],
						"0.7": [1.04265, 0.5766, 0.93358],
						"0.75": [1, 0.78563, 0.93546],
						"0.8": [0.95735, 0.89701, 0.95168],
						"0.85": [0.9749, 0.96232, 0.97408],
						"0.9": [1, 1, 1]
					}
				},
				"indicator": {
					"position": [0, 0, 0],
					"scale": {
						"0.25": [1, 1, 0],
						"0.65": [1, 1, 1]
					}
				},
				"leftradiator": {
					"rotation": {
						"0.64": [0, 0, -45],
						"1.0": [0, 0, -4.5],
						"1.2": [0, 0, 0]
					}
				},
				"rightradiator": {
					"rotation": {
						"0.0": [0, 0, 17.5],
						"0.64": [0, 0, 45],
						"1.0": [0, 0, 4.5],
						"1.2": [0, 0, 0]
					}
				},
				"main": {
					"rotation": {
						"0.0": [32.09413, -54.38778, -8.29667],
						"0.48": [0.50518, -5.08075, 6.8716],
						"0.74": [-2.20269, -0.6159, 0.3443],
						"0.98": [0, 0, 0]
					},
					"position": {
						"0.0": [0, -17.3, 0],
						"0.41": [-0.4, -2.525, -1.625],
						"0.62": [-0.05, 0, -2.49],
						"0.91": [0, 0, 0]
					}
				},
				"leftarm": {
					"rotation": {
						"0.0": [0, 0, 0],
						"0.22": [1, 0, -22],
						"0.47": [0, 0, 0]
					},
					"position": {
						"0.0": [0, 0, 0],
						"0.22": [3.53901, 3.6754, 5.59783],
						"0.47": [0, 0, 0]
					}
				}
			}
		},
		"animation.model.inspect": {
			"loop": true,
			"animation_length": 4.23333,
			"bones": {
				"holo": {
					"position": {
						"0.0": {
							"vector": [0, 0, 0]
						},
						"2.1333": {
							"vector": [0, 0, 0]
						},
						"2.4": {
							"vector": [0, 0, 0]
						},
						"2.5667": {
							"vector": [0, 0, 0]
						},
						"3.2": {
							"vector": [0, 0, 0]
						}
					},
					"scale": {
						"0.0": {
							"vector": [1, 1, 1]
						},
						"2.1333": {
							"vector": [1, 1, 1]
						},
						"2.2333": {
							"vector": [1, 0.3249, 1]
						},
						"2.4": {
							"vector": [1, 0, 1]
						},
						"2.5667": {
							"vector": [1, 0, 1]
						},
						"2.8667": {
							"vector": [1, 0.4421, 1]
						},
						"3.2": {
							"vector": [1, 1, 1]
						}
					}
				},
				"indicator": {
					"position": {
						"vector": [0, 0, 0]
					},
					"scale": {
						"vector": [1, 1, 1]
					}
				},
				"main": {
					"rotation": {
						"0.0": {
							"vector": [0, 0, 0]
						},
						"0.2": {
							"vector": [-8.41746, -13.59608, -21.21259]
						},
						"0.3667": {
							"vector": [-8.39812, -20.10111, -31.77688]
						},
						"0.5333": {
							"vector": [-9.55676, -20.88889, -28.55629]
						},
						"0.6667": {
							"vector": [-8.77652, -21.21647, -30.72851]
						},
						"0.9": {
							"vector": [-9.4227, -20.94881, -28.93303]
						},
						"1.1333": {
							"vector": [-3.1216, -20.98207, -46.44405]
						},
						"1.2667": {
							"vector": [-4.564, -20.73064, -42.44007]
						},
						"1.3667": {
							"vector": [-4.86325, -20.9153, -41.60203]
						},
						"1.4667": {
							"vector": [-4.58308, -20.97575, -42.38574]
						},
						"1.6": {
							"vector": [-4.01131, -21.08802, -43.97908]
						},
						"1.7333": {
							"vector": [-4.38767, -21.01662, -42.9316]
						},
						"1.8333": {
							"vector": [-4.18847, -21.05622, -43.48691]
						},
						"2.1667": {
							"vector": [-16.91438, 5.38499, 54.40399]
						},
						"2.3333": {
							"vector": [-15.22513, 5.80082, 60.04554]
						},
						"2.5333": {
							"vector": [-15.70981, 5.86025, 59.48558]
						},
						"2.6667": {
							"vector": [-15.93602, 7.03904, 62.69373]
						},
						"2.8": {
							"vector": [-15.60896, 7.75082, 65.23442]
						},
						"2.9667": {
							"vector": [-15.71675, 7.52491, 64.42194]
						},
						"3.1333": {
							"vector": [-15.56389, 7.84019, 65.55973]
						},
						"3.3333": {
							"vector": [-15.61778, 7.73186, 65.16659]
						},
						"3.6": {
							"vector": [-15.9801, 6.93689, 62.33342]
						},
						"3.8667": {
							"vector": [-8.86998, 2.42135, 33.56191]
						},
						"4.0333": {
							"vector": [0, -1.75, -2.75]
						},
						"4.2": {
							"vector": [0, 0, 0]
						}
					},
					"position": {
						"0.0": {
							"vector": [0, 0, 0]
						},
						"0.3667": {
							"vector": [-0.475, 1.475, -8.7]
						},
						"0.5": {
							"vector": [-0.195, 1, -7.7]
						},
						"0.6667": {
							"vector": [-0.03, 0.725, -7.7]
						},
						"0.8333": {
							"vector": [0, 1.125, -7.7]
						},
						"1.0333": {
							"vector": [0.125, 1.4, -8.275]
						},
						"1.3333": {
							"vector": [-0.02, 1.475, -8]
						},
						"1.5333": {
							"vector": [0.11, 1.425, -8.175]
						},
						"1.8": {
							"vector": [0.275, 1.25, -7.975]
						},
						"1.9333": {
							"vector": [-2.13, -0.19, -8.65]
						},
						"2.1": {
							"vector": [-4.545, 0.675, -11.15]
						},
						"2.3": {
							"vector": [-4.415, 7.605, -10.545]
						},
						"2.4333": {
							"vector": [-4.49, 8.57, -9.63]
						},
						"2.5": {
							"vector": [-4.525, 7.545, -9.17]
						},
						"2.6333": {
							"vector": [-4.49, 7.57, -9.85]
						},
						"2.8": {
							"vector": [-4.455, 7.5, -9.24]
						},
						"3.0": {
							"vector": [-4.53, 7.5, -9.27]
						},
						"3.2333": {
							"vector": [-4.49, 7.59, -9.3]
						},
						"3.5": {
							"vector": [-4.545, 7.675, -9.325]
						},
						"3.7667": {
							"vector": [-5.005, 2.39, -7.41]
						},
						"4.1333": {
							"vector": [0, 0, 0]
						}
					}
				},
				"rightarm": {
					"rotation": {
						"0.0": {
							"vector": [0, 0, 0]
						},
						"4.1667": {
							"vector": [0, 0, 5]
						}
					},
					"position": {
						"0.0": {
							"vector": [0, 0, 0]
						},
						"4.1667": {
							"vector": [0.25, 0, 0]
						}
					}
				},
				"leftarm": {
					"rotation": {
						"0.0": {
							"vector": [0, 0, 0]
						},
						"0.6333": {
							"vector": [0, 0, 0]
						},
						"1.0": {
							"vector": [-10.18545, -2.97136, 48.38055]
						},
						"1.8667": {
							"vector": [-10.18545, -2.97136, 48.38055]
						},
						"2.1667": {
							"vector": [0, 0, 0]
						}
					},
					"position": {
						"0.0": {
							"vector": [0, 0, 0]
						},
						"0.6333": {
							"vector": [0, 0, 0]
						},
						"1.0": {
							"vector": [11.23986, -30.20851, 24.64864]
						},
						"1.8667": {
							"vector": [11.23986, -30.20851, 24.64864]
						},
						"2.1667": {
							"vector": [0, 0, 0]
						}
					}
				}
			}
		}
	},
	"geckolib_format_version": 2
}