{
	"format_version": "1.8.0",
	"animations": {
		"animation.model.draw": {
			"loop": true,
			"animation_length": 1.2,
			"bones": {
				"leftarm": {
					"rotation": {
						"0.0": [0, 0, 0],
						"0.22": [1, 0, -22],
						"0.47": [0, 0, 0]
					},
					"position": {
						"0.0": [0, 0, 0],
						"0.22": [3.53901, 3.6754, 5.59783],
						"0.47": [0, 0, 0]
					}
				},
				"main": {
					"rotation": {
						"0.0": [32.09413, -54.38778, -8.29667],
						"0.4": [0.50518, -5.08075, 6.8716],
						"0.6": [0.29731, -0.6159, 0.3443],
						"0.74": [0, 0, 0]
					},
					"position": {
						"0.0": [0, -17.3, 0],
						"0.27": [-0.4, -2.525, -1.625],
						"0.48": [-0.05, 0, -2.49],
						"0.67": [0, 0, 0]
					}
				},
				"holo": {
					"position": {
						"0.0": [0, 0, 0],
						"0.6": [0, -2, 0],
						"0.9": [0, 0, 0]
					},
					"scale": {
						"0.6": [1, 0, 1],
						"0.65": [1.0251, 0.14064, 0.97742],
						"0.7": [1.04265, 0.5766, 0.93358],
						"0.75": [1, 0.78563, 0.93546],
						"0.8": [0.95735, 0.89701, 0.95168],
						"0.85": [0.9749, 0.96232, 0.97408],
						"0.9": [1, 1, 1]
					}
				},
				"indicator": {
					"position": [0, 0, 0],
					"scale": {
						"0.25": [1, 1, 0],
						"0.65": [1, 1, 1]
					}
				},
				"leftradiator": {
					"rotation": {
						"0.64": [0, 0, -45],
						"1.0": [0, 0, -4.5],
						"1.2": [0, 0, 0]
					}
				},
				"rightradiator": {
					"rotation": {
						"0.0": [0, 0, 17.5],
						"0.64": [0, 0, 45],
						"1.0": [0, 0, 4.5],
						"1.2": [0, 0, 0]
					}
				}
			},
			"sound_effects": {
				"0.01": {
					"effect": "emlr_mk7_draw"
				}
			}
		},
		"animation.model.inspect": {
			"loop": true,
			"animation_length": 4.23333,
			"bones": {
				"main": {
					"rotation": {
						"0.0": [0, 0, 0],
						"0.2": [-8.41746, -13.59608, -21.21259],
						"0.3667": [-8.39812, -20.10111, -31.77688],
						"0.5333": [-9.55676, -20.88889, -28.55629],
						"0.6667": [-8.77652, -21.21647, -30.72851],
						"0.9": [-9.4227, -20.94881, -28.93303],
						"1.1333": [-3.1216, -20.98207, -46.44405],
						"1.2667": [-4.564, -20.73064, -42.44007],
						"1.3667": [-4.86325, -20.9153, -41.60203],
						"1.4667": [-4.58308, -20.97575, -42.38574],
						"1.6": [-4.01131, -21.08802, -43.97908],
						"1.7333": [-4.38767, -21.01662, -42.9316],
						"1.8333": [-4.18847, -21.05622, -43.48691],
						"2.1667": [-16.91438, 5.38499, 54.40399],
						"2.3333": [-15.22513, 5.80082, 60.04554],
						"2.5333": [-15.70981, 5.86025, 59.48558],
						"2.6667": [-16.21796, 6.34661, 60.27503],
						"2.8": [-15.60896, 7.75082, 65.23442],
						"2.9667": [-8.63174, 15.14765, 99.31216],
						"3.1333": [-8.31595, 15.31944, 100.51249],
						"3.3333": [-7.04161, 15.93452, 105.24178],
						"3.6": [-7.85845, 15.55635, 102.2332],
						"3.8667": [-7.95077, 4.6277, 48.42796],
						"4.0333": [0, -1.75, -2.75],
						"4.2": [0, 0, 0]
					},
					"position": {
						"0.0": [0, 0, 0],
						"0.3667": [-0.475, 1.475, -8.7],
						"0.5": [-0.195, 1, -7.7],
						"0.6667": [-0.03, 0.725, -7.7],
						"0.8333": [0, 1.125, -7.7],
						"1.0333": [0.125, 1.4, -8.275],
						"1.3333": [-0.02, 1.475, -8],
						"1.5333": [0.11, 1.425, -8.175],
						"1.8": [0.275, 1.25, -7.975],
						"1.9333": [-2.13, -0.19, -8.65],
						"2.3": [2.585, -6.395, -10.545],
						"2.4333": [1.585, -7.195, -10.545],
						"2.5": [0.585, -6.395, -10.545],
						"2.6333": [0.585, -6.395, -10.295],
						"2.8": [0.76, -6.195, -10.295],
						"3.0": [0.585, -6.395, -13.645],
						"3.2333": [0.585, -6.395, -17.87],
						"3.5": [0.585, -6.395, -16.545],
						"3.7667": [0.585, -6.395, -12.545],
						"4.1333": [0, 0, 0]
					}
				},
				"leftarm": {
					"rotation": {
						"0.0": [0, 0, 0],
						"0.2": [0, 0, -2.5],
						"1.8667": [0, 0, -2.5],
						"2.1667": [0, 0, 0]
					},
					"position": {
						"0.0": [0, 0, 0],
						"0.2": [11.23986, -30.20851, 24.64864],
						"1.8667": [11.23986, -30.20851, 24.64864],
						"2.1667": [0, 0, 0]
					}
				},
				"holo": {
					"position": {
						"0.0": [0, 0, 0],
						"2.1333": [0, 0, 0],
						"2.4": [0, 0, 0],
						"2.5667": [0, 0, 0],
						"3.2": [0, 0, 0]
					},
					"scale": {
						"0.0": [1, 1, 1],
						"2.1333": [1, 1, 1],
						"2.2333": [1, 0.3249, 1],
						"2.4": [1, 0, 1],
						"2.5667": [1, 0, 1],
						"2.8667": [1, 0.4421, 1],
						"3.2": [1, 1, 1]
					}
				},
				"indicator": {
					"position": [0, 0, 0],
					"scale": 1
				},
				"rightarm": {
					"rotation": {
						"0.0": [0, 0, 0],
						"4.1667": [0, 0, 5]
					},
					"position": {
						"0.0": [0, 0, 0],
						"4.1667": [0.25, 0, 0]
					}
				}
			}
		},
		"animation.model.fire": {
			"loop": true,
			"animation_length": 0.1,
			"bones": {
				"trigger": {
					"rotation": {
						"vector": [25, 0, 0]
					},
					"position": {
						"vector": [0, 0.1, 0]
					}
				},
				"main": {
					"rotation": {
						"0.0": {
							"vector": [-0.5, 0, 0]
						},
						"0.1": {
							"vector": [0, 0, 0]
						}
					}
				},
				"qmgmuzzleflash": {
					"position": {
						"0.0": {
							"vector": [0, 2.55, 3]
						},
						"0.1": {
							"vector": [0, 2.85, -3]
						}
					},
					"scale": {
						"vector": [1.5, 1.8, 1.5]
					}
				},
				"qmgmuzzleflash2": {
					"position": {
						"0.0": {
							"vector": [0, 0, 0]
						},
						"0.1": {
							"vector": [0, 0, -4]
						}
					}
				},
				"qmgmuzzleflash4": {
					"position": {
						"0.0": {
							"vector": [0, 0, 0]
						},
						"0.1": {
							"vector": [0, 0, -4]
						}
					}
				},
				"qmgmuzzleflash3": {
					"position": {
						"0.0": {
							"vector": [0, 0, 0]
						},
						"0.1": {
							"vector": [0, 0, -4]
						}
					}
				}
			}
		},
		"animation.model.reloadempty": {
			"loop": true,
			"animation_length": 1.6667,
			"bones": {
				"main": {
					"rotation": {
						"0.0": [0, 0, 0],
						"0.0833": [-1, 0, -4.5],
						"0.2083": [-5, 0, -22.5],
						"0.3333": [-22.5, 0, -22.5],
						"0.4583": [-11.67, 0, -22.5],
						"0.5833": [-10, 0, -22.5],
						"0.7083": [-11.05249, -1.72619, -27.31919],
						"0.7917": [-12.5, 0, -22.5],
						"0.9167": [-22.5, 0, -22.5],
						"1.1667": [-9.5, 0, -10.13],
						"1.2917": [-7.5464, -2.46233, -34.12153],
						"1.375": [-9.52784, -1.4774, -20.47292],
						"1.4167": [-11.35189, -0.98493, -13.64861],
						"1.6667": [0, 0, 0]
					},
					"position": {
						"0.0": [0, 0, 0],
						"0.0833": [0, 0.6, 0],
						"0.2083": [0, 3, 0],
						"0.3333": [0, 4, -1],
						"0.4583": [0, 3, 0],
						"0.5833": [0, 3, 0],
						"0.7917": [0, 3.2, -0.2],
						"0.9167": [0, 4, -1],
						"1.1667": [0, 1.8, 0],
						"1.25": [-1, 1.6, 0],
						"1.2917": [-3, -0.8, 0],
						"1.6667": [0, 0, 0]
					}
				},
				"leftarm": {
					"rotation": {
						"0.0": [0, 0, 0],
						"0.1667": [-0.12, 1.88, -0.17],
						"0.2917": [-0.26, 4.13, -0.38],
						"0.375": [-0.46964, 7.50744, -0.69482],
						"0.5417": [11.03961, 0.21289, -2.70112],
						"0.875": [11.03961, 0.21289, -2.70112],
						"0.9583": [8.54, 0.21, -2.7],
						"1.0": [6.03961, 0.21289, -2.70112],
						"1.0833": [-8.62, -6.69, 13.3],
						"1.1667": [-23.2809, -13.60281, 29.30509],
						"1.2917": [-26.38076, 5.48063, 9.32208],
						"1.375": [-26.38076, 5.48063, 9.32208],
						"1.5833": [0, 0, 0]
					},
					"position": {
						"0.0": [0, 0, 0],
						"0.1667": [0.75, 0, 2.75],
						"0.2917": [0.45, -0.4, 6.05],
						"0.375": [0, -1, 11],
						"0.5417": [4, -9, 11],
						"0.6667": [4, -19, 11],
						"0.75": [4, -19, 11],
						"0.875": [-2, -9, 11.4],
						"0.9583": [-2, -6, 11.9],
						"1.0": [-2, -3, 12.4],
						"1.0833": [-0.5, -3, 9.9],
						"1.1667": [1, -3, 7.4],
						"1.2917": [1, -3, 7.4],
						"1.375": [1, -3, 7.4],
						"1.6667": [0, 0, 0]
					}
				},
				"gun": {
					"rotation": [0, 0, 0]
				},
				"magazine": {
					"position": {
						"0.0": [0, 0, 0],
						"0.375": [0, 0, 0],
						"0.5417": [-0.5, -11, -2],
						"0.6667": [-11, -36.67, -2],
						"0.75": [5, -25.67, -2],
						"0.875": [-0.5, -11, -2],
						"0.9583": [-0.25, -5.5, -1],
						"1.0": [0, 0, 0]
					}
				},
				"magazine2": {
					"scale": 0
				}
			},
			"sound_effects": {
				"0.0": {
					"effect": "movement3"
				},
				"0.4167": {
					"effect": "rc2_jqmg_magout"
				},
				"0.5": {
					"effect": "mag_pick"
				},
				"0.9167": {
					"effect": "rc2_jqmg_magin"
				},
				"1.25": {
					"effect": "rc2_qmg_maghit"
				}
			}
		},
		"animation.model.reload": {
			"loop": true,
			"animation_length": 1.33333,
			"bones": {
				"main": {
					"rotation": {
						"0.0": [0, 0, 0],
						"0.125": [-9.98509, 0.56387, -9.54788],
						"0.2083": [-12.49527, 0.21782, -20.0095],
						"0.3333": [-10, 0, -22.5],
						"0.5": [-17, 0, -22.5],
						"0.7083": [-12.49763, -0.10839, -22.48813],
						"0.8333": [-9.99527, -0.21782, -24.9905],
						"0.9167": [-16.90028, -1.55508, -29.83791],
						"1.125": [-10, 0, -22.5],
						"1.3333": [0, 0, 0]
					},
					"position": {
						"0.0": [0, 0, 0],
						"0.125": [0, 3, 0],
						"0.2083": [0, 2.8, 0],
						"0.3333": [0, 3, 0],
						"0.5": [0, 4, 0],
						"0.7083": [-1, 2.8, 0],
						"0.8333": [-1, 3, 0],
						"0.9167": [-1, 4, 0],
						"1.125": [0, 3, 0],
						"1.3333": [0, 0, 0]
					}
				},
				"leftarm": {
					"rotation": {
						"0.0": [0, 0, 0],
						"0.4167": [8.54, 0.21, -2.7],
						"0.5": [6.03961, 0.21289, -2.70112],
						"0.5833": [6.03961, 0.21289, -2.70112],
						"0.6667": [8.54, 0.21, -2.7],
						"0.75": [7.94164, -8.1569, -4.31459],
						"0.9167": [-1.46039, 0.21289, -2.70112],
						"1.0": [-1.46039, 0.21289, -2.70112],
						"1.0833": [11.03961, 0.21289, -2.70112],
						"1.3333": [0, 0, 0]
					},
					"position": {
						"0.0": [0, 0, 0],
						"0.25": [1, -14, 11],
						"0.3333": [-3, -9, 11.4],
						"0.4167": [-3, -6, 11.9],
						"0.5": [-3, -3, 12.4],
						"0.5833": [-3, -3, 12.4],
						"0.6667": [-3, -6, 12.9],
						"0.75": [-3, -6, 12.9],
						"0.9167": [0, -4, 12.4],
						"1.0": [0, -4, 12.4],
						"1.0833": [0, -9, 11.4],
						"1.1667": [4, -19, 11],
						"1.3333": [0, 0, 0]
					}
				},
				"magazine": {
					"position": {
						"0.0": [0, 0, 0],
						"0.5833": [0, 0, 0],
						"0.6667": [0, -6, 0],
						"0.75": [3.5, -6, 0],
						"0.9167": [3.5, 0, 0],
						"1.0": [3.5, 0, 0],
						"1.0833": [3.5, -11, 0],
						"1.1667": [6.5, -21, 0]
					}
				},
				"magazine2": {
					"position": {
						"0.25": [5, -25.67, -2],
						"0.3333": [-0.5, -11, -2],
						"0.5": [-3, -4, 0],
						"0.5833": [-3, -4, 0],
						"0.6667": [-3, -6, 0],
						"0.75": [0, -6, 0],
						"0.9167": [0, 0, 0]
					}
				}
			},
			"sound_effects": {
				"0.0": {
					"effect": "movement1"
				},
				"0.125": {
					"effect": "mag_pick"
				},
				"0.5417": {
					"effect": "rc2_jqmg_magout"
				},
				"0.5833": {
					"effect": "movement1"
				},
				"0.7917": {
					"effect": "rc2_jqmg_magin"
				},
				"1.0": {
					"effect": "foley_end"
				}
			}
		}
	},
	"geckolib_format_version": 2
}