{
	"format_version": "1.8.0",
	"animations": {
		"animation.model.reloadempty": {
			"loop": true,
			"animation_length": 2.0667,
			"bones": {
				"bullet": {
					"position": {
						"0.0": [0, -1, 0],
						"0.6667": [0, -1, 0],
						"0.7": [0, 0, 0]
					}
				},
				"leftarm": {
					"rotation": {
						"0.0": [0, 0, 0],
						"0.1333": [34.45953, -8.00733, -0.57368],
						"0.4": [34.45953, -8.00733, -0.57368],
						"0.8": [-2.95113, -0.91177, 33.50876],
						"0.8667": [-2.41702, -23.30568, 35.76921],
						"0.9": [-2.95113, -0.91177, 33.50876],
						"0.9333": [-4.01081, 13.99524, 31.52893],
						"1.0667": [-3.56736, 9.02981, 32.26471],
						"1.2": [-30.75652, -15.21345, -31.33162],
						"1.3": [-22.30003, -20.4124, -42.807],
						"1.4": [-26.18185, -47.4401, -34.30528],
						"1.4667": [-24.10756, -18.59814, -49.58718],
						"1.8333": [-30.75652, -15.21345, -31.33162],
						"1.9": [-10.95391, -9.12807, -18.79897],
						"2.0333": [0, 0, 0]
					},
					"position": {
						"0.0": [0, 0, 0],
						"0.1333": [9, -8, 31],
						"0.4": [9, -8, 31],
						"0.8": [9, 5, 1],
						"0.8667": [10, 5, 1],
						"0.9": [9, 5, 1],
						"0.9333": [8, 6, 1],
						"1.0667": [8, 6, 1],
						"1.2": [5, 4, -1],
						"1.3": [5, 8, 1],
						"1.4": [2.09, 12, -2],
						"1.4667": [2.09, 12, -2],
						"1.8333": [8, 8, 1],
						"1.9": [6.6, 4.6, 0.7],
						"2.0333": [0, 0, 0]
					}
				},
				"main": {
					"rotation": {
						"0.0": [0, 0, 0],
						"0.2": [-3.21418, -2.74615, 14.03696],
						"0.3": [-6.78936, -0.75711, 26.39859],
						"0.4": [-9.37373, 1.16649, 38.6683],
						"0.5": [-9.0776, 2.21123, 43.40364],
						"0.9333": [-9.5442, 10.07049, 52.90644],
						"1.0": [-9.47879, 4.82966, 55.44976],
						"1.1": [-7.48442, 0.57801, 46.96633],
						"1.2333": [-4.21933, 5.1809, 46.79886],
						"1.3667": [-4.85299, 0.48576, 46.10091],
						"1.4333": [-3.05913, -0.40735, 45.79057],
						"1.4667": [6.44593, -3.85736, 44.86444],
						"1.6333": [1.32712, -1.28258, 36.65615],
						"1.6667": [0, 0, 32.75],
						"1.7667": [0, 0, 18.87],
						"1.9333": [0, 0, -4.69],
						"2.0667": [0, 0, 0]
					},
					"position": {
						"0.0": [0, 0, 0],
						"0.1333": [-2.645, 1.58, 1.575],
						"0.3667": [-6.35, 3.25, 4.05],
						"0.5667": [-12.15, 3.4, 6],
						"0.6667": [-12.52, 4.28, 6.975],
						"0.8": [-12.85, 3.725, 5.25],
						"0.9": [-12.65, 4.525, 4.75],
						"1.0": [-13.35, 5.775, 5.525],
						"1.1333": [-13.575, 3.9, 4.925],
						"1.2333": [-13.65, 3.85, 6.29],
						"1.3667": [-12.57, 3.78, 4.45],
						"1.4": [-12, 3.7, 4.6],
						"1.4667": [-11.11, 2.7, 4.14],
						"1.7": [-8, 2.575, 2.55],
						"1.8": [0, 0, 0]
					}
				},
				"magazine": {
					"rotation": {
						"0.0": [0, 0, 0],
						"0.3667": [30.69205, 17.44048, -18.85056],
						"0.4": [23.19205, 17.44048, -18.85056],
						"0.8": [-3.50478, 22.92414, 29.68218],
						"0.8667": [-5.72777, 0.46191, 31.02272],
						"0.9": [-3.50478, 22.92414, 29.68218],
						"0.9333": [-4.09126, 37.89176, 28.53338],
						"1.0333": [-3.84522, 32.90372, 28.95773],
						"1.2": [0, 0, 0]
					},
					"position": {
						"0.0": [0, 0, 0],
						"0.3667": [21, -29, 31],
						"0.4": [11.25, -29, 31],
						"0.8": [13, 2.75, 7],
						"0.8667": [17.5, 0.75, 7],
						"0.9": [13, 2.75, 7],
						"0.9333": [5.75, 4.75, 8],
						"1.0333": [8, 4.75, 8],
						"1.2": [0, 0, 0]
					},
					"scale": {
						"0.0": [0, 0, 0],
						"0.3667": [0, 0, 0],
						"0.4": [1, 1, 1]
					}
				},
				"magazine2": {
					"rotation": {
						"0.0": [0, 0, 0],
						"0.9333": [0, 0, -10],
						"1.1": [0, 0, -32.5],
						"1.3333": [0, 0, -70],
						"1.6": [0, 0, -145]
					},
					"position": {
						"0.0": [0, 0, 0],
						"0.9": [0.04, 0, 0],
						"0.9333": [-7, 0, 0],
						"1.1": [-24, -10, 0],
						"1.1667": [-34.5, -21.29, 0],
						"1.2333": [-46.25, -37.07, 0],
						"1.3333": [-59.25, -64.5, 0],
						"1.6": [-67, -120, 0]
					},
					"scale": {
						"0.0": [1, 1, 1],
						"1.4": [1, 1, 1],
						"1.4333": [0, 0, 0],
						"1.6": [0, 0, 0]
					}
				},
				"leftradiator": {
					"rotation": {
						"0.0": [0, 0, 0],
						"0.4": [0, 0, 0],
						"0.4333": [0, 0, -45],
						"1.5": [0, 0, -45],
						"2.0667": [0, 0, 0]
					}
				},
				"rightradiator": {
					"rotation": {
						"0.0": [0, 0, 0],
						"0.4": [0, 0, 0],
						"0.4333": [0, 0, 45],
						"1.5": [0, 0, 45],
						"2.0667": [0, 0, 0]
					}
				},
				"magazine3": {
					"scale": 0
				}
			},
			"sound_effects": {
				"0.0": {
					"effect": "foley_start"
				},
				"0.1333": {
					"effect": "mag_pick"
				},
				"0.9": {
					"effect": "rc2_qmg_maghit"
				},
				"0.9333": {
					"effect": "rc2_qmg_magout"
				},
				"1.1333": {
					"effect": "rc2_qmg_magin"
				},
				"1.4667": {
					"effect": "rc2_qmg_maghit"
				},
				"1.8": {
					"effect": "foley_end"
				}
			}
		},
		"animation.model.draw": {
			"loop": true,
			"animation_length": 1.2,
			"bones": {
				"leftarm": {
					"rotation": {
						"0.0": [0, 0, 0],
						"0.22": [1, 0, -22],
						"0.47": [0, 0, 0]
					},
					"position": {
						"0.0": [0, 0, 0],
						"0.22": [3.53901, 3.6754, 5.59783],
						"0.47": [0, 0, 0]
					}
				},
				"main": {
					"rotation": {
						"0.0": [32.09413, -54.38778, -8.29667],
						"0.4": [0.50518, -5.08075, 6.8716],
						"0.6": [0.29731, -0.6159, 0.3443],
						"0.74": [0, 0, 0]
					},
					"position": {
						"0.0": [0, -17.3, 0],
						"0.27": [-0.4, -2.525, -1.625],
						"0.48": [-0.05, 0, -2.49],
						"0.67": [0, 0, 0]
					}
				},
				"holo": {
					"position": {
						"0.0": [0, 0, 0],
						"0.6": [0, -2, 0],
						"0.9": [0, 0, 0]
					},
					"scale": {
						"0.6": [1, 0, 1],
						"0.65": [1.0251, 0.14064, 0.97742],
						"0.7": [1.04265, 0.5766, 0.93358],
						"0.75": [1, 0.78563, 0.93546],
						"0.8": [0.95735, 0.89701, 0.95168],
						"0.85": [0.9749, 0.96232, 0.97408],
						"0.9": [1, 1, 1]
					}
				},
				"indicator": {
					"position": [0, 0, 0],
					"scale": {
						"0.25": [1, 1, 0],
						"0.65": [1, 1, 1]
					}
				},
				"leftradiator": {
					"rotation": {
						"0.64": [0, 0, -45],
						"1.0": [0, 0, -4.5],
						"1.2": [0, 0, 0]
					}
				},
				"rightradiator": {
					"rotation": {
						"0.0": [0, 0, 17.5],
						"0.64": [0, 0, 45],
						"1.0": [0, 0, 4.5],
						"1.2": [0, 0, 0]
					}
				}
			},
			"sound_effects": {
				"0.01": {
					"effect": "emlr_mk7_draw"
				}
			}
		},
		"animation.model.inspect": {
			"loop": true,
			"animation_length": 4.23333,
			"bones": {
				"main": {
					"rotation": {
						"0.0": [0, 0, 0],
						"0.2": [-8.41746, -13.59608, -21.21259],
						"0.3667": [-8.39812, -20.10111, -31.77688],
						"0.5333": [-9.55676, -20.88889, -28.55629],
						"0.6667": [-8.77652, -21.21647, -30.72851],
						"0.9": [-9.4227, -20.94881, -28.93303],
						"1.1333": [-3.1216, -20.98207, -46.44405],
						"1.2667": [-4.564, -20.73064, -42.44007],
						"1.3667": [-4.86325, -20.9153, -41.60203],
						"1.4667": [-4.58308, -20.97575, -42.38574],
						"1.6": [-4.01131, -21.08802, -43.97908],
						"1.7333": [-4.38767, -21.01662, -42.9316],
						"1.8333": [-4.18847, -21.05622, -43.48691],
						"2.1667": [-16.91438, 5.38499, 54.40399],
						"2.3333": [-15.22513, 5.80082, 60.04554],
						"2.5333": [-15.70981, 5.86025, 59.48558],
						"2.6667": [-15.93602, 7.03904, 62.69373],
						"2.8": [-15.60896, 7.75082, 65.23442],
						"2.9667": [-15.71675, 7.52491, 64.42194],
						"3.1333": [-15.56389, 7.84019, 65.55973],
						"3.3333": [-15.61778, 7.73186, 65.16659],
						"3.6": [-15.9801, 6.93689, 62.33342],
						"3.8667": [-8.86998, 2.42135, 33.56191],
						"4.0333": [0, -1.75, -2.75],
						"4.2": [0, 0, 0]
					},
					"position": {
						"0.0": [0, 0, 0],
						"0.3667": [-0.475, 1.475, -8.7],
						"0.5": [-0.195, 1, -7.7],
						"0.6667": [-0.03, 0.725, -7.7],
						"0.8333": [0, 1.125, -7.7],
						"1.0333": [0.125, 1.4, -8.275],
						"1.3333": [-0.02, 1.475, -8],
						"1.5333": [0.11, 1.425, -8.175],
						"1.8": [0.275, 1.25, -7.975],
						"1.9333": [-2.13, -0.19, -8.65],
						"2.1": [-4.545, 0.675, -11.15],
						"2.3": [-4.415, 7.605, -10.545],
						"2.4333": [-4.49, 8.57, -9.63],
						"2.5": [-4.525, 7.545, -9.17],
						"2.6333": [-4.49, 7.57, -9.85],
						"2.8": [-4.455, 7.5, -9.24],
						"3.0": [-4.53, 7.5, -9.27],
						"3.2333": [-4.49, 7.59, -9.3],
						"3.5": [-4.545, 7.675, -9.325],
						"3.7667": [-5.005, 2.39, -7.41],
						"4.1333": [0, 0, 0]
					}
				},
				"leftarm": {
					"rotation": {
						"0.0": [0, 0, 0],
						"0.2": [0, 0, -2.5],
						"1.8667": [0, 0, -2.5],
						"2.1667": [0, 0, 0]
					},
					"position": {
						"0.0": [0, 0, 0],
						"0.2": [11.23986, -30.20851, 24.64864],
						"1.8667": [11.23986, -30.20851, 24.64864],
						"2.1667": [0, 0, 0]
					}
				},
				"holo": {
					"position": {
						"0.0": [0, 0, 0],
						"2.1333": [0, 0, 0],
						"2.4": [0, 0, 0],
						"2.5667": [0, 0, 0],
						"3.2": [0, 0, 0]
					},
					"scale": {
						"0.0": [1, 1, 1],
						"2.1333": [1, 1, 1],
						"2.2333": [1, 0.3249, 1],
						"2.4": [1, 0, 1],
						"2.5667": [1, 0, 1],
						"2.8667": [1, 0.4421, 1],
						"3.2": [1, 1, 1]
					}
				},
				"indicator": {
					"position": [0, 0, 0],
					"scale": 1
				},
				"rightarm": {
					"rotation": {
						"0.0": [0, 0, 0],
						"4.1667": [0, 0, 5]
					},
					"position": {
						"0.0": [0, 0, 0],
						"4.1667": [0.25, 0, 0]
					}
				}
			}
		},
		"animation.model.fire": {
			"loop": true,
			"animation_length": 0.1,
			"bones": {
				"trigger": {
					"rotation": [25, 0, 0],
					"position": [0, 0.1, 0]
				},
				"main": {
					"rotation": {
						"0.0": [-0.5, 0, 0],
						"0.1": [0, 0, 0]
					}
				},
				"qmgmuzzleflash": {
					"position": {
						"0.0": [0, -0.15, 3],
						"0.1": [0, -0.15, -4]
					},
					"scale": 1.5
				},
				"qmgmuzzleflash2": {
					"position": {
						"0.0": [0, 0, 0],
						"0.1": [0, 0, -4]
					}
				},
				"qmgmuzzleflash4": {
					"position": {
						"0.0": [0, 0, 0],
						"0.1": [0, 0, -4]
					}
				},
				"qmgmuzzleflash3": {
					"position": {
						"0.0": [0, 0, 0],
						"0.1": [0, 0, -4]
					}
				}
			}
		},
		"animation.model.reload": {
			"loop": true,
			"animation_length": 2.3,
			"blend_weight": "1",
			"bones": {
				"leftarm": {
					"rotation": {
						"0.0": [0, 0, 0],
						"0.1333": [34.45953, -8.00733, -0.57368],
						"0.4": [34.45953, -8.00733, -0.57368],
						"0.8": [-2.95113, -0.91177, 33.50876],
						"0.8667": [-2.41702, -23.30568, 35.76921],
						"0.9": [-2.95113, -0.91177, 33.50876],
						"0.9333": [-4.01081, 13.99524, 31.52893],
						"1.0667": [-3.56736, 9.02981, 32.26471],
						"1.2": [-30.75652, -15.21345, -31.33162],
						"1.3": [-22.30003, -20.4124, -42.807],
						"1.4": [-26.18185, -47.4401, -34.30528],
						"1.4667": [-24.10756, -18.59814, -49.58718],
						"1.8333": [-30.75652, -15.21345, -31.33162],
						"1.9": [-10.95391, -9.12807, -18.79897],
						"2.0333": [0, 0, 0]
					},
					"position": {
						"0.0": [0, 0, 0],
						"0.1333": [9, -8, 31],
						"0.4": [9, -8, 31],
						"0.8": [9, 5, 1],
						"0.8667": [10, 5, 1],
						"0.9": [9, 5, 1],
						"0.9333": [8, 6, 1],
						"1.0667": [8, 6, 1],
						"1.2": [5, 4, -1],
						"1.3": [5, 8, 1],
						"1.4": [2.09, 12, -2],
						"1.4667": [2.09, 12, -2],
						"1.8333": [8, 8, 1],
						"1.9": [6.6, 4.6, 0.7],
						"2.0333": [0, 0, 0]
					}
				},
				"main": {
					"rotation": {
						"0.0": [0, 0, 0],
						"0.2": [-3.21418, -2.74615, 14.03696],
						"0.3": [-6.78936, -0.75711, 26.39859],
						"0.4": [-9.37373, 1.16649, 38.6683],
						"0.5": [-9.0776, 2.21123, 43.40364],
						"0.9333": [-9.5442, 10.07049, 52.90644],
						"1.0": [-9.47879, 4.82966, 55.44976],
						"1.1": [-7.48442, 0.57801, 46.96633],
						"1.2333": [-4.21933, 5.1809, 46.79886],
						"1.3667": [-4.85299, 0.48576, 46.10091],
						"1.4333": [-3.05913, -0.40735, 45.79057],
						"1.4667": [6.44593, -3.85736, 44.86444],
						"1.6333": [1.32712, -1.28258, 36.65615],
						"1.6667": [0, 0, 32.75],
						"1.7667": [0, 0, 18.87],
						"1.9333": [0, 0, -4.69],
						"2.0667": [0, 0, 0]
					},
					"position": {
						"0.0": [0, 0, 0],
						"0.1333": [-2.645, 1.58, 1.575],
						"0.3667": [-6.35, 3.25, 4.05],
						"0.5667": [-12.15, 3.4, 6],
						"0.6667": [-12.52, 4.28, 6.975],
						"0.8": [-12.85, 3.725, 5.25],
						"0.9": [-12.65, 4.525, 4.75],
						"1.0": [-13.35, 5.775, 5.525],
						"1.1333": [-13.575, 3.9, 4.925],
						"1.2333": [-13.65, 3.85, 6.29],
						"1.3667": [-12.57, 3.78, 4.45],
						"1.4": [-12, 3.7, 4.6],
						"1.4667": [-11.11, 2.7, 4.14],
						"1.7": [-8, 2.575, 2.55],
						"1.8": [0, 0, 0]
					}
				},
				"magazine": {
					"rotation": {
						"0.0": [0, 0, 0],
						"0.3667": [30.69205, 17.44048, -18.85056],
						"0.4": [23.19205, 17.44048, -18.85056],
						"0.8": [-3.50478, 22.92414, 29.68218],
						"0.8667": [-5.72777, 0.46191, 31.02272],
						"0.9": [-3.50478, 22.92414, 29.68218],
						"0.9333": [-4.09126, 37.89176, 28.53338],
						"1.0333": [-3.84522, 32.90372, 28.95773],
						"1.2": [0, 0, 0]
					},
					"position": {
						"0.0": [0, 0, 0],
						"0.3667": [21, -29, 31],
						"0.4": [11.25, -29, 31],
						"0.8": [13, 2.75, 7],
						"0.8667": [17.5, 0.75, 7],
						"0.9": [13, 2.75, 7],
						"0.9333": [5.75, 4.75, 8],
						"1.0333": [8, 4.75, 8],
						"1.2": [0, 0, 0]
					},
					"scale": {
						"0.0": [0, 0, 0],
						"0.3667": [0, 0, 0],
						"0.4": [1, 1, 1]
					}
				},
				"magazine2": {
					"scale": 0
				},
				"leftradiator": {
					"rotation": {
						"0.0": [0, 0, 0],
						"0.4": [0, 0, 0],
						"0.4333": [0, 0, -45],
						"1.5": [0, 0, -45],
						"2.0667": [0, 0, 0]
					}
				},
				"rightradiator": {
					"rotation": {
						"0.0": [0, 0, 0],
						"0.4": [0, 0, 0],
						"0.4333": [0, 0, 45],
						"1.5": [0, 0, 45],
						"2.0667": [0, 0, 0]
					}
				},
				"magazine3": {
					"rotation": {
						"0.0": [0, 0, 0],
						"0.9333": [0, 0, -10],
						"1.1": [0, 0, -32.5],
						"1.3333": [0, 0, -70],
						"1.6": [0, 0, -145]
					},
					"position": {
						"0.0": [0, 0, 0],
						"0.9": [0.04, 0, 0],
						"0.9333": [-7, 0, 0],
						"1.1": [-24, -10, 0],
						"1.1667": [-34.5, -21.29, 0],
						"1.2333": [-46.25, -37.07, 0],
						"1.3333": [-59.25, -64.5, 0],
						"1.6": [-67, -120, 0]
					},
					"scale": {
						"0.0": [1, 1, 1],
						"1.4": [1, 1, 1],
						"1.4333": [0, 0, 0],
						"1.6": [0, 0, 0]
					}
				}
			},
			"sound_effects": {
				"0.0": {
					"effect": "foley_start"
				},
				"0.1333": {
					"effect": "mag_pick"
				},
				"0.9": {
					"effect": "rc2_qmg_maghit"
				},
				"0.9333": {
					"effect": "rc2_qmg_magout"
				},
				"1.1333": {
					"effect": "rc2_qmg_magin"
				},
				"1.4667": {
					"effect": "rc2_qmg_maghit"
				},
				"1.8": {
					"effect": "foley_end"
				}
			}
		}
	},
	"geckolib_format_version": 2
}