{
	"format_version": "1.8.0",
	"animations": {
		"animation.model.draw": {
			"loop": true,
			"animation_length": 1.25,
			"bones": {
				"main": {
					"rotation": {
						"0.0": [0, 0, -77.5],
						"0.7083": [0, 0, -77.5],
						"0.9167": [0, 0, -15.83],
						"1.0417": [0, 0, 9.73],
						"1.2083": [0, 0, 0]
					},
					"position": {
						"0.0": [10, -4, 0],
						"0.7083": [10, 10, 0],
						"0.9167": [2.52, 4.77, 0],
						"1.0417": [0.03, 3.03, 0],
						"1.2083": [0, 0, 0]
					}
				},
				"gun": {
					"rotation": {
						"0.0": [0, 0, 0],
						"0.5": [1052.34, 0, 0],
						"0.8333": [1184.64, 0, 0],
						"0.875": [0, 0, 0]
					}
				},
				"loaded": {
					"scale": {
						"0.0": [0, 0, 0],
						"1.125": [0, 0, 0],
						"1.1667": [1, 1, 1]
					}
				},
				"unloaded": {
					"scale": 0
				},
				"reloading": {
					"scale": 0
				},
				"statcheck": {
					"scale": {
						"0.0": [1, 1, 1],
						"1.125": [1, 1, 1],
						"1.1667": [0, 0, 0]
					}
				},
				"leftarm": {
					"scale": 0
				},
				"muzzle": {
					"scale": 0
				}
			},
			"sound_effects": {
				"0.0": {
					"effect": "rr-x_draw"
				},
				"1.1667": {
					"effect": "rr-x_disp_loaded"
				}
			}
		},
		"animation.model.inspect": {
			"loop": true,
			"animation_length": 5.5,
			"bones": {
				"main": {
					"rotation": {
						"0.0": [0, 0, 0],
						"0.0417": [-2.65, -4.49, -7.76],
						"0.0833": [-5.12, -8.68, -14.99],
						"0.125": [-7.24, -12.28, -21.2],
						"0.1667": [-8.87, -15.04, -25.96],
						"0.2083": [-9.89, -16.77, -28.95],
						"0.25": [-10.24, -17.36, -29.98],
						"0.2917": [-10.7, -17.78, -32.57],
						"0.3333": [-11.16, -18.19, -35.16],
						"0.375": [-10.73, -18.17, -35.07],
						"0.4167": [-10.3, -18.16, -34.99],
						"0.4583": [-9.88, -18.15, -34.9],
						"0.5": [-9.45, -18.14, -34.82],
						"0.5417": [-9.02, -18.12, -34.73],
						"0.5833": [-8.6, -18.11, -34.65],
						"0.625": [-8.17, -18.1, -34.56],
						"0.6667": [-7.75, -18.09, -34.48],
						"0.7083": [-7.32, -18.07, -34.39],
						"0.75": [-6.89, -18.06, -34.31],
						"0.7917": [-6.47, -18.05, -34.22],
						"0.8333": [-6.04, -18.04, -34.14],
						"0.875": [-5.62, -18.02, -34.06],
						"0.9167": [-5.19, -18.01, -33.97],
						"0.9583": [-5.12, -18, -33.89],
						"1.0": [-5.05, -17.99, -33.8],
						"1.0417": [-4.98, -17.97, -33.72],
						"1.0833": [-4.91, -17.96, -33.63],
						"1.125": [-4.84, -17.95, -33.55],
						"1.1667": [-4.78, -17.94, -33.46],
						"1.2083": [-4.71, -17.92, -33.38],
						"1.25": [-4.64, -17.91, -33.29],
						"1.2917": [-4.57, -17.9, -33.21],
						"1.3333": [-6.23, -17.74, -32.26],
						"1.375": [-10.24, -17.36, -29.98],
						"1.4167": [-10.33, -16.72, -28.52],
						"1.4583": [-10.61, -14.79, -24.21],
						"1.5": [-11.06, -11.64, -17.17],
						"1.5417": [-11.67, -7.37, -7.62],
						"1.5833": [-12.43, -2.11, 4.16],
						"1.625": [-13.3, 3.99, 17.8],
						"1.6667": [-14.27, 10.74, 32.9],
						"1.7083": [-15.3, 17.93, 48.99],
						"1.75": [-16.37, 25.34, 65.58],
						"1.7917": [-15.79, 25.68, 66.92],
						"1.8333": [-15.21, 26.02, 68.25],
						"1.875": [-14.59, 26.31, 69.62],
						"1.9167": [-13.97, 26.6, 70.98],
						"1.9583": [-13.36, 26.89, 72.34],
						"2.0": [-12.74, 27.18, 73.71],
						"2.0417": [-12.12, 27.47, 75.07],
						"2.0833": [-11.5, 27.76, 76.44],
						"2.125": [-11.5, 27.76, 76.44],
						"2.1667": [-11.5, 27.76, 76.44],
						"2.2083": [-11.5, 27.76, 76.44],
						"2.25": [-11.5, 27.76, 76.44],
						"2.2917": [-11.5, 27.76, 76.44],
						"2.3333": [-11.5, 27.76, 76.44],
						"2.375": [-11.5, 27.76, 76.44],
						"2.4167": [-12.74, 27.18, 73.71],
						"2.4583": [-13.97, 26.6, 70.98],
						"2.5": [-15.21, 26.02, 68.25],
						"2.5417": [-16.73, 24.82, 65.3],
						"2.5833": [-17.98, 23.84, 62.89],
						"2.625": [-18.95, 23.08, 61.01],
						"2.6667": [-19.64, 22.54, 59.67],
						"2.7083": [-20.06, 22.21, 58.86],
						"2.75": [-20.2, 22.1, 58.6],
						"2.7917": [-20.2, 22.1, 58.6],
						"2.8333": [-20.2, 22.1, 58.6],
						"2.875": [-20.2, 22.1, 58.6],
						"2.9167": [-20.2, 22.1, 58.6],
						"2.9583": [-20.2, 22.1, 58.6],
						"3.0": [-20.2, 22.1, 58.6],
						"3.0417": [-20.2, 22.1, 58.6],
						"3.0833": [-20.2, 22.1, 58.6],
						"3.125": [-20.2, 22.1, 58.6],
						"3.1667": [-20.2, 22.1, 58.6],
						"3.2083": [-20.2, 22.1, 58.6],
						"3.25": [-20.2, 22.1, 58.6],
						"3.2917": [-21.81, 16.47, 47.37],
						"3.3333": [-23.26, 11.44, 37.32],
						"3.375": [-24.54, 6.99, 28.46],
						"3.4167": [-25.64, 3.14, 20.78],
						"3.4583": [-26.58, -0.12, 14.28],
						"3.5": [-27.34, -2.78, 8.96],
						"3.5417": [-27.94, -4.86, 4.83],
						"3.5833": [-28.36, -6.34, 1.87],
						"3.625": [-28.62, -7.23, 0.1],
						"3.6667": [-28.71, -7.52, -0.49],
						"3.7083": [-28.36, -8.25, -2.16],
						"3.75": [-28.01, -8.97, -3.82],
						"3.7917": [-27.66, -9.68, -5.47],
						"3.8333": [-27.32, -10.39, -7.11],
						"3.875": [-26.98, -11.09, -8.72],
						"3.9167": [-26.65, -11.78, -10.3],
						"3.9583": [-26.33, -12.45, -11.85],
						"4.0": [-26.01, -13.1, -13.36],
						"4.0417": [-25.7, -13.74, -14.83],
						"4.0833": [-25.41, -14.35, -16.25],
						"4.125": [-25.12, -14.95, -17.62],
						"4.1667": [-24.85, -15.51, -18.92],
						"4.2083": [-24.59, -16.05, -20.17],
						"4.25": [-24.34, -16.57, -21.35],
						"4.2917": [-24.11, -17.05, -22.46],
						"4.3333": [-23.89, -17.49, -23.49],
						"4.375": [-23.69, -17.91, -24.45],
						"4.4167": [-23.51, -18.29, -25.33],
						"4.4583": [-23.34, -18.63, -26.12],
						"4.5": [-23.19, -18.94, -26.82],
						"4.5417": [-23.06, -19.2, -27.44],
						"4.5833": [-22.95, -19.43, -27.96],
						"4.625": [-22.86, -19.62, -28.39],
						"4.6667": [-23.67, -20.65, -30.27],
						"4.7083": [-25.17, -21.73, -31.99],
						"4.75": [-25.13, -21.7, -31.94],
						"4.7917": [-21.48, -19.07, -27.77],
						"4.8333": [-12.13, -12.34, -17.08],
						"4.875": [5, 0, 2.5],
						"4.9167": [5.17, 0, 2.59],
						"4.9583": [5.45, 0, 2.72],
						"5.0": [5.44, 0, 2.72],
						"5.0417": [4.78, 0, 2.39],
						"5.0833": [3.09, 0, 1.55],
						"5.125": [0, 0, 0]
					},
					"position": {
						"0.0": [0, 0, 0],
						"0.0417": [0, 1.17, -2.5],
						"0.0833": [0, 2.33, -5],
						"0.125": [0, 3.5, -7.5],
						"0.1667": [0, 4.67, -10],
						"0.2083": [0, 5.83, -12.5],
						"0.25": [0, 7, -15],
						"0.2917": [0, 7, -15],
						"0.3333": [0, 7, -15],
						"0.375": [0, 7, -15],
						"0.4167": [0, 7, -15],
						"0.4583": [0, 7, -15],
						"0.5": [0, 7, -15],
						"0.5417": [0, 7, -15],
						"0.5833": [0, 7, -15],
						"0.625": [0, 7, -15],
						"0.6667": [0, 7, -15],
						"0.7083": [0, 7, -15],
						"0.75": [0, 7, -15],
						"0.7917": [0, 7, -15],
						"0.8333": [0, 7, -15],
						"0.875": [0, 7, -15],
						"0.9167": [0, 7, -15],
						"0.9583": [0, 7, -15],
						"1.0": [0, 7, -15],
						"1.0417": [0, 7, -15],
						"1.0833": [0, 7, -15],
						"1.125": [0, 7, -15],
						"1.1667": [0, 7, -15],
						"1.2083": [0, 7, -15],
						"1.25": [0, 7, -15],
						"1.2917": [0, 7, -15],
						"1.3333": [0, 7, -15],
						"1.375": [0, 7, -15],
						"1.4167": [0, 7, -15.22],
						"1.4583": [0, 7, -15.44],
						"1.5": [0, 7, -15.67],
						"1.5417": [0, 7, -15.89],
						"1.5833": [0, 7, -16.11],
						"1.625": [0, 7, -16.33],
						"1.6667": [0, 7, -16.56],
						"1.7083": [0, 7, -16.78],
						"1.75": [0, 7, -17],
						"1.7917": [0, 7, -17.25],
						"1.8333": [0, 7, -17.5],
						"1.875": [0, 7, -17.75],
						"1.9167": [0, 7, -18],
						"1.9583": [0, 7, -18.25],
						"2.0": [0, 7, -18.5],
						"2.0417": [0, 7, -18.75],
						"2.0833": [0, 7, -19],
						"2.125": [0, 7, -19],
						"2.1667": [0, 7, -19],
						"2.2083": [0, 7, -19],
						"2.25": [0, 7, -19],
						"2.2917": [0, 7, -19],
						"2.3333": [0, 7, -19],
						"2.375": [0, 7, -19],
						"2.4167": [0, 7, -18.67],
						"2.4583": [0, 7, -18.33],
						"2.5": [0, 7, -18],
						"2.5417": [0, 7, -18],
						"2.5833": [0, 7, -18],
						"2.625": [0, 7, -18],
						"2.6667": [0, 7, -18],
						"2.7083": [0, 7, -18],
						"2.75": [0, 7, -18],
						"2.7917": [0, 7, -18],
						"2.8333": [0, 7, -18],
						"2.875": [0, 7, -18],
						"2.9167": [0, 7, -18],
						"2.9583": [0, 7, -18],
						"3.0": [0, 7, -18],
						"3.0417": [0, 7, -18],
						"3.0833": [0, 7, -18],
						"3.125": [0, 7, -18],
						"3.1667": [0, 7, -18],
						"3.2083": [0, 7, -18],
						"3.25": [0, 7, -18],
						"3.2917": [0, 7, -18],
						"3.3333": [0, 7, -18],
						"3.375": [0, 7, -18],
						"3.4167": [0, 7, -18],
						"3.4583": [0, 7, -18],
						"3.5": [0, 7, -18],
						"3.5417": [0, 7, -18],
						"3.5833": [0, 7, -18],
						"3.625": [0, 7, -18],
						"3.6667": [0, 7, -18],
						"3.7083": [0, 7, -18],
						"3.75": [0, 7, -18],
						"3.7917": [0, 7, -18],
						"3.8333": [0, 7, -18],
						"3.875": [0, 7, -18],
						"3.9167": [0, 7, -18],
						"3.9583": [0, 7, -18],
						"4.0": [0, 7, -18],
						"4.0417": [0, 7, -18],
						"4.0833": [0, 7, -18],
						"4.125": [0, 7, -18],
						"4.1667": [0, 7, -18],
						"4.2083": [0, 7, -18],
						"4.25": [0, 7, -18],
						"4.2917": [0, 7, -18],
						"4.3333": [0, 7, -18],
						"4.375": [0, 7, -18],
						"4.4167": [0, 7, -18],
						"4.4583": [0, 7, -18],
						"4.5": [0, 7, -18],
						"4.5417": [0, 7, -18],
						"4.5833": [0, 7, -18],
						"4.625": [0, 7, -18],
						"4.6667": [0, 7.24, -18.63],
						"4.7083": [0, 7.62, -19.6],
						"4.75": [0, 7.61, -19.58],
						"4.7917": [0, 6.69, -17.2],
						"4.8333": [0, 4.33, -11.13],
						"4.875": [0, 0, 0],
						"4.9167": [0, 0, 0],
						"4.9583": [0, 0, 0],
						"5.0": [0, 0, 0],
						"5.0417": [0, 0, 0],
						"5.0833": [0, 0, 0],
						"5.125": [0, 0, 0]
					}
				},
				"gun": {
					"rotation": {
						"0.0": [0, 0, 0],
						"0.0417": [0, 0, 0],
						"0.0833": [0, 0, 0],
						"0.125": [0, 0, 0],
						"0.1667": [0, 0, 0],
						"0.2083": [0, 0, 0],
						"0.25": [0, 0, 0],
						"0.2917": [0, 0, 0],
						"0.3333": [0, 0, 0],
						"0.375": [0, 0, 0],
						"0.4167": [0, 0, 0],
						"0.4583": [0, 0, 0],
						"0.5": [0, 0, 0],
						"0.5417": [0, 0, 0],
						"0.5833": [0, 0, 0],
						"0.625": [0, 0, 0],
						"0.6667": [0, 0, 0],
						"0.7083": [0, 0, 0],
						"0.75": [0, 0, 0],
						"0.7917": [0, 0, 0],
						"0.8333": [0, 0, 0],
						"0.875": [0, 0, 0],
						"0.9167": [0, 0, 0],
						"0.9583": [0, 0, 0],
						"1.0": [0, 0, 0],
						"1.0417": [0, 0, 0],
						"1.0833": [0, 0, 0],
						"1.125": [0, 0, 0],
						"1.1667": [0, 0, 0],
						"1.2083": [0, 0, 0],
						"1.25": [0, 0, 0],
						"1.2917": [0, 0, 0],
						"1.3333": [0, 0, 0],
						"1.375": [0, 0, 0],
						"1.4167": [0, 0, 0],
						"1.4583": [0, 0, 0],
						"1.5": [0, 0, 0],
						"1.5417": [0, 0, 0],
						"1.5833": [0, 0, 0],
						"1.625": [0, 0, 0],
						"1.6667": [0, 0, 0],
						"1.7083": [0, 0, 0],
						"1.75": [0, 0, 0],
						"1.7917": [0, 0, 0],
						"1.8333": [0, 0, 0],
						"1.875": [0, 0, 0],
						"1.9167": [0, 0, 0],
						"1.9583": [0, 0, 0],
						"2.0": [0, 0, 0],
						"2.0417": [0, 0, 0],
						"2.0833": [0, 0, 0],
						"2.125": [0, 0, 0],
						"2.1667": [0, 0, 0],
						"2.2083": [0, 0, 0],
						"2.25": [0, 0, 0],
						"2.2917": [0, 0, 0],
						"2.3333": [0, 0, 0],
						"2.375": [0, 0, 0],
						"2.4167": [0, 0, 0],
						"2.4583": [0, 0, 0],
						"2.5": [0, 0, 0],
						"2.5417": [0, 0, 0],
						"2.5833": [0, 0, 0],
						"2.625": [0, 0, 0],
						"2.6667": [0, 0, 0],
						"2.7083": [0, 0, 0],
						"2.75": [0, 0, 0],
						"2.7917": [0, 0, 0],
						"2.8333": [0, 0, 0],
						"2.875": [0, 0, 0],
						"2.9167": [0, 0, 0],
						"2.9583": [0, 0, 0],
						"3.0": [0, 0, 0],
						"3.0417": [0, 0, 0],
						"3.0833": [0, 0, 0],
						"3.125": [0, 0, 0],
						"3.1667": [0, 0, 0],
						"3.2083": [0, 0, 0],
						"3.25": [0, 0, 0],
						"3.2917": [-0.42, 0, 0],
						"3.3333": [-1.43, 0, 0],
						"3.375": [-2.64, 0, 0],
						"3.4167": [-3.64, 0, 0],
						"3.4583": [-4.04, 0, 0],
						"3.5": [-3.45, 0, 0],
						"3.5417": [-1.48, 0, 0],
						"3.5833": [2.27, 0, 0],
						"3.625": [8.19, 0, 0],
						"3.6667": [16.68, 0, 0],
						"3.7083": [28.13, 0, 0],
						"3.75": [42.93, 0, 0],
						"3.7917": [61.48, 0, 0],
						"3.8333": [84.18, 0, 0],
						"3.875": [111.42, 0, 0],
						"3.9167": [143.58, 0, 0],
						"3.9583": [181.07, 0, 0],
						"4.0": [224.28, 0, 0],
						"4.0417": [273.6, 0, 0],
						"4.0833": [329.44, 0, 0],
						"4.125": [392.17, 0, 0],
						"4.1667": [462.2, 0, 0],
						"4.2083": [539.92, 0, 0],
						"4.25": [625.72, 0, 0],
						"4.2917": [720, 0, 0],
						"4.3333": [814.28, 0, 0],
						"4.375": [900.08, 0, 0],
						"4.4167": [977.8, 0, 0],
						"4.4583": [1047.83, 0, 0],
						"4.5": [1110.56, 0, 0],
						"4.5417": [1166.4, 0, 0],
						"4.5833": [1215.72, 0, 0],
						"4.625": [1258.93, 0, 0],
						"4.6667": [1397.07, 0, 0],
						"4.7083": [1411.87, 0, 0],
						"4.75": [1423.32, 0, 0],
						"4.7917": [1431.81, 0, 0],
						"4.8333": [1437.73, 0, 0],
						"4.875": [1441.48, 0, 0],
						"4.9167": [1443.45, 0, 0],
						"4.9583": [1444.04, 0, 0],
						"5.0": [1443.64, 0, 0],
						"5.0417": [1442.64, 0, 0],
						"5.0418": [0, 0, 0]
					}
				},
				"leftarm": {
					"scale": 0
				},
				"reloading": {
					"scale": 0
				},
				"unloaded": {
					"scale": 0
				},
				"statcheck": {
					"scale": 0
				},
				"muzzle": {
					"scale": 0
				}
			},
			"sound_effects": {
				"0.25": {
					"effect": "movement1"
				},
				"1.625": {
					"effect": "movement3"
				},
				"2.5833": {
					"effect": "movement2"
				},
				"3.5": {
					"effect": "rr-x_inspect"
				}
			}
		},
		"animation.model.reload": {
			"loop": true,
			"animation_length": 2,
			"bones": {
				"main": {
					"rotation": {
						"0.0": [0, 0, 0],
						"0.0417": [0, 0, -3.15],
						"0.0833": [0, 0, -8.21],
						"0.125": [0, 0, -8.56],
						"0.1667": [0, 0, 2.39],
						"0.2083": [0, 0, 31.25],
						"0.25": [0, 0, 60.11],
						"0.2917": [0, 0, 71.06],
						"0.3333": [0, 0, 70.71],
						"0.375": [0, 0, 65.65],
						"0.4167": [0, 0, 62.5],
						"0.4583": [0, 0, 62.58],
						"0.5": [0, 0, 62.67],
						"0.5417": [0, 0, 62.75],
						"0.5833": [0, 0, 62.83],
						"0.625": [0, 0, 62.92],
						"0.6667": [0, 0, 63],
						"0.7083": [0, 0, 62.8],
						"0.75": [0, 0, 62.6],
						"0.7917": [0, 0, 62.4],
						"0.8333": [0, 0, 62.2],
						"0.875": [0, 0, 62],
						"0.9167": [0, 0, 62.1],
						"0.9583": [0, 0, 62.2],
						"1.0": [0, 0, 62.3],
						"1.0417": [0, 0, 62.4],
						"1.0833": [0, 0, 62.5],
						"1.125": [0, 0, 65],
						"1.1667": [0, 0, 64.72],
						"1.2083": [0, 0, 64.44],
						"1.25": [0, 0, 64.17],
						"1.2917": [0, 0, 63.89],
						"1.3333": [0, 0, 63.61],
						"1.375": [0, 0, 63.33],
						"1.4167": [0, 0, 63.06],
						"1.4583": [0, 0, 62.78],
						"1.5": [0, 0, 62.5],
						"1.5417": [0, 0, 62.39],
						"1.5833": [0, 0, 62.28],
						"1.625": [0, 0, 62.1],
						"1.6667": [0, 0, 61.74],
						"1.7083": [0, 0, 61.07],
						"1.75": [0, 0, 59.82],
						"1.7917": [0, 0, 57.47],
						"1.8333": [0, 0, 53.06],
						"1.875": [0, 0, 44.78],
						"1.9167": [0, 0, 29.22],
						"1.9583": [0, 0, 0]
					},
					"position": {
						"0.0": [0, 0, 0],
						"0.0417": [0.19, -0.16, 0],
						"0.0833": [0.4, -0.35, 0],
						"0.125": [0.12, -0.1, 0],
						"0.1667": [-1.18, 1.03, 0],
						"0.2083": [-4, 3.5, 0],
						"0.25": [-6.82, 5.97, 0],
						"0.2917": [-8.12, 7.1, 0],
						"0.3333": [-8.4, 7.35, 0],
						"0.375": [-8.19, 7.16, 0],
						"0.4167": [-8, 7, 0],
						"0.4583": [-8, 7, 0],
						"0.5": [-8, 7, 0],
						"0.5417": [-8, 7, 0],
						"0.5833": [-8, 7, 0],
						"0.625": [-8, 7, 0],
						"0.6667": [-8, 7, 0],
						"0.7083": [-8, 7, 0],
						"0.75": [-8, 7, 0],
						"0.7917": [-8, 7, 0],
						"0.8333": [-8, 7, 0],
						"0.875": [-8, 7, 0],
						"0.9167": [-8, 7, 0],
						"0.9583": [-8, 7, 0],
						"1.0": [-8, 7, 0],
						"1.0417": [-8, 7, 0],
						"1.0833": [-8, 7, 0],
						"1.125": [-8, 7, 0],
						"1.1667": [-8, 7, 0],
						"1.2083": [-8, 7, 0],
						"1.25": [-8, 7, 0],
						"1.2917": [-8, 7, 0],
						"1.3333": [-8, 7, 0],
						"1.375": [-8, 7, 0],
						"1.4167": [-8, 7, 0],
						"1.4583": [-8, 7, 0],
						"1.5": [-8, 7, 0],
						"1.5417": [-7.33, 6.42, 0],
						"1.5833": [-6.67, 5.83, 0],
						"1.625": [-6, 5.25, 0],
						"1.6667": [-5.33, 4.67, 0],
						"1.7083": [-4.67, 4.08, 0],
						"1.75": [-4, 3.5, 0],
						"1.7917": [-3.33, 2.92, 0],
						"1.8333": [-2.67, 2.33, 0],
						"1.875": [-2, 1.75, 0],
						"1.9167": [-1.33, 1.17, 0],
						"1.9583": [-0.67, 0.58, 0],
						"2.0": [0, 0, 0]
					}
				},
				"magazine": {
					"rotation": {
						"0.0": [0, 0, 0],
						"0.0417": [3.18, 0, 0],
						"0.0833": [6.36, 0, 0],
						"0.125": [9.55, 0, 0],
						"0.1667": [12.73, 0, 0],
						"0.2083": [15.91, 0, 0],
						"0.25": [19.09, 0, 0],
						"0.2917": [22.27, 0, 0],
						"0.3333": [25.45, 0, 0],
						"0.375": [28.64, 0, 0],
						"0.4167": [31.82, 0, 0],
						"0.4583": [35, 0, 0],
						"0.5": [33.17, 1.86, 0.64],
						"0.5417": [31.33, 3.71, 1.29],
						"0.5833": [29.5, 5.57, 1.93],
						"0.625": [27.67, 7.42, 2.58],
						"0.6667": [25.84, 9.28, 3.22],
						"0.7083": [24, 11.13, 3.86],
						"0.75": [22.17, 12.99, 4.51],
						"0.7917": [20.34, 14.85, 5.15],
						"0.8333": [18.5, 16.7, 5.8],
						"0.875": [16.67, 18.56, 6.44],
						"0.9167": [14.84, 20.41, 7.08],
						"0.9583": [13.01, 22.27, 7.73],
						"1.0": [-1.99, 22.27, 7.73],
						"1.0417": [-16.99, 22.27, 7.73],
						"1.0833": [-8.5, 11.13, 3.86],
						"1.125": [0, 0, 0],
						"1.1667": [0, 0, 0],
						"1.2083": [0, 0, 0],
						"1.25": [0, 0, 0],
						"1.2917": [0, 0, 0],
						"1.3333": [0, 0, 0],
						"1.375": [0, 0, 0],
						"1.4167": [5.04, 0, 0],
						"1.4583": [20.59, 0, 0],
						"1.5": [48.23, 0, 0],
						"1.5417": [91.67, 0, 0],
						"1.5833": [161, 0, 0],
						"1.625": [360, 0, 0],
						"1.6667": [559, 0, 0],
						"1.7083": [628.33, 0, 0],
						"1.75": [671.77, 0, 0],
						"1.7917": [699.41, 0, 0],
						"1.8333": [714.96, 0, 0],
						"1.8334": [0, 0, 0]
					},
					"position": {
						"0.0": [0, 0, 0],
						"0.0417": [0, 0, 0],
						"0.0833": [0, 0, 0],
						"0.125": [0, 0, 0],
						"0.1667": [0, 0, 0],
						"0.2083": [0, 0, 0],
						"0.25": [0, 0, 0],
						"0.2917": [0, 0, 0],
						"0.3333": [3, 0, 0],
						"0.375": [9.33, -1.67, 0],
						"0.4167": [15.67, -3.33, 0],
						"0.4583": [22, -5, 0],
						"0.5": [20.8, -2.4, 0],
						"0.5417": [19.6, 0.2, 0],
						"0.5833": [18.4, 2.8, 0],
						"0.625": [17.2, 5.4, 0],
						"0.6667": [16, 8, 0],
						"0.7083": [11, 12, 0],
						"0.75": [8.67, 11.67, 0],
						"0.7917": [6.33, 11.33, 0],
						"0.8333": [4, 11, 0],
						"0.875": [2.67, 10, 0.67],
						"0.9167": [1.33, 9, 1.33],
						"0.9583": [0, 8, 2],
						"1.0": [0.5, 6.5, 1.5],
						"1.0417": [1, 5, 1],
						"1.0833": [0.5, 2.5, 0.5],
						"1.125": [0, 0, 0],
						"1.1667": [0, 0, 0],
						"1.2083": [0, 0, 0],
						"1.25": [0, 0, 0],
						"1.2917": [0, 0, 0]
					},
					"scale": {
						"0.0": [1, 1, 1],
						"0.0417": [1, 1, 1],
						"0.0833": [1, 1, 1],
						"0.125": [1, 1, 1],
						"0.1667": [1, 1, 1],
						"0.2083": [1, 1, 1],
						"0.25": [1, 1, 1],
						"0.2917": [1, 1, 1],
						"0.3333": [1, 1, 1],
						"0.375": [1, 1, 1],
						"0.4167": [1, 1, 1],
						"0.4583": [1, 1, 1],
						"0.5": [0, 0, 0],
						"0.5417": [0, 0, 0],
						"0.5833": [0, 0, 0],
						"0.625": [0, 0, 0],
						"0.6667": [1, 1, 1]
					}
				},
				"leftarm": {
					"rotation": {
						"0.0": [0, 0, 0],
						"0.0417": [3.09, -1.46, -0.09],
						"0.0833": [6.19, -2.91, -0.19],
						"0.125": [9.28, -4.37, -0.28],
						"0.1667": [12.38, -5.82, -0.38],
						"0.2083": [15.47, -7.28, -0.47],
						"0.25": [18.57, -8.73, -0.56],
						"0.2917": [21.66, -10.19, -0.66],
						"0.3333": [24.76, -11.65, -0.75],
						"0.375": [27.85, -13.1, -0.85],
						"0.4167": [30.95, -14.56, -0.94],
						"0.4583": [34.04, -16.01, -1.04],
						"0.5": [37.13, -17.47, -1.13],
						"0.5417": [35.88, -18.72, -1.2],
						"0.5833": [34.62, -19.96, -1.27],
						"0.625": [33.36, -21.21, -1.35],
						"0.6667": [32.1, -22.46, -1.42],
						"0.7083": [30.85, -23.71, -1.49],
						"0.75": [29.59, -24.96, -1.57],
						"0.7917": [23.31, -22.47, -1.86],
						"0.8333": [17.04, -19.99, -2.15],
						"0.875": [15.17, -22.28, -15.53],
						"0.9167": [13.29, -24.58, -28.9],
						"0.9583": [11.42, -26.87, -42.27],
						"1.0": [11.24, -23.03, -43.88],
						"1.0417": [11.07, -19.18, -45.49],
						"1.0833": [10.89, -15.33, -47.1],
						"1.125": [10.89, -15.33, -47.1],
						"1.1667": [10.89, -15.33, -47.1],
						"1.2083": [10.89, -15.33, -47.1],
						"1.25": [10.89, -15.33, -47.1],
						"1.2917": [7.41, -21.1, -44.69],
						"1.3333": [3.92, -26.87, -42.27],
						"1.375": [3.89, -28.65, -41.14],
						"1.4167": [3.88, -29.31, -40.72],
						"1.4583": [4, -21.81, -45.5],
						"1.5": [4.36, 0.87, -59.96]
					},
					"position": {
						"0.0": [0, 0, 0],
						"0.0417": [0, 2.58, 0.75],
						"0.0833": [0, 5.17, 1.5],
						"0.125": [0, 7.75, 2.25],
						"0.1667": [0, 10.33, 3],
						"0.2083": [0, 12.92, 3.75],
						"0.25": [0, 15.5, 4.5],
						"0.2917": [0, 18.08, 5.25],
						"0.3333": [0, 20.67, 6],
						"0.375": [0, 23.25, 6.75],
						"0.4167": [0, 25.83, 7.5],
						"0.4583": [0, 28.42, 8.25],
						"0.5": [0, 31, 9],
						"0.5417": [0, 31, -0.25],
						"0.5833": [0, 31, -9.5],
						"0.625": [0, 31, -18.75],
						"0.6667": [0, 31, -28],
						"0.7083": [-3, 31, -28],
						"0.75": [-6, 31, -28],
						"0.7917": [-8, 29, -28],
						"0.8333": [-10, 27, -28],
						"0.875": [-8.89, 26.7, -26.33],
						"0.9167": [-7.78, 26.41, -24.67],
						"0.9583": [-6.67, 26.11, -23],
						"1.0": [-6.16, 26.4, -24.9],
						"1.0417": [-5.65, 26.68, -26.81],
						"1.0833": [-5.14, 26.97, -28.71],
						"1.125": [-5.14, 26.97, -28.71],
						"1.1667": [-5.14, 26.97, -28.71],
						"1.2083": [-5.14, 26.97, -28.71],
						"1.25": [-5.14, 26.97, -28.71],
						"1.2917": [-5.24, 26.48, -29.87],
						"1.3333": [-5.35, 25.98, -31.03],
						"1.375": [-5.35, 25.98, -31.03],
						"1.4167": [-5.35, 25.98, -31.03],
						"1.4583": [-5.35, 25.98, -31.03],
						"1.5": [-5.35, 25.98, -31.03],
						"1.5417": [-3.51, 27.24, -25.77],
						"1.5833": [-1.67, 28.49, -20.51],
						"1.625": [0.16, 29.75, -15.26],
						"1.6667": [2, 31, -10]
					},
					"scale": {
						"0.0": [0, 0, 0],
						"0.0417": [0, 0, 0],
						"0.0833": [0, 0, 0],
						"0.125": [0, 0, 0],
						"0.1667": [0, 0, 0],
						"0.2083": [0, 0, 0],
						"0.25": [0, 0, 0],
						"0.2917": [0, 0, 0],
						"0.3333": [0, 0, 0],
						"0.375": [0, 0, 0],
						"0.4167": [0, 0, 0],
						"0.4583": [0, 0, 0],
						"0.5": [1, 1, 1],
						"0.5417": [1, 1, 1],
						"0.5833": [1, 1, 1],
						"0.625": [1, 1, 1],
						"0.6667": [1, 1, 1],
						"0.7083": [1, 1, 1],
						"0.75": [1, 1, 1],
						"0.7917": [1, 1, 1],
						"0.8333": [1, 1, 1],
						"0.875": [1, 1, 1],
						"0.9167": [1, 1, 1],
						"0.9583": [1, 1, 1],
						"1.0": [1, 1, 1],
						"1.0417": [1, 1, 1],
						"1.0833": [1, 1, 1],
						"1.125": [1, 1, 1],
						"1.1667": [1, 1, 1],
						"1.2083": [1, 1, 1],
						"1.25": [1, 1, 1],
						"1.2917": [1, 1, 1],
						"1.3333": [1, 1, 1],
						"1.375": [1, 1, 1],
						"1.4167": [1, 1, 1],
						"1.4583": [1, 1, 1],
						"1.5": [1, 1, 1],
						"1.5417": [1, 1, 1],
						"1.5833": [1, 1, 1],
						"1.625": [1, 1, 1],
						"1.6667": [1, 1, 1],
						"1.7083": [0, 0, 0]
					}
				},
				"loaded": {
					"scale": {
						"0.0": [1, 1, 1],
						"0.0417": [1, 1, 1],
						"0.0833": [1, 1, 1],
						"0.125": [1, 1, 1],
						"0.1667": [1, 1, 1],
						"0.2083": [1, 1, 1],
						"0.25": [1, 1, 1],
						"0.2917": [1, 1, 1],
						"0.3333": [1, 1, 1],
						"0.375": [0, 0, 0],
						"0.4167": [0, 0, 0],
						"0.4583": [0, 0, 0],
						"0.5": [0, 0, 0],
						"0.5417": [0, 0, 0],
						"0.5833": [0, 0, 0],
						"0.625": [0, 0, 0],
						"0.6667": [0, 0, 0],
						"0.7083": [0, 0, 0],
						"0.75": [0, 0, 0],
						"0.7917": [0, 0, 0],
						"0.8333": [0, 0, 0],
						"0.875": [0, 0, 0],
						"0.9167": [0, 0, 0],
						"0.9583": [0, 0, 0],
						"1.0": [0, 0, 0],
						"1.0417": [0, 0, 0],
						"1.0833": [0, 0, 0],
						"1.125": [0, 0, 0],
						"1.1667": [0, 0, 0],
						"1.2083": [0, 0, 0],
						"1.25": [0, 0, 0],
						"1.2917": [0, 0, 0],
						"1.3333": [0, 0, 0],
						"1.375": [0, 0, 0],
						"1.4167": [0, 0, 0],
						"1.4583": [0, 0, 0],
						"1.5": [0, 0, 0],
						"1.5417": [0, 0, 0],
						"1.5833": [0, 0, 0],
						"1.625": [0, 0, 0],
						"1.6667": [0, 0, 0],
						"1.7083": [0, 0, 0],
						"1.75": [0, 0, 0],
						"1.7917": [0, 0, 0],
						"1.8333": [0, 0, 0],
						"1.875": [0, 0, 0],
						"1.9167": [1, 1, 1]
					}
				},
				"reloading": {
					"position": [0, 0, 1],
					"scale": {
						"0.0": [0, 0, 0],
						"0.0417": [0.0313, 0.0313, 0.0313],
						"0.0833": [0.0625, 0.0625, 0.0625],
						"0.125": [0.0938, 0.0938, 0.0938],
						"0.1667": [0.125, 0.125, 0.125],
						"0.2083": [0.1563, 0.1563, 0.1563],
						"0.25": [0.1875, 0.1875, 0.1875],
						"0.2917": [0.2187, 0.2187, 0.2187],
						"0.3333": [0.25, 0.25, 0.25],
						"0.375": [0.2813, 0.2813, 0.2813],
						"0.4167": [0.3125, 0.3125, 0.3125],
						"0.4583": [0.3438, 0.3438, 0.3438],
						"0.5": [0.375, 0.375, 0.375],
						"0.5417": [0.4063, 0.4063, 0.4063],
						"0.5833": [0.4375, 0.4375, 0.4375],
						"0.625": [0.4687, 0.4687, 0.4687],
						"0.6667": [0.5, 0.5, 0.5],
						"0.7083": [0.5312, 0.5312, 0.5312],
						"0.75": [0.5625, 0.5625, 0.5625],
						"0.7917": [0.5937, 0.5937, 0.5937],
						"0.8333": [0.625, 0.625, 0.625],
						"0.875": [0.6562, 0.6562, 0.6562],
						"0.9167": [0.6875, 0.6875, 0.6875],
						"0.9583": [0.7187, 0.7187, 0.7187],
						"1.0": [0.75, 0.75, 0.75],
						"1.0417": [0.7812, 0.7812, 0.7812],
						"1.0833": [0.8125, 0.8125, 0.8125],
						"1.125": [0.8437, 0.8437, 0.8437],
						"1.1667": [0.875, 0.875, 0.875],
						"1.2083": [0.9063, 0.9063, 0.9063],
						"1.25": [0.9375, 0.9375, 0.9375],
						"1.2917": [0.9688, 0.9688, 0.9688],
						"1.3333": [1, 1, 1],
						"1.375": [1, 1, 1],
						"1.4167": [1, 1, 1],
						"1.4583": [1, 1, 1],
						"1.5": [1, 1, 1],
						"1.5417": [1, 1, 1],
						"1.5833": [1, 1, 1],
						"1.625": [1, 1, 1],
						"1.6667": [1, 1, 1],
						"1.7083": [1, 1, 1],
						"1.75": [1, 1, 1],
						"1.7917": [1, 1, 1],
						"1.8333": [1, 1, 1],
						"1.875": [1, 1, 1],
						"1.9167": [0, 0, 0]
					}
				},
				"unloaded": {
					"position": [0, 0, 1],
					"scale": {
						"0.0": [0, 0, 0],
						"0.0417": [0, 0, 0],
						"0.0833": [0, 0, 0],
						"0.125": [0, 0, 0],
						"0.1667": [0, 0, 0],
						"0.2083": [0, 0, 0],
						"0.25": [0, 0, 0],
						"0.2917": [0, 0, 0],
						"0.3333": [0, 0, 0],
						"0.375": [1, 1, 1],
						"0.4167": [1, 1, 1],
						"0.4583": [1, 1, 1],
						"0.5": [1, 1, 1],
						"0.5417": [1, 1, 1],
						"0.5833": [1, 1, 1],
						"0.625": [1, 1, 1],
						"0.6667": [1, 1, 1],
						"0.7083": [1, 1, 1],
						"0.75": [1, 1, 1],
						"0.7917": [1, 1, 1],
						"0.8333": [1, 1, 1],
						"0.875": [1, 1, 1],
						"0.9167": [1, 1, 1],
						"0.9583": [1, 1, 1],
						"1.0": [1, 1, 1],
						"1.0417": [1, 1, 1],
						"1.0833": [1, 1, 1],
						"1.125": [1, 1, 1],
						"1.1667": [0, 0, 0]
					}
				},
				"statcheck": {
					"position": [0, 0, 1],
					"scale": {
						"0.0": [0, 0, 0],
						"0.0417": [0, 0, 0],
						"0.0833": [0, 0, 0],
						"0.125": [0, 0, 0],
						"0.1667": [0, 0, 0],
						"0.2083": [0, 0, 0],
						"0.25": [0, 0, 0],
						"0.2917": [0, 0, 0],
						"0.3333": [0, 0, 0],
						"0.375": [0, 0, 0],
						"0.4167": [0, 0, 0],
						"0.4583": [0, 0, 0],
						"0.5": [0, 0, 0],
						"0.5417": [0, 0, 0],
						"0.5833": [0, 0, 0],
						"0.625": [0, 0, 0],
						"0.6667": [0, 0, 0],
						"0.7083": [0, 0, 0],
						"0.75": [0, 0, 0],
						"0.7917": [0, 0, 0],
						"0.8333": [0, 0, 0],
						"0.875": [0, 0, 0],
						"0.9167": [0, 0, 0],
						"0.9583": [0, 0, 0],
						"1.0": [0, 0, 0],
						"1.0417": [0, 0, 0],
						"1.0833": [0, 0, 0],
						"1.125": [0, 0, 0],
						"1.1667": [0, 0, 0],
						"1.2083": [1, 1, 1],
						"1.25": [1, 1, 1],
						"1.2917": [1, 1, 1],
						"1.3333": [1, 1, 1],
						"1.375": [0, 0, 0]
					}
				},
				"muzzle": {
					"scale": 0
				}
			},
			"sound_effects": {
				"0.1667": {
					"effect": "movement1"
				},
				"0.3333": {
					"effect": "rr-x_magout"
				},
				"0.375": {
					"effect": "rr-x_disp_unloaded"
				},
				"0.75": {
					"effect": "movement2"
				},
				"1.125": {
					"effect": "rr-x_magin"
				},
				"1.2083": {
					"effect": "rr-x_disp_statcheck"
				},
				"1.2917": {
					"effect": "rr-x_magspin"
				},
				"1.375": {
					"effect": "rr-x_disp_loading"
				},
				"1.9167": {
					"effect": "rr-x_disp_loaded"
				}
			}
		},
		"animation.model.reloadempty": {
			"loop": true,
			"animation_length": 2,
			"bones": {
				"main": {
					"rotation": {
						"0.0": [0, 0, 0],
						"0.0417": [0, 0, -3.15],
						"0.0833": [0, 0, -8.21],
						"0.125": [0, 0, -8.56],
						"0.1667": [0, 0, 2.39],
						"0.2083": [0, 0, 31.25],
						"0.25": [0, 0, 60.11],
						"0.2917": [0, 0, 71.06],
						"0.3333": [0, 0, 70.71],
						"0.375": [0, 0, 65.65],
						"0.4167": [0, 0, 62.5],
						"0.4583": [0, 0, 62.58],
						"0.5": [0, 0, 62.67],
						"0.5417": [0, 0, 62.75],
						"0.5833": [0, 0, 62.83],
						"0.625": [0, 0, 62.92],
						"0.6667": [0, 0, 63],
						"0.7083": [0, 0, 62.8],
						"0.75": [0, 0, 62.6],
						"0.7917": [0, 0, 62.4],
						"0.8333": [0, 0, 62.2],
						"0.875": [0, 0, 62],
						"0.9167": [0, 0, 62.1],
						"0.9583": [0, 0, 62.2],
						"1.0": [0, 0, 62.3],
						"1.0417": [0, 0, 62.4],
						"1.0833": [0, 0, 62.5],
						"1.125": [0, 0, 65],
						"1.1667": [0, 0, 64.72],
						"1.2083": [0, 0, 64.44],
						"1.25": [0, 0, 64.17],
						"1.2917": [0, 0, 63.89],
						"1.3333": [0, 0, 63.61],
						"1.375": [0, 0, 63.33],
						"1.4167": [0, 0, 63.06],
						"1.4583": [0, 0, 62.78],
						"1.5": [0, 0, 62.5],
						"1.5417": [0, 0, 62.39],
						"1.5833": [0, 0, 62.28],
						"1.625": [0, 0, 62.1],
						"1.6667": [0, 0, 61.74],
						"1.7083": [0, 0, 61.07],
						"1.75": [0, 0, 59.82],
						"1.7917": [0, 0, 57.47],
						"1.8333": [0, 0, 53.06],
						"1.875": [0, 0, 44.78],
						"1.9167": [0, 0, 29.22],
						"1.9583": [0, 0, 0]
					},
					"position": {
						"0.0": [0, 0, 0],
						"0.0417": [0.19, -0.16, 0],
						"0.0833": [0.4, -0.35, 0],
						"0.125": [0.12, -0.1, 0],
						"0.1667": [-1.18, 1.03, 0],
						"0.2083": [-4, 3.5, 0],
						"0.25": [-6.82, 5.97, 0],
						"0.2917": [-8.12, 7.1, 0],
						"0.3333": [-8.4, 7.35, 0],
						"0.375": [-8.19, 7.16, 0],
						"0.4167": [-8, 7, 0],
						"0.4583": [-8, 7, 0],
						"0.5": [-8, 7, 0],
						"0.5417": [-8, 7, 0],
						"0.5833": [-8, 7, 0],
						"0.625": [-8, 7, 0],
						"0.6667": [-8, 7, 0],
						"0.7083": [-8, 7, 0],
						"0.75": [-8, 7, 0],
						"0.7917": [-8, 7, 0],
						"0.8333": [-8, 7, 0],
						"0.875": [-8, 7, 0],
						"0.9167": [-8, 7, 0],
						"0.9583": [-8, 7, 0],
						"1.0": [-8, 7, 0],
						"1.0417": [-8, 7, 0],
						"1.0833": [-8, 7, 0],
						"1.125": [-8, 7, 0],
						"1.1667": [-8, 7, 0],
						"1.2083": [-8, 7, 0],
						"1.25": [-8, 7, 0],
						"1.2917": [-8, 7, 0],
						"1.3333": [-8, 7, 0],
						"1.375": [-8, 7, 0],
						"1.4167": [-8, 7, 0],
						"1.4583": [-8, 7, 0],
						"1.5": [-8, 7, 0],
						"1.5417": [-7.33, 6.42, 0],
						"1.5833": [-6.67, 5.83, 0],
						"1.625": [-6, 5.25, 0],
						"1.6667": [-5.33, 4.67, 0],
						"1.7083": [-4.67, 4.08, 0],
						"1.75": [-4, 3.5, 0],
						"1.7917": [-3.33, 2.92, 0],
						"1.8333": [-2.67, 2.33, 0],
						"1.875": [-2, 1.75, 0],
						"1.9167": [-1.33, 1.17, 0],
						"1.9583": [-0.67, 0.58, 0],
						"2.0": [0, 0, 0]
					}
				},
				"magazine": {
					"rotation": {
						"0.0": [0, 0, 0],
						"0.0417": [3.18, 0, 0],
						"0.0833": [6.36, 0, 0],
						"0.125": [9.55, 0, 0],
						"0.1667": [12.73, 0, 0],
						"0.2083": [15.91, 0, 0],
						"0.25": [19.09, 0, 0],
						"0.2917": [22.27, 0, 0],
						"0.3333": [25.45, 0, 0],
						"0.375": [28.64, 0, 0],
						"0.4167": [31.82, 0, 0],
						"0.4583": [35, 0, 0],
						"0.5": [33.17, 1.86, 0.64],
						"0.5417": [31.33, 3.71, 1.29],
						"0.5833": [29.5, 5.57, 1.93],
						"0.625": [27.67, 7.42, 2.58],
						"0.6667": [25.84, 9.28, 3.22],
						"0.7083": [24, 11.13, 3.86],
						"0.75": [22.17, 12.99, 4.51],
						"0.7917": [20.34, 14.85, 5.15],
						"0.8333": [18.5, 16.7, 5.8],
						"0.875": [16.67, 18.56, 6.44],
						"0.9167": [14.84, 20.41, 7.08],
						"0.9583": [13.01, 22.27, 7.73],
						"1.0": [-1.99, 22.27, 7.73],
						"1.0417": [-16.99, 22.27, 7.73],
						"1.0833": [-8.5, 11.13, 3.86],
						"1.125": [0, 0, 0],
						"1.1667": [0, 0, 0],
						"1.2083": [0, 0, 0],
						"1.25": [0, 0, 0],
						"1.2917": [0, 0, 0],
						"1.3333": [0, 0, 0],
						"1.375": [0, 0, 0],
						"1.4167": [5.04, 0, 0],
						"1.4583": [20.59, 0, 0],
						"1.5": [48.23, 0, 0],
						"1.5417": [91.67, 0, 0],
						"1.5833": [161, 0, 0],
						"1.625": [360, 0, 0],
						"1.6667": [559, 0, 0],
						"1.7083": [628.33, 0, 0],
						"1.75": [671.77, 0, 0],
						"1.7917": [699.41, 0, 0],
						"1.8333": [714.96, 0, 0],
						"1.8334": [0, 0, 0]
					},
					"position": {
						"0.0": [0, 0, 0],
						"0.0417": [0, 0, 0],
						"0.0833": [0, 0, 0],
						"0.125": [0, 0, 0],
						"0.1667": [0, 0, 0],
						"0.2083": [0, 0, 0],
						"0.25": [0, 0, 0],
						"0.2917": [0, 0, 0],
						"0.3333": [3, 0, 0],
						"0.375": [9.33, -1.67, 0],
						"0.4167": [15.67, -3.33, 0],
						"0.4583": [22, -5, 0],
						"0.5": [20.8, -2.4, 0],
						"0.5417": [19.6, 0.2, 0],
						"0.5833": [18.4, 2.8, 0],
						"0.625": [17.2, 5.4, 0],
						"0.6667": [16, 8, 0],
						"0.7083": [11, 12, 0],
						"0.75": [8.67, 11.67, 0],
						"0.7917": [6.33, 11.33, 0],
						"0.8333": [4, 11, 0],
						"0.875": [2.67, 10, 0.67],
						"0.9167": [1.33, 9, 1.33],
						"0.9583": [0, 8, 2],
						"1.0": [0.5, 6.5, 1.5],
						"1.0417": [1, 5, 1],
						"1.0833": [0.5, 2.5, 0.5],
						"1.125": [0, 0, 0],
						"1.1667": [0, 0, 0],
						"1.2083": [0, 0, 0],
						"1.25": [0, 0, 0],
						"1.2917": [0, 0, 0]
					},
					"scale": {
						"0.0": [1, 1, 1],
						"0.0417": [1, 1, 1],
						"0.0833": [1, 1, 1],
						"0.125": [1, 1, 1],
						"0.1667": [1, 1, 1],
						"0.2083": [1, 1, 1],
						"0.25": [1, 1, 1],
						"0.2917": [1, 1, 1],
						"0.3333": [1, 1, 1],
						"0.375": [1, 1, 1],
						"0.4167": [1, 1, 1],
						"0.4583": [1, 1, 1],
						"0.5": [0, 0, 0],
						"0.5417": [0, 0, 0],
						"0.5833": [0, 0, 0],
						"0.625": [0, 0, 0],
						"0.6667": [1, 1, 1]
					}
				},
				"leftarm": {
					"rotation": {
						"0.0": [0, 0, 0],
						"0.0417": [3.09, -1.46, -0.09],
						"0.0833": [6.19, -2.91, -0.19],
						"0.125": [9.28, -4.37, -0.28],
						"0.1667": [12.38, -5.82, -0.38],
						"0.2083": [15.47, -7.28, -0.47],
						"0.25": [18.57, -8.73, -0.56],
						"0.2917": [21.66, -10.19, -0.66],
						"0.3333": [24.76, -11.65, -0.75],
						"0.375": [27.85, -13.1, -0.85],
						"0.4167": [30.95, -14.56, -0.94],
						"0.4583": [34.04, -16.01, -1.04],
						"0.5": [37.13, -17.47, -1.13],
						"0.5417": [35.88, -18.72, -1.2],
						"0.5833": [34.62, -19.96, -1.27],
						"0.625": [33.36, -21.21, -1.35],
						"0.6667": [32.1, -22.46, -1.42],
						"0.7083": [30.85, -23.71, -1.49],
						"0.75": [29.59, -24.96, -1.57],
						"0.7917": [23.31, -22.47, -1.86],
						"0.8333": [17.04, -19.99, -2.15],
						"0.875": [15.17, -22.28, -15.53],
						"0.9167": [13.29, -24.58, -28.9],
						"0.9583": [11.42, -26.87, -42.27],
						"1.0": [11.24, -23.03, -43.88],
						"1.0417": [11.07, -19.18, -45.49],
						"1.0833": [10.89, -15.33, -47.1],
						"1.125": [10.89, -15.33, -47.1],
						"1.1667": [10.89, -15.33, -47.1],
						"1.2083": [10.89, -15.33, -47.1],
						"1.25": [10.89, -15.33, -47.1],
						"1.2917": [7.41, -21.1, -44.69],
						"1.3333": [3.92, -26.87, -42.27],
						"1.375": [3.89, -28.65, -41.14],
						"1.4167": [3.88, -29.31, -40.72],
						"1.4583": [4, -21.81, -45.5],
						"1.5": [4.36, 0.87, -59.96]
					},
					"position": {
						"0.0": [0, 0, 0],
						"0.0417": [0, 2.58, 0.75],
						"0.0833": [0, 5.17, 1.5],
						"0.125": [0, 7.75, 2.25],
						"0.1667": [0, 10.33, 3],
						"0.2083": [0, 12.92, 3.75],
						"0.25": [0, 15.5, 4.5],
						"0.2917": [0, 18.08, 5.25],
						"0.3333": [0, 20.67, 6],
						"0.375": [0, 23.25, 6.75],
						"0.4167": [0, 25.83, 7.5],
						"0.4583": [0, 28.42, 8.25],
						"0.5": [0, 31, 9],
						"0.5417": [0, 31, -0.25],
						"0.5833": [0, 31, -9.5],
						"0.625": [0, 31, -18.75],
						"0.6667": [0, 31, -28],
						"0.7083": [-3, 31, -28],
						"0.75": [-6, 31, -28],
						"0.7917": [-8, 29, -28],
						"0.8333": [-10, 27, -28],
						"0.875": [-8.89, 26.7, -26.33],
						"0.9167": [-7.78, 26.41, -24.67],
						"0.9583": [-6.67, 26.11, -23],
						"1.0": [-6.16, 26.4, -24.9],
						"1.0417": [-5.65, 26.68, -26.81],
						"1.0833": [-5.14, 26.97, -28.71],
						"1.125": [-5.14, 26.97, -28.71],
						"1.1667": [-5.14, 26.97, -28.71],
						"1.2083": [-5.14, 26.97, -28.71],
						"1.25": [-5.14, 26.97, -28.71],
						"1.2917": [-5.24, 26.48, -29.87],
						"1.3333": [-5.35, 25.98, -31.03],
						"1.375": [-5.35, 25.98, -31.03],
						"1.4167": [-5.35, 25.98, -31.03],
						"1.4583": [-5.35, 25.98, -31.03],
						"1.5": [-5.35, 25.98, -31.03],
						"1.5417": [-3.51, 27.24, -25.77],
						"1.5833": [-1.67, 28.49, -20.51],
						"1.625": [0.16, 29.75, -15.26],
						"1.6667": [2, 31, -10]
					},
					"scale": {
						"0.0": [0, 0, 0],
						"0.0417": [0, 0, 0],
						"0.0833": [0, 0, 0],
						"0.125": [0, 0, 0],
						"0.1667": [0, 0, 0],
						"0.2083": [0, 0, 0],
						"0.25": [0, 0, 0],
						"0.2917": [0, 0, 0],
						"0.3333": [0, 0, 0],
						"0.375": [0, 0, 0],
						"0.4167": [0, 0, 0],
						"0.4583": [0, 0, 0],
						"0.5": [1, 1, 1],
						"0.5417": [1, 1, 1],
						"0.5833": [1, 1, 1],
						"0.625": [1, 1, 1],
						"0.6667": [1, 1, 1],
						"0.7083": [1, 1, 1],
						"0.75": [1, 1, 1],
						"0.7917": [1, 1, 1],
						"0.8333": [1, 1, 1],
						"0.875": [1, 1, 1],
						"0.9167": [1, 1, 1],
						"0.9583": [1, 1, 1],
						"1.0": [1, 1, 1],
						"1.0417": [1, 1, 1],
						"1.0833": [1, 1, 1],
						"1.125": [1, 1, 1],
						"1.1667": [1, 1, 1],
						"1.2083": [1, 1, 1],
						"1.25": [1, 1, 1],
						"1.2917": [1, 1, 1],
						"1.3333": [1, 1, 1],
						"1.375": [1, 1, 1],
						"1.4167": [1, 1, 1],
						"1.4583": [1, 1, 1],
						"1.5": [1, 1, 1],
						"1.5417": [1, 1, 1],
						"1.5833": [1, 1, 1],
						"1.625": [1, 1, 1],
						"1.6667": [1, 1, 1],
						"1.7083": [0, 0, 0]
					}
				},
				"loaded": {
					"scale": {
						"0.0": [0, 0, 0],
						"0.0417": [0, 0, 0],
						"0.0833": [0, 0, 0],
						"0.125": [0, 0, 0],
						"0.1667": [0, 0, 0],
						"0.2083": [0, 0, 0],
						"0.25": [0, 0, 0],
						"0.2917": [0, 0, 0],
						"0.3333": [0, 0, 0],
						"0.375": [0, 0, 0],
						"0.4167": [0, 0, 0],
						"0.4583": [0, 0, 0],
						"0.5": [0, 0, 0],
						"0.5417": [0, 0, 0],
						"0.5833": [0, 0, 0],
						"0.625": [0, 0, 0],
						"0.6667": [0, 0, 0],
						"0.7083": [0, 0, 0],
						"0.75": [0, 0, 0],
						"0.7917": [0, 0, 0],
						"0.8333": [0, 0, 0],
						"0.875": [0, 0, 0],
						"0.9167": [0, 0, 0],
						"0.9583": [0, 0, 0],
						"1.0": [0, 0, 0],
						"1.0417": [0, 0, 0],
						"1.0833": [0, 0, 0],
						"1.125": [0, 0, 0],
						"1.1667": [0, 0, 0],
						"1.2083": [0, 0, 0],
						"1.25": [0, 0, 0],
						"1.2917": [0, 0, 0],
						"1.3333": [0, 0, 0],
						"1.375": [0, 0, 0],
						"1.4167": [0, 0, 0],
						"1.4583": [0, 0, 0],
						"1.5": [0, 0, 0],
						"1.5417": [0, 0, 0],
						"1.5833": [0, 0, 0],
						"1.625": [0, 0, 0],
						"1.6667": [0, 0, 0],
						"1.7083": [0, 0, 0],
						"1.75": [0, 0, 0],
						"1.7917": [0, 0, 0],
						"1.8333": [0, 0, 0],
						"1.875": [0, 0, 0],
						"1.9167": [1, 1, 1]
					}
				},
				"reloading": {
					"position": [0, 0, 1],
					"scale": {
						"0.0": [0, 0, 0],
						"0.0417": [0.0313, 0.0313, 0.0313],
						"0.0833": [0.0625, 0.0625, 0.0625],
						"0.125": [0.0938, 0.0938, 0.0938],
						"0.1667": [0.125, 0.125, 0.125],
						"0.2083": [0.1563, 0.1563, 0.1563],
						"0.25": [0.1875, 0.1875, 0.1875],
						"0.2917": [0.2187, 0.2187, 0.2187],
						"0.3333": [0.25, 0.25, 0.25],
						"0.375": [0.2813, 0.2813, 0.2813],
						"0.4167": [0.3125, 0.3125, 0.3125],
						"0.4583": [0.3438, 0.3438, 0.3438],
						"0.5": [0.375, 0.375, 0.375],
						"0.5417": [0.4063, 0.4063, 0.4063],
						"0.5833": [0.4375, 0.4375, 0.4375],
						"0.625": [0.4687, 0.4687, 0.4687],
						"0.6667": [0.5, 0.5, 0.5],
						"0.7083": [0.5312, 0.5312, 0.5312],
						"0.75": [0.5625, 0.5625, 0.5625],
						"0.7917": [0.5937, 0.5937, 0.5937],
						"0.8333": [0.625, 0.625, 0.625],
						"0.875": [0.6562, 0.6562, 0.6562],
						"0.9167": [0.6875, 0.6875, 0.6875],
						"0.9583": [0.7187, 0.7187, 0.7187],
						"1.0": [0.75, 0.75, 0.75],
						"1.0417": [0.7812, 0.7812, 0.7812],
						"1.0833": [0.8125, 0.8125, 0.8125],
						"1.125": [0.8437, 0.8437, 0.8437],
						"1.1667": [0.875, 0.875, 0.875],
						"1.2083": [0.9063, 0.9063, 0.9063],
						"1.25": [0.9375, 0.9375, 0.9375],
						"1.2917": [0.9688, 0.9688, 0.9688],
						"1.3333": [1, 1, 1],
						"1.375": [1, 1, 1],
						"1.4167": [1, 1, 1],
						"1.4583": [1, 1, 1],
						"1.5": [1, 1, 1],
						"1.5417": [1, 1, 1],
						"1.5833": [1, 1, 1],
						"1.625": [1, 1, 1],
						"1.6667": [1, 1, 1],
						"1.7083": [1, 1, 1],
						"1.75": [1, 1, 1],
						"1.7917": [1, 1, 1],
						"1.8333": [1, 1, 1],
						"1.875": [1, 1, 1],
						"1.9167": [0, 0, 0]
					}
				},
				"unloaded": {
					"position": [0, 0, 1],
					"scale": {
						"0.0": [1, 1, 1],
						"0.0417": [1, 1, 1],
						"0.0833": [1, 1, 1],
						"0.125": [1, 1, 1],
						"0.1667": [1, 1, 1],
						"0.2083": [1, 1, 1],
						"0.25": [1, 1, 1],
						"0.2917": [1, 1, 1],
						"0.3333": [1, 1, 1],
						"0.375": [1, 1, 1],
						"0.4167": [1, 1, 1],
						"0.4583": [1, 1, 1],
						"0.5": [1, 1, 1],
						"0.5417": [1, 1, 1],
						"0.5833": [1, 1, 1],
						"0.625": [1, 1, 1],
						"0.6667": [1, 1, 1],
						"0.7083": [1, 1, 1],
						"0.75": [1, 1, 1],
						"0.7917": [1, 1, 1],
						"0.8333": [1, 1, 1],
						"0.875": [1, 1, 1],
						"0.9167": [1, 1, 1],
						"0.9583": [1, 1, 1],
						"1.0": [1, 1, 1],
						"1.0417": [1, 1, 1],
						"1.0833": [1, 1, 1],
						"1.125": [1, 1, 1],
						"1.1667": [0, 0, 0]
					}
				},
				"statcheck": {
					"position": [0, 0, 1],
					"scale": {
						"0.0": [0, 0, 0],
						"0.0417": [0, 0, 0],
						"0.0833": [0, 0, 0],
						"0.125": [0, 0, 0],
						"0.1667": [0, 0, 0],
						"0.2083": [0, 0, 0],
						"0.25": [0, 0, 0],
						"0.2917": [0, 0, 0],
						"0.3333": [0, 0, 0],
						"0.375": [0, 0, 0],
						"0.4167": [0, 0, 0],
						"0.4583": [0, 0, 0],
						"0.5": [0, 0, 0],
						"0.5417": [0, 0, 0],
						"0.5833": [0, 0, 0],
						"0.625": [0, 0, 0],
						"0.6667": [0, 0, 0],
						"0.7083": [0, 0, 0],
						"0.75": [0, 0, 0],
						"0.7917": [0, 0, 0],
						"0.8333": [0, 0, 0],
						"0.875": [0, 0, 0],
						"0.9167": [0, 0, 0],
						"0.9583": [0, 0, 0],
						"1.0": [0, 0, 0],
						"1.0417": [0, 0, 0],
						"1.0833": [0, 0, 0],
						"1.125": [0, 0, 0],
						"1.1667": [0, 0, 0],
						"1.2083": [1, 1, 1],
						"1.25": [1, 1, 1],
						"1.2917": [1, 1, 1],
						"1.3333": [1, 1, 1],
						"1.375": [0, 0, 0]
					}
				},
				"muzzle": {
					"scale": 0
				}
			},
			"sound_effects": {
				"0.0": {
					"effect": "rr-x_disp_unloaded"
				},
				"0.1667": {
					"effect": "movement1"
				},
				"0.3333": {
					"effect": "rr-x_magout"
				},
				"0.375": {
					"effect": "rr-x_disp_unloaded"
				},
				"0.75": {
					"effect": "movement2"
				},
				"1.125": {
					"effect": "rr-x_magin"
				},
				"1.2083": {
					"effect": "rr-x_disp_statcheck"
				},
				"1.2917": {
					"effect": "rr-x_magspin"
				},
				"1.375": {
					"effect": "rr-x_disp_loading"
				},
				"1.9167": {
					"effect": "rr-x_disp_loaded"
				}
			}
		},
		"animation.model.fire": {
			"loop": true,
			"animation_length": 0.5,
			"bones": {
				"main": {
					"rotation": {
						"0.0": [0, 0, 0],
						"0.0417": [-13.5, 0, 0],
						"0.0833": [-10.98, 0, 0],
						"0.125": [-8.46, 0, 0],
						"0.1667": [-5.95, 0, 0],
						"0.2083": [-3.43, 0, 0],
						"0.25": [-1.31, 0, 0],
						"0.2917": [-0.15, 0, 0],
						"0.3333": [0.3, 0, 0],
						"0.375": [0.31, 0, 0],
						"0.4167": [0.12, 0, 0],
						"0.4583": [0, 0, 0]
					}
				},
				"gun": {
					"rotation": {
						"0.0": [0, 0, 0],
						"0.0417": [0, 0, 0],
						"0.0833": [0, 0, 0],
						"0.125": [0, 0, 0],
						"0.1667": [0, 0, 0],
						"0.2083": [0, 0, 0],
						"0.25": [0, 0, 0],
						"0.2917": [0, 0, 0],
						"0.3333": [0, 0, 0],
						"0.375": [0, 0, 0],
						"0.4167": [0, 0, 0]
					}
				},
				"trigger": {
					"rotation": [12.5, 0, 0]
				},
				"exhaustslide": {
					"position": {
						"0.0": [0, 0, 0],
						"0.0417": [0, 0, 8.11],
						"0.0833": [0, 0, 8.91],
						"0.125": [0, 0, 9],
						"0.1667": [0, 0, 9],
						"0.2083": [0, 0, 8.96],
						"0.25": [0, 0, 8.72],
						"0.2917": [0, 0, 7.81],
						"0.3333": [0, 0, 5.38],
						"0.375": [0, 0, 0],
						"0.4167": [0, 0, -0.5],
						"0.4583": [0, 0, -0.25],
						"0.5": [0, 0, 0]
					}
				},
				"magazine": {
					"rotation": {
						"0.0": [0, 0, 0],
						"0.0417": [-0.33, 0, 0],
						"0.0833": [-0.67, 0, 0],
						"0.125": [-1, 0, 0],
						"0.1667": [0.67, 0, 0],
						"0.2083": [0.13, 0, 0],
						"0.25": [-10.93, 0, 0],
						"0.2917": [-35.07, 0, 0],
						"0.3333": [-46.13, 0, 0],
						"0.3334": [0, 0, 0]
					}
				},
				"leftarm": {
					"scale": 0
				},
				"loaded": {
					"scale": {
						"0.0": [0, 0, 0],
						"0.0417": [0, 0, 0],
						"0.0833": [0, 0, 0],
						"0.125": [0, 0, 0],
						"0.1667": [0, 0, 0],
						"0.2083": [0, 0, 0],
						"0.25": [1, 1, 1]
					}
				},
				"reloading": {
					"scale": 0
				},
				"unloaded": {
					"scale": 0
				},
				"statcheck": {
					"position": [0, 0, 1],
					"scale": {
						"0.0": [1, 1, 1],
						"0.0417": [1, 1, 1],
						"0.0833": [1, 1, 1],
						"0.125": [1, 1, 1],
						"0.1667": [1, 1, 1],
						"0.2083": [1, 1, 1],
						"0.25": [0, 0, 0]
					}
				},
				"muzzle": {
					"rotation": {
						"0.0": [0, 0, 0],
						"0.0417": [0, 0, -360]
					},
					"position": [0, 0, -13],
					"scale": {
						"0.0": [2.75, 2.75, 2.75],
						"0.0417": [0, 0, 0]
					}
				}
			}
		}
	},
	"geckolib_format_version": 2
}