{
  "loader": "forge:separate_transforms",
    "gui_light": "front",
    "base": 
{
  "credit": "Made with Blockbench",
  "parent": "builtin/entity",
  "texture_size": [
    256,
    256
  ],
  "display": {
    "thirdperson_righthand": {
      "translation": [
        -0.75,
        -5,
        2.75
      ],
      "scale": [
        0.25,
        0.25,
        0.25
      ]
    },
    "thirdperson_lefthand": {
      "translation": [
        -0.75,
        -5,
        2.75
      ],
      "scale": [
        0.25,
        0.25,
        0.25
      ]
    },
    "firstperson_righthand": {
      "translation": [
        5,
        -32,
        -7.75
      ]
    },
    "firstperson_lefthand": {
      "translation": [
        5,
        -32,
        -7.75
      ]
    },
    "ground": {
      "rotation": [
        0,
        0,
        90
      ],
      "translation": [
        9.25,
        3.25,
        18.75
      ],
      "scale": [
        0.35,
        0.35,
        0.35
      ]
    },
    "head": {
      "translation": [
        0,
        5.25,
        1.5
      ],
      "scale": [
        0.35,
        0.35,
        0.35
      ]
    },
    "fixed": {
      "rotation": [
        0,
        90,
        0
      ],
      "translation": [
        42,
        -22.25,
        -5.5
      ]
    }
  }
},
"perspectives": {
  "gui": {
    "parent": "item/generated",
    "textures": {
      "layer0": "pointblank:item/atomic_devourer.icon"
    }
  }
}
}