{
"loader": "forge:separate_transforms",
  "gui_light": "front",
  "base": 
{
  "credit": "Made with Blockbench",
  "parent": "builtin/entity",
  "texture_size": [
    256,
    256
  ],
  "display": {
    "thirdperson_righthand": {
      "translation": [
        0,
        -6.25,
        1.5
      ],
      "scale": [
        0.35,
        0.35,
        0.35
      ]
    },
    "thirdperson_lefthand": {
      "translation": [
        0,
        -6.25,
        1.5
      ],
      "scale": [
        0.35,
        0.35,
        0.35
      ]
    },
    "firstperson_righthand": {
      "rotation": [
        0,
        0,
        -8
      ],
      "translation": [
        -3.5,
        -27,
        -4.75
      ]
    },
    "firstperson_lefthand": {
      "rotation": [
        0,
        0,
        -8
      ],
      "translation": [
        -3.5,
        -27,
        -4.75
      ]
    },
    "ground": {
      "rotation": [
        0,
        0,
        90
      ],
      "scale": [
        0.5,
        0.5,
        0.5
      ]
    },
    "gui": {
      "rotation": [
        40.74,
        36.89,
        2.04
      ],
      "translation": [
        3.25,
        -6,
        0
      ],
      "scale": [
        0.22265625,
        0.22265625,
        0.22265625
      ]
    },
    "fixed": {
      "rotation": [
        0,
        90,
        0
      ],
      "translation": [
        0,
        -16.5,
        -3.5
      ]
    }
  }
},
"perspectives": {
  "gui": {
    "parent": "item/generated",
    "textures": {
      "layer0": "pointblank:item/emlr_mk7.icon"
    }
  }
}
}