{
  "credit": "Made with Blockbench",
  "parent": "builtin/entity",
  "texture_size": [
    64,
    64
  ],
  "display": {
    "thirdperson_righthand": {
      "scale": [
        0.3,
        0.3,
        0.3
      ]
    },
    "thirdperson_lefthand": {
      "scale": [
        0.3,
        0.3,
        0.3
      ]
    },
    "firstperson_righthand": {
      "rotation": [
        39.64,
        45.54,
        24.41
      ],
      "translation": [
        -1,
        0.75,
        -1
      ],
      "scale": [
        0.5,
        0.5,
        0.5
      ]
    },
    "firstperson_lefthand": {
      "rotation": [
        134.03,
        -72.59,
        97.28
      ],
      "translation": [
        -1,
        0.75,
        -1
      ],
      "scale": [
        0.5,
        0.5,
        0.5
      ]
    },
    "ground": {
      "rotation": [
        -4.5,
        0,
        -9
      ],
      "translation": [
        -0.25,
        -3.5,
        0.25
      ]
    },
    "gui": {
      "rotation": [
        115.57,
        51.77,
        -33.58
      ],
      "translation": [
        -1.25,
        0,
        0
      ]
    },
    "head": {
      "translation": [
        0,
        5.75,
        0
      ]
    },
    "fixed": {
      "rotation": [
        90,
        -65,
        -180
      ],
      "translation": [
        0,
        0,
        0.5
      ]
    }
  }
}