{
  "loader": "forge:separate_transforms",
    "gui_light": "front",
    "base": {
  "credit": "Made with Blockbench",
  "parent": "builtin/entity",
  "texture_size": [
    256,
    256
  ],
  "display": {
    "thirdperson_righthand": {
      "rotation": [
        9.75,
        0,
        0
      ],
      "translation": [
        -0.5,
        -7.75,
        -7.25
      ],
      "scale": [
        0.4,
        0.4,
        0.4
      ]
    },
    "thirdperson_lefthand": {
      "rotation": [
        9.75,
        0,
        0
      ],
      "translation": [
        -0.5,
        -7.75,
        -7.25
      ],
      "scale": [
        0.4,
        0.4,
        0.4
      ]
    },
    "firstperson_righthand": {
      "rotation": [
        0,
        1.5,
        3.75
      ],
      "translation": [
        3.75,
        -28,
        -26.75
      ]
    },
    "firstperson_lefthand": {
      "rotation": [
        0,
        1.5,
        3.75
      ],
      "translation": [
        3.75,
        -28,
        -26.75
      ]
    },
    "ground": {
      "rotation": [
        0,
        0,
        90
      ],
      "translation": [
        12.75,
        0,
        -2.5
      ],
      "scale": [
        0.5,
        0.5,
        0.5
      ]
    },
    "head": {
      "rotation": [
        0,
        1.75,
        0
      ],
      "translation": [
        0,
        -2,
        0
      ]
    },
    "fixed": {
      "rotation": [
        0,
        90,
        0
      ],
      "translation": [
        -7.5,
        -21.25,
        0
      ]
    }
  }
},
"perspectives": {
  "gui": {
    "parent": "item/generated",
    "textures": {
      "layer0": "pointblank:item/rc2_jqmg.icon"
    }
  }
}
}