{
"loader": "forge:separate_transforms",
  "gui_light": "front",
  "base": 
  {
    "credit": "Made with Blockbench",
    "parent": "builtin/entity",
    "texture_size": [
      256,
      256
    ],
    "display": {
      "thirdperson_righthand": {
        "rotation": [
          17.5,
          0,
          0
        ],
        "translation": [
          0,
          -8,
          0
        ],
        "scale": [
          0.45,
          0.45,
          0.45
        ]
      },
      "thirdperson_lefthand": {
        "rotation": [
          17.5,
          0,
          0
        ],
        "translation": [
          0,
          -8,
          0
        ],
        "scale": [
          0.45,
          0.45,
          0.45
        ]
      },
      "firstperson_righthand": {
        "rotation": [
          0,
          0,
          -2
        ],
        "translation": [
          -1,
          -23,
          -9.5
        ]
      },
      "firstperson_lefthand": {
        "rotation": [
          0,
          0,
          -2
        ],
        "translation": [
          -1,
          -23,
          -9.5
        ]
      },
      "ground": {
        "rotation": [
          0,
          0,
          -90
        ],
        "translation": [
          -10.25,
          0,
          5.25
        ],
        "scale": [
          0.5,
          0.5,
          0.5
        ]
      },
      "gui": {
        "rotation": [
          48.87,
          35.89,
          -45.65
        ],
        "translation": [
          -2,
          -8.5,
          0
        ],
        "scale": [
          0.35,
          0.35,
          0.35
        ]
      },
      "head": {
        "translation": [
          0,
          5.25,
          0
        ],
        "scale": [
          0.25,
          0.25,
          0.25
        ]
      },
      "fixed": {
        "rotation": [
          90,
          -44.25,
          90
        ],
        "translation": [
          5.25,
          -16.25,
          0
        ],
        "scale": [
          0.75,
          0.75,
          0.75
        ]
      }
    }
  },
"perspectives": {
  "gui": {
    "parent": "item/generated",
    "textures": {
      "layer0": "pointblank:item/rc2_qmg.icon"
    }
  }
}
}